/* Auto-generated Chinese font (lv_font_cn_12) - LVGL fmt_txt, bpp=4 */
#include "lvgl.h"

static const uint8_t lv_font_cn_12_glyph_bitmap[] = {
    0xa3, 0xa3, 0xa3, 0xa3, 0xa3, 0xa3, 0x72, 0x00, 0xc5, 0x41, 0xb2, 0x66, 0xa1, 0x65, 0x91, 0x55,
    0x00, 0x90, 0x19, 0x00, 0x09, 0x03, 0x70, 0x00, 0x90, 0x55, 0x08, 0xff, 0xff, 0xf8, 0x02, 0x70,
    0x91, 0x00, 0x55, 0x0a, 0x00, 0xef, 0xff, 0xff, 0x30, 0x91, 0x09, 0x00, 0x0a, 0x03, 0x70, 0x00,
    0x00, 0x2b, 0x00, 0x00, 0x17, 0xc2, 0x00, 0x3c, 0x8d, 0xd6, 0x07, 0x72, 0xb1, 0x10, 0x2c, 0x8b,
    0x00, 0x00, 0x18, 0xd3, 0x00, 0x00, 0x2c, 0xb6, 0x00, 0x02, 0xb0, 0xd1, 0x88, 0x3b, 0x6d, 0x01,
    0xae, 0xfb, 0x30, 0x00, 0x2b, 0x00, 0x00, 0x01, 0x31, 0x02, 0x7b, 0x00, 0x27, 0x4c, 0xfe, 0xc3,
    0x00, 0x91, 0x07, 0x30, 0x50, 0x00, 0xa9, 0x4d, 0x36, 0x00, 0x00, 0x3e, 0xfa, 0x34, 0x00, 0x00,
    0x00, 0x11, 0x70, 0x66, 0x10, 0x00, 0x08, 0x1a, 0x66, 0xa0, 0x00, 0x46, 0x0b, 0x00, 0xb0, 0x01,
    0xa0, 0x0a, 0x66, 0xa0, 0x09, 0x20, 0x01, 0x66, 0x10, 0x00, 0x00, 0x00, 0x00, 0x07, 0xdd, 0x50,
    0x00, 0x0d, 0x02, 0xc0, 0x00, 0x0a, 0x59, 0x70, 0x00, 0x02, 0xf9, 0x00, 0x00, 0x1c, 0x7c, 0x20,
    0x00, 0xa5, 0x03, 0xc4, 0xa0, 0xd0, 0x00, 0x6f, 0x60, 0x99, 0x6a, 0xb5, 0xd2, 0x05, 0x74, 0x00,
    0x23, 0x39, 0x38, 0x28, 0x07, 0x70, 0xc2, 0x1c, 0x04, 0xa0, 0x68, 0x06, 0x70, 0x68, 0x04, 0x90,
    0x3b, 0x00, 0xd0, 0x0a, 0x40, 0x1d, 0x00, 0xa3, 0x06, 0x80, 0x3a, 0x01, 0xc0, 0x0d, 0x01, 0xc0,
    0x3b, 0x04, 0x90, 0x85, 0x0c, 0x10, 0x00, 0xa0, 0x04, 0x88, 0x75, 0x06, 0xf7, 0x04, 0x88, 0x75,
    0x00, 0xa0, 0x00, 0x00, 0x0c, 0x00, 0x00, 0x00, 0xc0, 0x00, 0x5f, 0xff, 0xff, 0x90, 0x00, 0xc0,
    0x00, 0x00, 0x0c, 0x00, 0x00, 0x00, 0xc0, 0x00, 0x08, 0x41, 0x90, 0x9f, 0xf9, 0xb5, 0x42, 0x00,
    0x03, 0xb0, 0x00, 0x85, 0x00, 0x0d, 0x10, 0x04, 0xa0, 0x00, 0x94, 0x00, 0x0d, 0x00, 0x05, 0x80,
    0x00, 0xa3, 0x00, 0x1c, 0x00, 0x06, 0x70, 0x00, 0x00, 0x00, 0x00, 0x00, 0x5b, 0x9a, 0x10, 0x1c,
    0x00, 0x3a, 0x06, 0x60, 0x00, 0xb1, 0x84, 0x00, 0x09, 0x39, 0x30, 0x00, 0x94, 0x84, 0x00, 0x0a,
    0x36, 0x80, 0x00, 0xd1, 0x1d, 0x41, 0x99, 0x00, 0x4d, 0xfa, 0x10, 0x1e, 0xe0, 0x0d, 0x00, 0xd0,
    0x0d, 0x00, 0xd0, 0x0d, 0x00, 0xd0, 0x0d, 0x03, 0xcc, 0xb2, 0x01, 0xc1, 0x04, 0xc0, 0x57, 0x00,
    0x0c, 0x10, 0x00, 0x01, 0xd0, 0x00, 0x00, 0xa5, 0x00, 0x00, 0x88, 0x00, 0x00, 0x79, 0x00, 0x00,
    0x5a, 0x00, 0x00, 0x3f, 0xff, 0xff, 0x30, 0x01, 0x89, 0x40, 0x00, 0xc6, 0x3b, 0x50, 0x26, 0x00,
    0x4a, 0x00, 0x00, 0x2a, 0x70, 0x00, 0x3f, 0xd1, 0x00, 0x00, 0x17, 0xb0, 0x00, 0x00, 0x0b, 0x27,
    0x70, 0x00, 0xd1, 0x2e, 0x75, 0xbb, 0x00, 0x4d, 0xea, 0x10, 0x00, 0x00, 0x44, 0x00, 0x00, 0x1d,
    0x40, 0x00, 0x09, 0xd4, 0x00, 0x05, 0xa9, 0x40, 0x01, 0xc1, 0x94, 0x00, 0xa5, 0x09, 0x40, 0x5e,
    0xde, 0xff, 0x50, 0x00, 0x09, 0x40, 0x00, 0x00, 0x94, 0x00, 0x00, 0xef, 0xfe, 0x00, 0x2b, 0x00,
    0x00, 0x04, 0x80, 0x00, 0x00, 0x7b, 0xa8, 0x10, 0x01, 0x00, 0x4a, 0x00, 0x00, 0x00, 0xc1, 0x33,
    0x00, 0x0d, 0x13, 0xd2, 0x19, 0xb0, 0x05, 0xde, 0xa1, 0x00, 0x00, 0x01, 0xb0, 0x00, 0x00, 0x96,
    0x00, 0x00, 0x4b, 0x00, 0x00, 0x1d, 0x41, 0x00, 0x09, 0xff, 0xe4, 0x01, 0xe5, 0x17, 0xe0, 0x2b,
    0x00, 0x0c, 0x10, 0xb0, 0x00, 0xb0, 0x03, 0x86, 0x82, 0x00, 0x00, 0x00, 0x00, 0x2f, 0xff, 0xfe,
    0x10, 0x00, 0x05, 0x70, 0x00, 0x00, 0xb0, 0x00, 0x00, 0x85, 0x00, 0x00, 0x2b, 0x00, 0x00, 0x0a,
    0x30, 0x00, 0x04, 0x90, 0x00, 0x00, 0xa1, 0x00, 0x00, 0x00, 0x67, 0x40, 0x00, 0xb8, 0x5b, 0x60,
    0x2b, 0x00, 0x1c, 0x01, 0xd2, 0x05, 0x90, 0x05, 0xed, 0xd1, 0x02, 0xc3, 0x16, 0xb0, 0x85, 0x00,
    0x0b, 0x37, 0x60, 0x00, 0xc1, 0x1c, 0x75, 0xa8, 0x00, 0x16, 0x74, 0x00, 0x00, 0x00, 0x00, 0x05,
    0xdf, 0xa1, 0x2e, 0x75, 0xc9, 0x59, 0x00, 0x2d, 0x38, 0x00, 0x1a, 0x07, 0x42, 0xa4, 0x00, 0x17,
    0xa0, 0x00, 0x2d, 0x10, 0x00, 0xb5, 0x00, 0x03, 0x90, 0x00, 0x21, 0xc6, 0x10, 0x00, 0x00, 0x00,
    0xb5, 0x42, 0x02, 0x10, 0xc6, 0x01, 0x00, 0x00, 0x00, 0x00, 0x32, 0x0b, 0x21, 0x90, 0x00, 0x00,
    0x17, 0x80, 0x03, 0x9b, 0x50, 0x3b, 0xa4, 0x00, 0x03, 0xba, 0x30, 0x00, 0x00, 0x39, 0xb5, 0x00,
    0x00, 0x01, 0x88, 0x5f, 0xff, 0xff, 0x90, 0x00, 0x00, 0x00, 0x00, 0x00, 0x00, 0x05, 0xff, 0xff,
    0xf9, 0x59, 0x30, 0x00, 0x00, 0x3a, 0xb4, 0x00, 0x00, 0x02, 0x9c, 0x50, 0x00, 0x28, 0xc5, 0x03,
    0xab, 0x50, 0x05, 0x93, 0x00, 0x00, 0x07, 0xde, 0x70, 0x5b, 0x11, 0xb5, 0x95, 0x00, 0x68, 0x00,
    0x01, 0xd4, 0x00, 0x0c, 0x70, 0x00, 0x5a, 0x00, 0x00, 0x54, 0x00, 0x00, 0x00, 0x00, 0x00, 0x87,
    0x00, 0x00, 0x00, 0x34, 0x20, 0x00, 0x00, 0x48, 0x54, 0x68, 0x20, 0x04, 0x50, 0x00, 0x00, 0x81,
    0x07, 0x05, 0xde, 0x96, 0x16, 0x25, 0x1e, 0x41, 0xc3, 0x07, 0x25, 0x59, 0x00, 0x91, 0x16, 0x17,
    0x39, 0x00, 0xa0, 0x71, 0x07, 0x16, 0x42, 0xb6, 0x20, 0x01, 0x83, 0x00, 0x05, 0x70, 0x00, 0x05,
    0x88, 0x84, 0x00, 0x00, 0x00, 0xa0, 0x00, 0x00, 0x00, 0x5f, 0x40, 0x00, 0x00, 0x0b, 0x5a, 0x00,
    0x00, 0x03, 0xa0, 0xb2, 0x00, 0x00, 0xa3, 0x05, 0x90, 0x00, 0x2f, 0xff, 0xfe, 0x10, 0x09, 0x60,
    0x00, 0x77, 0x01, 0xd0, 0x00, 0x01, 0xd0, 0x77, 0x00, 0x00, 0x08, 0x60, 0xef, 0xea, 0x10, 0xd0,
    0x19, 0x70, 0xd0, 0x2a, 0x50, 0xef, 0xfc, 0x20, 0xd0, 0x15, 0xd0, 0xd0, 0x00, 0xb3, 0xd0, 0x05,
    0xd1, 0xef, 0xfc, 0x40, 0x00, 0x00, 0x23, 0x10, 0x00, 0x00, 0x5c, 0xb9, 0xcb, 0x20, 0x06, 0xc2,
    0x00, 0x04, 0xb0, 0x1d, 0x20, 0x00, 0x00, 0x00, 0x4a, 0x00, 0x00, 0x00, 0x00, 0x59, 0x00, 0x00,
    0x00, 0x00, 0x3b, 0x00, 0x00, 0x00, 0x00, 0x0c, 0x40, 0x00, 0x00, 0x30, 0x03, 0xd7, 0x10, 0x3a,
    0xa0, 0x00, 0x2a, 0xef, 0xc6, 0x00, 0xef, 0xfe, 0xb4, 0x00, 0xc0, 0x02, 0x5d, 0x60, 0xc0, 0x00,
    0x02, 0xd0, 0xc0, 0x00, 0x00, 0xa3, 0xc0, 0x00, 0x00, 0x94, 0xc0, 0x00, 0x01, 0xd1, 0xc0, 0x01,
    0x4c, 0x80, 0xef, 0xfe, 0xc6, 0x00, 0xef, 0xff, 0xfd, 0x00, 0x00, 0xd0, 0x00, 0x0e, 0xff, 0xff,
    0xd0, 0x00, 0x0d, 0x00, 0x00, 0xd0, 0x00, 0x0e, 0xff, 0xff, 0xef, 0xff, 0x5d, 0x00, 0x00, 0xd0,
    0x00, 0x0e, 0xff, 0xf5, 0xd0, 0x00, 0x0d, 0x00, 0x00, 0xd0, 0x00, 0x0d, 0x00, 0x00, 0x00, 0x00,
    0x23, 0x20, 0x00, 0x00, 0x4d, 0xba, 0xcc, 0x40, 0x05, 0xd3, 0x00, 0x03, 0xc2, 0x0d, 0x20, 0x00,
    0x00, 0x00, 0x3b, 0x00, 0x00, 0x00, 0x00, 0x4a, 0x00, 0x00, 0xcf, 0xfd, 0x2d, 0x00, 0x00, 0x00,
    0x3b, 0x0b, 0x70, 0x00, 0x00, 0xa6, 0x02, 0xd8, 0x20, 0x2a, 0xb0, 0x00, 0x19, 0xdf, 0xd8, 0x10,
    0xd0, 0x00, 0x0b, 0x2d, 0x00, 0x00, 0xb2, 0xd0, 0x00, 0x0b, 0x2f, 0xff, 0xff, 0xf2, 0xd0, 0x00,
    0x0b, 0x2d, 0x00, 0x00, 0xb2, 0xd0, 0x00, 0x0b, 0x2d, 0x00, 0x00, 0xb2, 0x1c, 0x1c, 0x1c, 0x1c,
    0x1c, 0x1c, 0x1c, 0x1c, 0x00, 0x02, 0xb0, 0x00, 0x2b, 0x00, 0x02, 0xb0, 0x00, 0x2b, 0x00, 0x02,
    0xb0, 0x00, 0x2b, 0x00, 0x03, 0xb3, 0x61, 0x88, 0x18, 0xca, 0x10, 0xd0, 0x04, 0xc2, 0xd0, 0x6b,
    0x10, 0xd7, 0x90, 0x00, 0xea, 0x00, 0x00, 0xeb, 0x50, 0x00, 0xd1, 0xb5, 0x00, 0xd0, 0x1b, 0x50,
    0xd0, 0x01, 0xb5, 0xd0, 0x00, 0x0d, 0x00, 0x00, 0xd0, 0x00, 0x0d, 0x00, 0x00, 0xd0, 0x00, 0x0d,
    0x00, 0x00, 0xd0, 0x00, 0x0e, 0xff, 0xf4, 0x03, 0x40, 0x00, 0x00, 0x43, 0x00, 0x5c, 0x00, 0x00,
    0x0c, 0x50, 0x07, 0xc5, 0x00, 0x05, 0xc8, 0x00, 0xa3, 0xc0, 0x00, 0xc3, 0xa0, 0x0c, 0x07, 0x60,
    0x67, 0x0c, 0x00, 0xc0, 0x1c, 0x1c, 0x10, 0xc0, 0x2b, 0x00, 0x6c, 0x60, 0x0b, 0x24, 0x80, 0x00,
    0xb0, 0x00, 0x84, 0xa0, 0x00, 0x00, 0xce, 0xa0, 0x00, 0x0c, 0xd8, 0x90, 0x00, 0xcd, 0x09, 0x80,
    0x0c, 0xd0, 0x0a, 0x70, 0xcd, 0x00, 0x0a, 0x6c, 0xd0, 0x00, 0x0b, 0xcd, 0x00, 0x00, 0x19, 0x00,
    0x03, 0x78, 0x50, 0x00, 0x00, 0xab, 0x65, 0x8c, 0x30, 0x08, 0x80, 0x00, 0x03, 0xd1, 0x1d, 0x00,
    0x00, 0x00, 0x77, 0x49, 0x00, 0x00, 0x00, 0x3a, 0x49, 0x00, 0x00, 0x00, 0x3a, 0x1d, 0x00, 0x00,
    0x00, 0x77, 0x08, 0x90, 0x00, 0x03, 0xc1, 0x00, 0x9c, 0x66, 0x9c, 0x30, 0x00, 0x02, 0x67, 0x40,
    0x00, 0xef, 0xfe, 0x80, 0xd0, 0x02, 0xb5, 0xd0, 0x02, 0xb5, 0xef, 0xfd, 0x80, 0xd0, 0x00, 0x00,
    0xd0, 0x00, 0x00, 0xd0, 0x00, 0x00, 0xd0, 0x00, 0x00, 0x00, 0x00, 0x00, 0x00, 0x00, 0x00, 0x3a,
    0xaa, 0xb6, 0x00, 0x04, 0xc2, 0x00, 0x07, 0x90, 0x0c, 0x20, 0x00, 0x00, 0x94, 0x3a, 0x00, 0x00,
    0x00, 0x49, 0x49, 0x00, 0x00, 0x00, 0x2b, 0x3c, 0x00, 0x07, 0x80, 0x59, 0x0c, 0x40, 0x00, 0xb6,
    0xc4, 0x03, 0xe7, 0x11, 0x5f, 0x90, 0x00, 0x2a, 0xee, 0xc7, 0xc2, 0xef, 0xfe, 0x80, 0xd0, 0x01,
    0xa5, 0xd0, 0x01, 0xa5, 0xef, 0xfe, 0x80, 0xd3, 0xc1, 0x00, 0xd0, 0x6a, 0x00, 0xd0, 0x09, 0x70,
    0xd0, 0x00, 0xc4, 0x00, 0x21, 0x00, 0x0b, 0xbd, 0x60, 0x3a, 0x01, 0x70, 0x2c, 0x10, 0x00, 0x07,
    0xc2, 0x00, 0x00, 0x5d, 0x30, 0x00, 0x03, 0xd0, 0x30, 0x00, 0xc2, 0x89, 0x14, 0xd0, 0x09, 0xec,
    0x30, 0xcf, 0xff, 0xe0, 0x0d, 0x00, 0x00, 0xd0, 0x00, 0x0d, 0x00, 0x00, 0xd0, 0x00, 0x0d, 0x00,
    0x00, 0xd0, 0x00, 0x0d, 0x00, 0xd0, 0x00, 0x1c, 0xd0, 0x00, 0x1c, 0xd0, 0x00, 0x1c, 0xd0, 0x00,
    0x1c, 0xd0, 0x00, 0x1c, 0xd0, 0x00, 0x1b, 0xd1, 0x00, 0x3a, 0x89, 0x12, 0xb5, 0x07, 0xbc, 0x60,
    0x68, 0x00, 0x00, 0x2c, 0x0d, 0x10, 0x00, 0x95, 0x07, 0x70, 0x01, 0xc0, 0x01, 0xd0, 0x08, 0x60,
    0x00, 0x86, 0x1d, 0x00, 0x00, 0x1c, 0x77, 0x00, 0x00, 0x09, 0xe1, 0x00, 0x00, 0x02, 0x70, 0x00,
    0x49, 0x00, 0x08, 0x10, 0x01, 0xc0, 0xd0, 0x01, 0xe7, 0x00, 0x67, 0x0a, 0x30, 0x68, 0xc0, 0x0a,
    0x30, 0x68, 0x0c, 0x29, 0x51, 0xc0, 0x01, 0xc4, 0xa0, 0x2b, 0x58, 0x00, 0x0b, 0xb3, 0x00, 0xbb,
    0x40, 0x00, 0x7c, 0x00, 0x05, 0xe0, 0x00, 0x02, 0x60, 0x00, 0x08, 0x00, 0x2c, 0x10, 0x09, 0x60,
    0x69, 0x04, 0xb0, 0x00, 0xb4, 0xc2, 0x00, 0x02, 0xe6, 0x00, 0x00, 0x4e, 0x90, 0x00, 0x1c, 0x2b,
    0x40, 0x09, 0x60, 0x2c, 0x14, 0xb0, 0x00, 0x69, 0x4b, 0x00, 0x09, 0x60, 0x96, 0x04, 0xb0, 0x01,
    0xc2, 0xc2, 0x00, 0x04, 0xe7, 0x00, 0x00, 0x0d, 0x00, 0x00, 0x00, 0xd0, 0x00, 0x00, 0x0d, 0x00,
    0x00, 0x00, 0xd0, 0x00, 0x4f, 0xff, 0xe1, 0x00, 0x05, 0x70, 0x00, 0x0b, 0x10, 0x00, 0x57, 0x00,
    0x00, 0xb1, 0x00, 0x06, 0x60, 0x00, 0x0b, 0x00, 0x00, 0x6f, 0xff, 0xf1, 0x4f, 0xa4, 0x80, 0x48,
    0x04, 0x80, 0x48, 0x04, 0x80, 0x48, 0x04, 0x80, 0x48, 0x04, 0x80, 0x4f, 0xa0, 0x58, 0x00, 0x00,
    0x00, 0xb2, 0x00, 0x00, 0x03, 0xa0, 0x00, 0x00, 0x0a, 0x40, 0x00, 0x00, 0x2b, 0x00, 0x00, 0x00,
    0x85, 0x00, 0x00, 0x01, 0xc0, 0x00, 0x00, 0x06, 0x70, 0x00, 0x00, 0x0c, 0x10, 0x00, 0x00, 0x59,
    0x7f, 0x80, 0x58, 0x05, 0x80, 0x58, 0x05, 0x80, 0x58, 0x05, 0x80, 0x58, 0x05, 0x80, 0x58, 0x7f,
    0x80, 0x00, 0x08, 0x90, 0x00, 0x00, 0x1a, 0xa2, 0x00, 0x00, 0x83, 0x29, 0x00, 0x01, 0xa0, 0x0a,
    0x20, 0x08, 0x30, 0x02, 0x90, 0x1a, 0x00, 0x00, 0xa2, 0xff, 0xff, 0xff, 0x1d, 0x30, 0x02, 0xb0,
    0x00, 0x03, 0x30, 0x10, 0x03, 0xc9, 0x9b, 0x94, 0x1c, 0x20, 0x02, 0xe4, 0x49, 0x00, 0x00, 0x94,
    0x58, 0x00, 0x00, 0x94, 0x1c, 0x00, 0x01, 0xd4, 0x05, 0xb5, 0x5b, 0xb4, 0x00, 0x26, 0x61, 0x21,
    0x0c, 0x00, 0x00, 0x00, 0x0c, 0x00, 0x00, 0x00, 0x0c, 0x29, 0xa7, 0x00, 0x0e, 0xea, 0x8d, 0xb0,
    0x0f, 0x40, 0x00, 0xc5, 0x0d, 0x00, 0x00, 0x58, 0x0c, 0x00, 0x00, 0x47, 0x0e, 0x30, 0x00, 0x91,
    0x0a, 0x55, 0x57, 0x30, 0x00, 0x00, 0x00, 0x00, 0x01, 0x9e, 0xea, 0x20, 0x0a, 0x92, 0x15, 0xc0,
    0x2b, 0x00, 0x00, 0x00, 0x58, 0x00, 0x00, 0x00, 0x3b, 0x00, 0x00, 0x00, 0x0b, 0x92, 0x15, 0xc0,
    0x01, 0x9d, 0xea, 0x20, 0x00, 0x00, 0x00, 0x84, 0x00, 0x00, 0x00, 0x84, 0x00, 0x59, 0xa4, 0x84,
    0x08, 0xe9, 0x9e, 0xc4, 0x2e, 0x20, 0x02, 0xe4, 0x59, 0x00, 0x00, 0x94, 0x38, 0x00, 0x00, 0x84,
    0x09, 0x10, 0x01, 0xc4, 0x01, 0x75, 0x56, 0x73, 0x00, 0x00, 0x00, 0x00, 0x00, 0x26, 0x51, 0x00,
    0x05, 0x82, 0x39, 0x30, 0x1a, 0x00, 0x00, 0xb0, 0x4f, 0xff, 0xff, 0xf1, 0x58, 0x00, 0x00, 0x00,
    0x2c, 0x00, 0x00, 0x50, 0x09, 0x81, 0x29, 0x80, 0x01, 0x9e, 0xe8, 0x00, 0x01, 0x63, 0x09, 0x84,
    0x0b, 0x20, 0x8f, 0xf7, 0x0b, 0x20, 0x0b, 0x20, 0x0b, 0x20, 0x0b, 0x20, 0x0b, 0x20, 0x00, 0x01,
    0x10, 0x00, 0x01, 0xa9, 0x99, 0x84, 0x0b, 0x30, 0x02, 0xe5, 0x39, 0x00, 0x00, 0x85, 0x49, 0x00,
    0x00, 0x85, 0x1d, 0x20, 0x02, 0xe5, 0x04, 0xda, 0xac, 0xa4, 0x13, 0x14, 0x40, 0xa2, 0x0c, 0x61,
    0x16, 0xa0, 0x02, 0xae, 0xe9, 0x10, 0x1b, 0x00, 0x00, 0x01, 0xb0, 0x00, 0x00, 0x1b, 0x28, 0x93,
    0x01, 0xdb, 0x55, 0xd2, 0x1e, 0x10, 0x07, 0x61, 0xc0, 0x00, 0x57, 0x1b, 0x00, 0x05, 0x71, 0xb0,
    0x00, 0x57, 0x1b, 0x00, 0x05, 0x70, 0x25, 0x48, 0x14, 0x39, 0x39, 0x39, 0x39, 0x39, 0x39, 0x25,
    0x38, 0x01, 0x3a, 0x3a, 0x3a, 0x3a, 0x3a, 0x3a, 0x3a, 0x98, 0x41, 0x39, 0x00, 0x00, 0x39, 0x00,
    0x00, 0x39, 0x00, 0x54, 0x39, 0x08, 0x90, 0x3a, 0xa8, 0x00, 0x3f, 0x80, 0x00, 0x3b, 0xc4, 0x00,
    0x39, 0x1b, 0x50, 0x39, 0x01, 0xa6, 0x39, 0x39, 0x39, 0x39, 0x39, 0x39, 0x39, 0x39, 0x39, 0x14,
    0x27, 0x61, 0x06, 0x72, 0x01, 0xdb, 0x58, 0xaa, 0x65, 0xd1, 0x1e, 0x10, 0x0d, 0x50, 0x07, 0x51,
    0xc0, 0x00, 0xb2, 0x00, 0x66, 0x1b, 0x00, 0x0b, 0x10, 0x06, 0x71, 0xb0, 0x00, 0xb1, 0x00, 0x67,
    0x1b, 0x00, 0x0b, 0x10, 0x06, 0x70, 0x14, 0x17, 0x72, 0x01, 0xdb, 0x55, 0xd1, 0x1e, 0x10, 0x07,
    0x61, 0xc0, 0x00, 0x57, 0x1b, 0x00, 0x05, 0x71, 0xb0, 0x00, 0x57, 0x1b, 0x00, 0x05, 0x70, 0x00,
    0x03, 0x20, 0x00, 0x03, 0xca, 0xac, 0x20, 0x1c, 0x20, 0x04, 0xc0, 0x49, 0x00, 0x00, 0xb2, 0x58,
    0x00, 0x00, 0xa3, 0x1c, 0x00, 0x01, 0xc0, 0x06, 0xb5, 0x6c, 0x40, 0x00, 0x26, 0x62, 0x00, 0x18,
    0x46, 0x67, 0x10, 0x1e, 0x40, 0x01, 0xa0, 0x1c, 0x00, 0x00, 0x65, 0x1b, 0x00, 0x00, 0x58, 0x1f,
    0x20, 0x00, 0xa5, 0x1e, 0xd6, 0x5a, 0xc0, 0x1b, 0x4b, 0xd9, 0x10, 0x1b, 0x00, 0x00, 0x00, 0x1b,
    0x00, 0x00, 0x00, 0x00, 0x66, 0x65, 0x63, 0x09, 0x20, 0x03, 0xd4, 0x39, 0x00, 0x00, 0x94, 0x58,
    0x00, 0x00, 0x84, 0x3d, 0x10, 0x01, 0xd4, 0x0a, 0xc5, 0x6c, 0xe4, 0x00, 0x8c, 0xc6, 0x84, 0x00,
    0x00, 0x00, 0x84, 0x00, 0x00, 0x00, 0x84, 0x23, 0x73, 0x6d, 0x61, 0x6a, 0x00, 0x67, 0x00, 0x67,
    0x00, 0x67, 0x00, 0x67, 0x00, 0x1b, 0xc8, 0x05, 0x60, 0x30, 0x3c, 0x20, 0x00, 0x3c, 0x60, 0x00,
    0x0c, 0x15, 0x31, 0xc0, 0x2c, 0xe5, 0x00, 0x06, 0x70, 0x06, 0x70, 0x06, 0x70, 0x8f, 0xfb, 0x06,
    0x70, 0x06, 0x70, 0x06, 0x70, 0x06, 0x70, 0x06, 0x70, 0x03, 0xe7, 0x39, 0x00, 0x07, 0x63, 0x90,
    0x00, 0x76, 0x39, 0x00, 0x07, 0x63, 0xa0, 0x00, 0x76, 0x1b, 0x00, 0x0b, 0x60, 0xb7, 0x4a, 0xb6,
    0x01, 0x68, 0x32, 0x20, 0x76, 0x00, 0x0c, 0x11, 0xc0, 0x04, 0x90, 0x07, 0x60, 0xb2, 0x00, 0x1c,
    0x49, 0x00, 0x00, 0x7e, 0x20, 0x00, 0x01, 0x90, 0x00, 0xb2, 0x00, 0x54, 0x00, 0x2a, 0x48, 0x00,
    0xcb, 0x00, 0x93, 0x0c, 0x14, 0x9a, 0x31, 0xb0, 0x06, 0x7b, 0x23, 0xa8, 0x50, 0x00, 0xc9, 0x00,
    0xac, 0x00, 0x00, 0x72, 0x00, 0x46, 0x00, 0x5a, 0x01, 0xc2, 0x09, 0x69, 0x50, 0x01, 0xd9, 0x00,
    0x02, 0xcc, 0x10, 0x0c, 0x26, 0x90, 0x96, 0x00, 0xa5, 0x85, 0x00, 0x0c, 0x12, 0xb0, 0x03, 0xa0,
    0x0a, 0x30, 0xa3, 0x00, 0x49, 0x1c, 0x00, 0x00, 0xc8, 0x60, 0x00, 0x06, 0xe0, 0x00, 0x00, 0x58,
    0x00, 0x00, 0x0b, 0x20, 0x00, 0x02, 0xa0, 0x00, 0x00, 0x9f, 0xff, 0xb0, 0x00, 0x09, 0x10, 0x00,
    0x64, 0x00, 0x03, 0x80, 0x00, 0x1a, 0x00, 0x00, 0x9f, 0xff, 0xe0, 0x01, 0xbb, 0x04, 0xb0, 0x05,
    0xa0, 0x06, 0x90, 0x0a, 0x50, 0x8c, 0x00, 0x1a, 0x60, 0x06, 0x90, 0x05, 0xa0, 0x04, 0xc0, 0x00,
    0xbc, 0x94, 0x94, 0x94, 0x94, 0x94, 0x94, 0x94, 0x94, 0x94, 0x94, 0x94, 0x94, 0x8d, 0x20, 0x08,
    0x70, 0x06, 0x80, 0x06, 0x90, 0x02, 0xc1, 0x00, 0x9b, 0x03, 0xd1, 0x06, 0x90, 0x06, 0x80, 0x09,
    0x70, 0x9d, 0x20, 0x2c, 0xd8, 0x21, 0x42, 0x21, 0x6c, 0xc4, 0x00, 0x45, 0x00, 0x01, 0xdd, 0x10,
    0x09, 0xff, 0x80, 0x3e, 0xff, 0xe2, 0x00, 0x66, 0x00, 0x00, 0x66, 0x00, 0x00, 0x66, 0x00, 0x00,
    0x66, 0x00, 0x00, 0x66, 0x00, 0x00, 0x66, 0x00, 0x00, 0x66, 0x00, 0x00, 0x00, 0x00, 0x06, 0x50,
    0x00, 0x00, 0x00, 0x00, 0x07, 0xfb, 0x20, 0x7f, 0xff, 0xff, 0xff, 0xff, 0xe2, 0x00, 0x00, 0x00,
    0x07, 0xfb, 0x20, 0x00, 0x00, 0x00, 0x06, 0x60, 0x00, 0x00, 0x57, 0x00, 0x00, 0x57, 0x00, 0x00,
    0x57, 0x00, 0x00, 0x57, 0x00, 0x00, 0x57, 0x00, 0x00, 0x57, 0x00, 0x00, 0x57, 0x00, 0x2e, 0xef,
    0xe4, 0x07, 0xff, 0xa0, 0x00, 0xde, 0x10, 0x00, 0x45, 0x00, 0x09, 0x30, 0x00, 0x00, 0x00, 0x00,
    0x7f, 0xc4, 0x00, 0x00, 0x00, 0x01, 0xef, 0x30, 0x00, 0x00, 0x00, 0x06, 0x4a, 0x10, 0x00, 0x00,
    0x00, 0x00, 0x2a, 0x10, 0x00, 0x00, 0x00, 0x00, 0x2a, 0x10, 0x00, 0x00, 0x00, 0x00, 0x2a, 0x10,
    0x00, 0x00, 0x00, 0x00, 0x2a, 0x10, 0x00, 0x00, 0x00, 0x00, 0x2a, 0x10, 0x00, 0x00, 0x00, 0x00,
    0x19, 0x00, 0x00, 0x00, 0x00, 0x04, 0x90, 0x00, 0x00, 0x00, 0x04, 0xcf, 0x60, 0x00, 0x00, 0x00,
    0x03, 0xfd, 0x00, 0x00, 0x00, 0x00, 0x1a, 0x45, 0x00, 0x00, 0x00, 0x01, 0xa1, 0x00, 0x00, 0x00,
    0x00, 0x1a, 0x10, 0x00, 0x00, 0x00, 0x01, 0xa1, 0x00, 0x00, 0x00, 0x00, 0x1a, 0x10, 0x00, 0x00,
    0x00, 0x02, 0xa1, 0x00, 0x00, 0x00, 0x00, 0x09, 0x10, 0x00, 0x00, 0x00, 0x00, 0x91, 0x00, 0x00,
    0x00, 0x00, 0x02, 0xa1, 0x00, 0x00, 0x00, 0x00, 0x01, 0xa1, 0x00, 0x00, 0x00, 0x00, 0x01, 0xa1,
    0x00, 0x00, 0x00, 0x00, 0x01, 0xa2, 0x00, 0x00, 0x00, 0x00, 0x01, 0xa2, 0x00, 0x00, 0x00, 0x00,
    0x01, 0xa4, 0x60, 0x00, 0x00, 0x00, 0x03, 0xfd, 0x00, 0x00, 0x00, 0x00, 0x4c, 0xf6, 0x00, 0x00,
    0x00, 0x00, 0x04, 0x90, 0x00, 0x00, 0x00, 0x00, 0x01, 0x90, 0x00, 0x00, 0x00, 0x02, 0xa1, 0x00,
    0x00, 0x00, 0x02, 0xa1, 0x00, 0x00, 0x00, 0x02, 0xa1, 0x00, 0x00, 0x00, 0x02, 0xa1, 0x00, 0x00,
    0x00, 0x02, 0xa1, 0x00, 0x00, 0x00, 0x64, 0x91, 0x00, 0x00, 0x00, 0x1e, 0xf3, 0x00, 0x00, 0x00,
    0x07, 0xfc, 0x40, 0x00, 0x00, 0x00, 0x94, 0x00, 0x00, 0x00, 0x00, 0x00, 0x00, 0x63, 0x00, 0x00,
    0x00, 0x01, 0xec, 0x00, 0x00, 0x00, 0x09, 0xff, 0x70, 0x00, 0x00, 0x3f, 0xff, 0xe2, 0x00, 0x00,
    0xbf, 0xff, 0xfa, 0x00, 0x05, 0xff, 0xff, 0xff, 0x50, 0x1e, 0xff, 0xff, 0xff, 0xd1, 0x8f, 0xff,
    0xff, 0xff, 0xf8, 0x49, 0x20, 0x00, 0x00, 0x00, 0x5f, 0xfa, 0x30, 0x00, 0x00, 0x5f, 0xff, 0xfb,
    0x40, 0x00, 0x5f, 0xff, 0xff, 0xfc, 0x50, 0x5f, 0xff, 0xff, 0xfc, 0x50, 0x5f, 0xff, 0xfb, 0x40,
    0x00, 0x5f, 0xfa, 0x30, 0x00, 0x00, 0x49, 0x20, 0x00, 0x00, 0x00, 0xaf, 0xff, 0xff, 0xff, 0xfa,
    0x2f, 0xff, 0xff, 0xff, 0xf3, 0x0a, 0xff, 0xff, 0xff, 0xa0, 0x03, 0xff, 0xff, 0xff, 0x30, 0x00,
    0xaf, 0xff, 0xfa, 0x00, 0x00, 0x3f, 0xff, 0xf3, 0x00, 0x00, 0x0b, 0xff, 0xb0, 0x00, 0x00, 0x03,
    0xff, 0x30, 0x00, 0x00, 0x00, 0xbb, 0x00, 0x00, 0x00, 0x00, 0x44, 0x00, 0x00, 0x00, 0x00, 0x00,
    0x03, 0xa3, 0x00, 0x00, 0x04, 0xbf, 0xf3, 0x00, 0x05, 0xcf, 0xff, 0xf3, 0x06, 0xdf, 0xff, 0xff,
    0xf3, 0x06, 0xdf, 0xff, 0xff, 0xf3, 0x00, 0x05, 0xcf, 0xff, 0xf3, 0x00, 0x00, 0x04, 0xbf, 0xf3,
    0x00, 0x00, 0x00, 0x03, 0xa3, 0xff, 0xff, 0xff, 0x2d, 0x00, 0x00, 0xb2, 0xd0, 0x00, 0x0b, 0x2d,
    0x00, 0x00, 0xb2, 0xd0, 0x00, 0x0b, 0x2d, 0x00, 0x00, 0xb2, 0xd8, 0xe0, 0x0b, 0x2d, 0x8e, 0x00,
    0xb2, 0xff, 0xff, 0xff, 0x20, 0xff, 0xff, 0xff, 0x2d, 0x00, 0x00, 0xb2, 0xd0, 0x00, 0x0b, 0x2d,
    0x00, 0x00, 0xb2, 0xd0, 0x00, 0x0b, 0x2d, 0x00, 0x00, 0xb2, 0xd8, 0xe0, 0x0b, 0x2d, 0x8e, 0x00,
    0xb2, 0xff, 0xff, 0xff, 0x20, 0xff, 0xff, 0xff, 0x2d, 0x00, 0x00, 0xb2, 0xd0, 0x00, 0x0b, 0x2d,
    0x00, 0x00, 0xb2, 0xd0, 0x00, 0x0b, 0x2d, 0x00, 0x00, 0xb2, 0xd8, 0xe0, 0x0b, 0x2d, 0x8e, 0x00,
    0xb2, 0xff, 0xff, 0xff, 0x20, 0x06, 0xbd, 0xef, 0xff, 0xeb, 0x50, 0x04, 0xff, 0xff, 0xff, 0xff,
    0x30, 0x00, 0x00, 0x00, 0x00, 0x00, 0x00, 0x00, 0x00, 0x00, 0x00, 0x00, 0x00, 0x00, 0x7f, 0xff,
    0xff, 0xf8, 0x00, 0x00, 0x00, 0x00, 0x00, 0x00, 0x00, 0x00, 0x00, 0x00, 0x00, 0x00, 0x00, 0x01,
    0x00, 0x00, 0x00, 0x00, 0x10, 0x4f, 0xff, 0xff, 0xff, 0xff, 0xf4, 0x00, 0x00, 0x0b, 0x20, 0x00,
    0x00, 0x00, 0x00, 0x0b, 0x10, 0x00, 0x00, 0x00, 0x00, 0x0b, 0x10, 0x00, 0x00, 0x00, 0x00, 0x0b,
    0x10, 0x01, 0x00, 0x00, 0x00, 0x0b, 0xff, 0xff, 0x40, 0x00, 0x00, 0x0b, 0x10, 0x00, 0x00, 0x00,
    0x00, 0x0b, 0x10, 0x00, 0x00, 0x00, 0x00, 0x0b, 0x10, 0x00, 0x00, 0x00, 0x00, 0x0b, 0x10, 0x00,
    0x00, 0x01, 0x00, 0x0b, 0x10, 0x00, 0x10, 0x04, 0x9d, 0xff, 0xff, 0xfb, 0x50, 0xff, 0xff, 0xff,
    0xff, 0xff, 0x11, 0x00, 0xa1, 0x00, 0x11, 0x00, 0x00, 0xa1, 0x00, 0x00, 0x00, 0x00, 0xa1, 0xa2,
    0x00, 0x00, 0x00, 0xa1, 0x1b, 0x30, 0x00, 0x00, 0xa1, 0x01, 0xc3, 0x00, 0x00, 0xa1, 0x00, 0x22,
    0x00, 0x00, 0xa1, 0x00, 0x00, 0x00, 0x00, 0xa1, 0x00, 0x00, 0x00, 0x00, 0xb2, 0x00, 0x00, 0x0f,
    0xff, 0xff, 0xff, 0xff, 0xf5, 0x01, 0x00, 0x03, 0xa0, 0x00, 0x10, 0x00, 0x00, 0x0b, 0x70, 0x00,
    0x00, 0x00, 0x00, 0xa9, 0x77, 0x50, 0x00, 0x00, 0x2b, 0x64, 0x71, 0xb6, 0x00, 0x17, 0xd4, 0x04,
    0x70, 0x0b, 0x60, 0x18, 0x10, 0x04, 0x70, 0x01, 0xc1, 0x00, 0x00, 0x04, 0x70, 0x00, 0x00, 0x00,
    0x00, 0x04, 0x70, 0x00, 0x00, 0x00, 0x00, 0x05, 0x80, 0x00, 0x00, 0x00, 0x0c, 0x20, 0x00, 0x00,
    0x00, 0x00, 0x0c, 0x00, 0x00, 0x00, 0x10, 0x00, 0x0e, 0xff, 0xff, 0xff, 0xf2, 0x00, 0x0c, 0x00,
    0x00, 0x01, 0x20, 0x00, 0x2b, 0x37, 0xbe, 0xff, 0x70, 0x00, 0x01, 0x00, 0x00, 0x06, 0x60, 0x01,
    0x00, 0x00, 0x01, 0x17, 0x50, 0x2f, 0xff, 0xff, 0xff, 0x88, 0x40, 0x01, 0x00, 0x00, 0x01, 0x1b,
    0x20, 0x00, 0x00, 0x00, 0x00, 0x5c, 0x00, 0x00, 0x00, 0x00, 0xbc, 0x81, 0x00, 0x00, 0x00, 0x09,
    0x40, 0x00, 0x00, 0x01, 0x00, 0x1c, 0x00, 0x00, 0x10, 0x0f, 0xff, 0xff, 0xff, 0xff, 0xf2, 0x01,
    0x01, 0x91, 0xb0, 0x00, 0x10, 0x00, 0x17, 0x00, 0xb0, 0x00, 0x00, 0x00, 0xdf, 0xff, 0xff, 0xff,
    0x60, 0x00, 0x21, 0x00, 0xb0, 0x01, 0x10, 0x00, 0x0a, 0x40, 0xb1, 0x80, 0x00, 0x00, 0x96, 0x00,
    0xb0, 0x5b, 0x20, 0x2b, 0x60, 0x00, 0xb0, 0x03, 0xc2, 0x03, 0x00, 0x5d, 0x80, 0x00, 0x20, 0x03,
    0xee, 0xee, 0xfe, 0xdc, 0x20, 0x00, 0x10, 0x05, 0x60, 0x01, 0x00, 0x03, 0xff, 0xff, 0xff, 0xff,
    0x30, 0x00, 0x10, 0x05, 0x60, 0x01, 0x00, 0x01, 0x00, 0x05, 0x60, 0x00, 0x10, 0x5f, 0xff, 0xff,
    0xff, 0xff, 0xf4, 0x01, 0x00, 0x58, 0x04, 0x20, 0x10, 0x00, 0x05, 0x80, 0x02, 0xb2, 0x00, 0x01,
    0x79, 0x33, 0x45, 0x8d, 0x10, 0x00, 0x98, 0x76, 0x54, 0x46, 0x70, 0x00, 0x00, 0x67, 0x00, 0x00,
    0x00, 0x00, 0x57, 0x00, 0x11, 0x5c, 0xef, 0xff, 0xff, 0xf6, 0x66, 0x00, 0x57, 0x00, 0x66, 0x66,
    0x00, 0x57, 0x00, 0x66, 0x66, 0x00, 0x57, 0x00, 0x66, 0x6f, 0xff, 0xff, 0xff, 0xf6, 0x66, 0x00,
    0x57, 0x00, 0x66, 0x00, 0x00, 0x57, 0x00, 0x00, 0x00, 0x00, 0x67, 0x00, 0x00, 0x00, 0x00, 0x67,
    0x00, 0x00, 0x00, 0xa0, 0x08, 0x40, 0x00, 0x70, 0xb0, 0x1b, 0x00, 0x01, 0xb0, 0xb0, 0x6f, 0xff,
    0xfe, 0xb0, 0xb2, 0xd1, 0x61, 0x01, 0xb0, 0xb9, 0x40, 0x3b, 0x50, 0xb0, 0xb0, 0x00, 0x00, 0x40,
    0xb0, 0xb0, 0xff, 0xff, 0xf8, 0xb0, 0xb0, 0xb0, 0x82, 0x38, 0x40, 0xb0, 0xb0, 0x82, 0x38, 0x00,
    0xb0, 0xef, 0xff, 0xf8, 0x00, 0xb0, 0xb0, 0x00, 0x29, 0x00, 0x00, 0x00, 0x00, 0x00, 0x00, 0x00,
    0x75, 0x00, 0x00, 0x00, 0x01, 0x10, 0x0a, 0x50, 0x01, 0x10, 0x09, 0xff, 0xff, 0xff, 0xff, 0x70,
    0x01, 0x10, 0x06, 0x60, 0x01, 0x10, 0x00, 0x00, 0x06, 0x60, 0x00, 0x00, 0x00, 0x11, 0x06, 0x60,
    0x11, 0x00, 0x00, 0xaf, 0xff, 0xff, 0xf8, 0x00, 0x00, 0x11, 0x06, 0x60, 0x11, 0x00, 0x00, 0x00,
    0x06, 0x60, 0x00, 0x00, 0x01, 0x00, 0x06, 0x60, 0x00, 0x10, 0x1f, 0xff, 0xff, 0xff, 0xff, 0xf1,
    0x01, 0xff, 0xff, 0xed, 0xc8, 0x00, 0x00, 0x00, 0x06, 0x50, 0x00, 0x00, 0x1f, 0xff, 0xff, 0xff,
    0xff, 0xf3, 0x00, 0x04, 0x46, 0x56, 0x33, 0x10, 0x09, 0xff, 0x46, 0x58, 0x98, 0x20, 0x01, 0x39,
    0x47, 0x58, 0x21, 0x80, 0x0a, 0x67, 0xbe, 0xeb, 0xff, 0x90, 0x00, 0x4b, 0x86, 0x69, 0xb4, 0x00,
    0x3c, 0x92, 0x06, 0x50, 0x29, 0xd4, 0x02, 0x00, 0x07, 0x50, 0x00, 0x10, 0x06, 0xff, 0xff, 0xff,
    0xff, 0x20, 0x00, 0x00, 0x00, 0x00, 0x00, 0x00, 0x00, 0x00, 0x00, 0x00, 0x00, 0x00, 0x00, 0x00,
    0x00, 0x00, 0x00, 0x00, 0x00, 0x00, 0x00, 0x00, 0x00, 0x00, 0x00, 0x00, 0x00, 0x00, 0x00, 0x00,
    0x01, 0x00, 0x00, 0x00, 0x00, 0x10, 0x3f, 0xff, 0xff, 0xff, 0xff, 0xf3, 0x00, 0xff, 0xff, 0xff,
    0xff, 0x20, 0x00, 0x00, 0x03, 0x90, 0x00, 0x00, 0x00, 0x00, 0x03, 0x90, 0x00, 0x00, 0x01, 0x10,
    0x03, 0x90, 0x01, 0x10, 0x3f, 0xff, 0xff, 0xff, 0xff, 0xf3, 0x01, 0x10, 0x03, 0x90, 0x01, 0x10,
    0x00, 0x00, 0x03, 0x90, 0x00, 0x00, 0x00, 0x00, 0x03, 0x90, 0x00, 0x00, 0x00, 0x00, 0x04, 0x90,
    0x00, 0x00, 0x00, 0x00, 0xac, 0x40, 0x00, 0x00, 0x06, 0xff, 0xff, 0xff, 0xff, 0x30, 0x00, 0x10,
    0x2a, 0x00, 0x01, 0x00, 0x00, 0x00, 0x57, 0x00, 0x00, 0x00, 0x00, 0x8f, 0xff, 0xff, 0xf5, 0x00,
    0x00, 0x11, 0x92, 0x00, 0x64, 0x00, 0x00, 0x00, 0xb0, 0x00, 0x73, 0x00, 0x00, 0x00, 0xb0, 0x00,
    0x83, 0x00, 0x01, 0x01, 0xa0, 0x00, 0x92, 0x10, 0x2f, 0xff, 0xff, 0xff, 0xff, 0xf2, 0x01, 0x00,
    0x19, 0x20, 0x01, 0x10, 0x0d, 0xff, 0xff, 0xff, 0xff, 0xa0, 0x01, 0x6f, 0xff, 0xff, 0xf1, 0x10,
    0x00, 0x46, 0x00, 0x00, 0xa0, 0x00, 0x00, 0x5f, 0xff, 0xff, 0xf0, 0x00, 0x0f, 0xff, 0xff, 0xff,
    0xff, 0xb0, 0x0b, 0x00, 0x00, 0x00, 0x00, 0xb0, 0x0b, 0x08, 0xff, 0xff, 0x10, 0x40, 0x00, 0x09,
    0x20, 0x0a, 0x10, 0x00, 0x00, 0x2b, 0x00, 0x0a, 0x11, 0xa0, 0x06, 0x81, 0x00, 0x08, 0xff, 0xa0,
    0x00, 0x00, 0x00, 0x00, 0x00, 0x00, 0x00, 0x00, 0x06, 0x70, 0x00, 0x00, 0x00, 0x00, 0x0c, 0xa1,
    0x00, 0x00, 0x00, 0x00, 0x86, 0x29, 0x00, 0x00, 0x00, 0x06, 0x93, 0x04, 0x90, 0x00, 0x01, 0x99,
    0x08, 0x60, 0x4b, 0x40, 0x3d, 0x61, 0x00, 0x70, 0x02, 0xb3, 0x01, 0x5f, 0xff, 0xfe, 0xb3, 0x00,
    0x00, 0x00, 0x00, 0x00, 0xc2, 0x00, 0x00, 0x00, 0x00, 0x05, 0x90, 0x00, 0x00, 0x00, 0x00, 0x1c,
    0x10, 0x00, 0x00, 0x00, 0x01, 0xb5, 0x00, 0x00, 0x00, 0x00, 0x07, 0x70, 0x00, 0x00, 0x00, 0x0b,
    0x10, 0x06, 0x40, 0x00, 0x00, 0x58, 0x0a, 0x18, 0x40, 0x00, 0x00, 0xc1, 0x1c, 0x28, 0x40, 0x10,
    0x06, 0xf0, 0x6f, 0xff, 0xff, 0xc0, 0x3c, 0xa1, 0xc2, 0x07, 0x40, 0x10, 0x12, 0xa1, 0x20, 0x07,
    0x40, 0x01, 0x00, 0xa4, 0xff, 0xff, 0xff, 0xf9, 0x00, 0xa1, 0x10, 0x07, 0x40, 0x11, 0x00, 0xa0,
    0x00, 0x07, 0x40, 0x00, 0x00, 0xb0, 0x00, 0x08, 0x40, 0x00, 0x00, 0xb0, 0x00, 0x09, 0x50, 0x00,
    0x00, 0x0b, 0x10, 0x0c, 0x00, 0x00, 0x00, 0x57, 0x00, 0x0b, 0x00, 0x00, 0x00, 0xc1, 0x10, 0x0b,
    0x00, 0x10, 0x07, 0xd3, 0xff, 0xff, 0xff, 0xf3, 0x4a, 0xb0, 0x11, 0xab, 0x90, 0x10, 0x31, 0xb0,
    0x05, 0x5b, 0x73, 0x00, 0x00, 0xb0, 0x0a, 0x0b, 0x1a, 0x00, 0x00, 0xb0, 0x94, 0x0b, 0x05, 0x90,
    0x00, 0xb8, 0x80, 0x0b, 0x00, 0x87, 0x00, 0xb1, 0x00, 0x0b, 0x00, 0x00, 0x00, 0xc0, 0x00, 0x0c,
    0x00, 0x00, 0x00, 0x0b, 0x10, 0x46, 0x00, 0x00, 0x00, 0x38, 0x10, 0x0b, 0x00, 0x10, 0x00, 0xa2,
    0xcf, 0xff, 0xff, 0xf0, 0x04, 0xf0, 0x11, 0x00, 0x02, 0x10, 0x2c, 0xb0, 0x15, 0x00, 0x0c, 0x20,
    0x23, 0xa0, 0x0b, 0x00, 0x1a, 0x00, 0x00, 0xa0, 0x06, 0x50, 0x55, 0x00, 0x00, 0xa0, 0x01, 0xb0,
    0x91, 0x00, 0x00, 0xa1, 0x10, 0xb2, 0x90, 0x01, 0x00, 0xa6, 0xff, 0xff, 0xff, 0xf9, 0x00, 0xb1,
    0x10, 0x00, 0x00, 0x11, 0x00, 0x1a, 0x00, 0x01, 0x37, 0x20, 0x00, 0x66, 0xaf, 0xff, 0xb7, 0x30,
    0x00, 0xb0, 0x91, 0x06, 0x50, 0x00, 0x03, 0xe0, 0x91, 0x06, 0x50, 0x00, 0x0b, 0xc0, 0x91, 0x05,
    0x50, 0x00, 0x58, 0xb0, 0x9f, 0xff, 0xff, 0xf2, 0x00, 0xb0, 0x91, 0x03, 0x70, 0x00, 0x00, 0xb0,
    0x91, 0x01, 0xa0, 0x00, 0x00, 0xb0, 0x91, 0x20, 0xb1, 0x00, 0x00, 0xb0, 0x94, 0xca, 0x67, 0x23,
    0x00, 0xc0, 0xab, 0x14, 0x7b, 0xb5, 0x00, 0x80, 0x51, 0x00, 0x01, 0x50, 0x00, 0x00, 0x08, 0x50,
    0x00, 0x00, 0x00, 0x00, 0x5a, 0x91, 0x00, 0x00, 0x00, 0x06, 0xa0, 0x1a, 0x50, 0x00, 0x03, 0xb8,
    0x00, 0x00, 0x7b, 0x50, 0x1a, 0x3f, 0xff, 0xff, 0xf2, 0xa2, 0x00, 0x10, 0x05, 0x70, 0x11, 0x00,
    0x03, 0xff, 0xff, 0xff, 0xff, 0x20, 0x00, 0x15, 0x05, 0x71, 0x21, 0x00, 0x00, 0x67, 0x05, 0x71,
    0x98, 0x00, 0x09, 0x80, 0x05, 0x70, 0x05, 0xa0, 0x02, 0x00, 0x8c, 0x40, 0x00, 0x00, 0x00, 0x57,
    0x00, 0x02, 0x00, 0x00, 0x00, 0x93, 0x10, 0x0b, 0x00, 0x01, 0x01, 0xc7, 0xff, 0xff, 0xff, 0xf9,
    0x07, 0xd1, 0x7d, 0xef, 0xed, 0x81, 0x2b, 0xb0, 0x91, 0x0a, 0x00, 0xb0, 0x33, 0xb0, 0x91, 0x0a,
    0x00, 0xb0, 0x00, 0xb0, 0x9f, 0xff, 0xff, 0xb0, 0x00, 0xb0, 0x25, 0x0b, 0x01, 0x10, 0x00, 0xb0,
    0x06, 0xa7, 0x00, 0x00, 0x00, 0xb0, 0x16, 0x88, 0x62, 0x00, 0x00, 0xc5, 0xa4, 0x00, 0x38, 0xb3,
    0x00, 0x0b, 0x11, 0x00, 0x00, 0x10, 0x00, 0x58, 0x2f, 0xff, 0xff, 0x90, 0x00, 0xd1, 0x28, 0x00,
    0x02, 0x80, 0x08, 0xe0, 0x28, 0x00, 0x02, 0x80, 0x5a, 0xa0, 0x3f, 0xff, 0xff, 0x90, 0x10, 0xa0,
    0x10, 0x0a, 0x00, 0x11, 0x00, 0xa3, 0xff, 0xff, 0xff, 0xf7, 0x00, 0xa0, 0x00, 0x9a, 0x72, 0x00,
    0x00, 0xa0, 0x09, 0x3a, 0x1b, 0x10, 0x00, 0xb2, 0xa4, 0x0a, 0x02, 0xc4, 0x00, 0xc3, 0x30, 0x0b,
    0x10, 0x21, 0x00, 0x2b, 0x00, 0x85, 0x00, 0x00, 0x00, 0x75, 0x00, 0x09, 0x20, 0x00, 0x01, 0xd5,
    0xff, 0xff, 0xff, 0xf9, 0x08, 0xe0, 0x00, 0x00, 0x00, 0x00, 0x3c, 0xb0, 0x2f, 0xff, 0xff, 0x60,
    0x01, 0xb0, 0x2f, 0xff, 0xff, 0x60, 0x00, 0xb0, 0x00, 0x00, 0x00, 0x00, 0x00, 0xb0, 0x4f, 0xff,
    0xff, 0x70, 0x00, 0xb0, 0x46, 0x00, 0x04, 0x70, 0x00, 0xb0, 0x4f, 0xff, 0xff, 0x70, 0x00, 0xc0,
    0x45, 0x00, 0x03, 0x50, 0x00, 0x29, 0x00, 0x09, 0x10, 0x00, 0x00, 0x75, 0x10, 0x0b, 0x00, 0x10,
    0x00, 0xc1, 0xff, 0xff, 0xff, 0xf1, 0x07, 0xd0, 0x7f, 0xff, 0xff, 0x50, 0x3b, 0xb0, 0x56, 0x00,
    0x07, 0x40, 0x12, 0xb0, 0x5f, 0xff, 0xff, 0x40, 0x00, 0xb0, 0x56, 0x00, 0x07, 0x40, 0x00, 0xb0,
    0x5f, 0xff, 0xff, 0x40, 0x00, 0xb0, 0x5f, 0xff, 0xff, 0x40, 0x00, 0xb0, 0x56, 0x00, 0x07, 0x40,
    0x00, 0xc8, 0xff, 0xff, 0xff, 0xfa, 0x00, 0x01, 0x10, 0x00, 0x00, 0x11, 0x00, 0x09, 0x40, 0x1a,
    0x00, 0x00, 0x00, 0x1a, 0x6f, 0xff, 0xff, 0xd0, 0x00, 0x84, 0x55, 0x00, 0x00, 0xa0, 0x02, 0xf4,
    0x55, 0x00, 0x00, 0xa0, 0x1d, 0xd4, 0x6f, 0xff, 0xff, 0xc0, 0x16, 0x74, 0x8f, 0xff, 0xff, 0xf5,
    0x00, 0x74, 0xba, 0x19, 0x46, 0x55, 0x00, 0x76, 0xad, 0xff, 0xff, 0xf5, 0x00, 0x79, 0x4a, 0x19,
    0x46, 0x55, 0x00, 0x84, 0x0a, 0x19, 0x46, 0x55, 0x00, 0x84, 0x0a, 0x15, 0x26, 0xc2, 0x00, 0x1a,
    0x10, 0x38, 0x00, 0x11, 0x00, 0x78, 0xff, 0xff, 0xff, 0xf7, 0x01, 0xc0, 0x11, 0x00, 0x00, 0x11,
    0x08, 0xd0, 0x0f, 0xff, 0xff, 0x10, 0x3a, 0xb0, 0x0f, 0xff, 0xff, 0x10, 0x01, 0xb5, 0xff, 0xff,
    0xff, 0xf8, 0x00, 0xb5, 0x51, 0x00, 0x00, 0x28, 0x00, 0xb2, 0x2e, 0xff, 0xff, 0x61, 0x00, 0xb0,
    0x01, 0x07, 0x40, 0x00, 0x00, 0xb0, 0x00, 0x07, 0x40, 0x00, 0x00, 0xc0, 0x00, 0xad, 0x20, 0x00,
    0x00, 0x38, 0x00, 0x17, 0x51, 0x10, 0x00, 0x86, 0x40, 0xcf, 0xf9, 0xc1, 0x00, 0xa0, 0xa3, 0x16,
    0x57, 0x40, 0x07, 0xa0, 0x14, 0x16, 0x79, 0x11, 0x4b, 0xae, 0xe8, 0xff, 0xff, 0xf9, 0x02, 0xa1,
    0xa1, 0x18, 0x50, 0x21, 0x00, 0xa0, 0xa4, 0xbf, 0xff, 0xa0, 0x00, 0xa0, 0xa4, 0x65, 0x01, 0xa0,
    0x00, 0xa0, 0xa6, 0x6f, 0xff, 0xa0, 0x01, 0xa0, 0xd8, 0x65, 0x01, 0xa0, 0x02, 0xa1, 0x50, 0x6f,
    0xff, 0xb0, 0x00, 0x00, 0x1b, 0x00, 0x00, 0x00, 0x01, 0x00, 0x08, 0x50, 0x00, 0x10, 0x4f, 0xff,
    0xff, 0xff, 0xff, 0xf3, 0x01, 0x10, 0x86, 0x07, 0x31, 0x10, 0x00, 0x19, 0x50, 0x01, 0xb2, 0x00,
    0x04, 0xec, 0xcd, 0xdb, 0x9b, 0x10, 0x00, 0x02, 0xa2, 0x66, 0x04, 0x10, 0x00, 0x04, 0x80, 0x56,
    0x00, 0x00, 0x00, 0x09, 0x40, 0x56, 0x00, 0x20, 0x01, 0x7d, 0x00, 0x58, 0x01, 0xc3, 0x1c, 0xa2,
    0x00, 0x2d, 0xff, 0xa0, 0x00, 0x00, 0x06, 0x70, 0x00, 0x00, 0x01, 0x10, 0x05, 0x50, 0x00, 0x10,
    0x0d, 0xff, 0xff, 0xff, 0xff, 0xd0, 0x01, 0x10, 0x06, 0x40, 0x01, 0x10, 0x00, 0x93, 0x36, 0x9b,
    0xea, 0x00, 0x00, 0x82, 0x00, 0x00, 0x0a, 0x00, 0x00, 0x9f, 0xff, 0xff, 0xfa, 0x00, 0x00, 0x00,
    0xa0, 0x29, 0x00, 0x00, 0x00, 0x02, 0xa0, 0x29, 0x00, 0x41, 0x00, 0x4b, 0x20, 0x2b, 0x34, 0xc0,
    0x0a, 0x81, 0x00, 0x05, 0x66, 0x20, 0x00, 0x00, 0x2c, 0x00, 0x00, 0x00, 0x00, 0x00, 0x08, 0x30,
    0x00, 0x00, 0x00, 0x00, 0x09, 0x80, 0x00, 0x00, 0x00, 0x00, 0x0a, 0xa0, 0x00, 0x00, 0x00, 0x00,
    0x47, 0x54, 0x00, 0x00, 0x00, 0x00, 0xa1, 0x0a, 0x00, 0x00, 0x00, 0x05, 0x70, 0x05, 0x60, 0x00,
    0x00, 0x3b, 0x00, 0x00, 0xa3, 0x00, 0x03, 0xb1, 0x00, 0x00, 0x1c, 0x50, 0x0b, 0x20, 0x00, 0x00,
    0x01, 0x91, 0x00, 0x00, 0x06, 0x70, 0x00, 0x00, 0x00, 0x00, 0x2c, 0xb3, 0x00, 0x00, 0x00, 0x02,
    0xa2, 0x1b, 0x60, 0x00, 0x00, 0x68, 0x00, 0x00, 0x6b, 0x61, 0x4c, 0x8f, 0xff, 0xff, 0xf7, 0x73,
    0x01, 0x00, 0x05, 0x60, 0x00, 0x00, 0x00, 0x00, 0x05, 0x60, 0x00, 0x00, 0x00, 0x5f, 0xff, 0xff,
    0xf5, 0x00, 0x00, 0x00, 0x05, 0x60, 0x00, 0x00, 0x01, 0x00, 0x05, 0x60, 0x00, 0x10, 0x0b, 0xff,
    0xff, 0xff, 0xff, 0xb0, 0x00, 0x00, 0x39, 0x00, 0x00, 0x00, 0x00, 0x00, 0x0a, 0x50, 0x00, 0x00,
    0x00, 0x00, 0x01, 0x70, 0x00, 0x00, 0x01, 0x00, 0x00, 0x00, 0x00, 0x00, 0x1f, 0xff, 0xff, 0xff,
    0xff, 0xf1, 0x00, 0x00, 0x81, 0x00, 0x00, 0x00, 0x00, 0x05, 0xa0, 0x0a, 0x30, 0x00, 0x00, 0x0c,
    0x20, 0x02, 0xc1, 0x00, 0x00, 0x78, 0x00, 0x00, 0x69, 0x00, 0x04, 0xc1, 0x00, 0x00, 0x0b, 0x40,
    0x0a, 0x30, 0x00, 0x00, 0x03, 0x90, 0x00, 0x51, 0x00, 0x67, 0x00, 0x11, 0x4a, 0x02, 0xa1, 0x10,
    0x6f, 0xff, 0xff, 0xff, 0xf4, 0x11, 0x00, 0x83, 0x01, 0x10, 0x00, 0x00, 0x83, 0x00, 0x00, 0x10,
    0x00, 0x92, 0x00, 0x01, 0xff, 0xff, 0xff, 0xff, 0xfd, 0x10, 0x01, 0x88, 0x00, 0x11, 0x00, 0x08,
    0x22, 0x80, 0x00, 0x04, 0xa3, 0x00, 0x3b, 0x72, 0x99, 0x10, 0x00, 0x01, 0x69, 0x00, 0x00, 0x58,
    0x00, 0x00, 0x00, 0x00, 0x47, 0x00, 0x00, 0x7f, 0xff, 0xff, 0xff, 0xf8, 0x75, 0x00, 0x65, 0x00,
    0x48, 0x75, 0x00, 0x88, 0x00, 0x48, 0x75, 0x01, 0xa5, 0x80, 0x48, 0x75, 0x09, 0x30, 0x77, 0x48,
    0x75, 0xa6, 0x00, 0x0b, 0x68, 0x77, 0x50, 0x00, 0x00, 0x48, 0x75, 0x00, 0x00, 0x00, 0x57, 0x85,
    0x00, 0x00, 0x4e, 0xd3, 0x03, 0xff, 0xf3, 0x9f, 0xff, 0x40, 0x03, 0x80, 0x82, 0x82, 0x08, 0x30,
    0x03, 0x80, 0x82, 0x82, 0x08, 0x30, 0x03, 0x80, 0x82, 0x82, 0x08, 0x30, 0x8f, 0xff, 0xff, 0xff,
    0xff, 0xf8, 0x03, 0x70, 0x82, 0x82, 0x08, 0x30, 0x04, 0x60, 0x82, 0x91, 0x08, 0x30, 0x07, 0x40,
    0x82, 0xb0, 0x08, 0x30, 0x0c, 0x03, 0xa3, 0xa0, 0x08, 0x30, 0x36, 0x08, 0x67, 0x50, 0xac, 0x10,
    0x7f, 0xff, 0xff, 0xff, 0xfa, 0x74, 0x75, 0x00, 0x00, 0x2a, 0x00, 0x8f, 0xff, 0xff, 0x40, 0x00,
    0x82, 0x00, 0x00, 0x00, 0x00, 0x92, 0x00, 0x00, 0x10, 0x00, 0xaf, 0xff, 0xff, 0xf5, 0x11, 0x00,
    0x00, 0x10, 0x74, 0xaf, 0xff, 0xff, 0xe0, 0x84, 0x11, 0x00, 0x00, 0x10, 0xb2, 0x00, 0x00, 0x01,
    0xcd, 0x90, 0x00, 0x00, 0x04, 0x75, 0x20, 0x00, 0x29, 0x00, 0x08, 0x12, 0xb0, 0x00, 0x07, 0xa0,
    0x3f, 0xff, 0xff, 0xe0, 0x00, 0x61, 0xc9, 0x05, 0x70, 0x00, 0x00, 0x09, 0x89, 0x05, 0x70, 0x00,
    0x00, 0x01, 0x2f, 0xff, 0xff, 0x90, 0x00, 0x75, 0x29, 0x05, 0x70, 0x00, 0x01, 0xb0, 0x2f, 0xff,
    0xff, 0x90, 0x0a, 0x20, 0x29, 0x05, 0x70, 0x00, 0x14, 0x00, 0x2f, 0xff, 0xff, 0xf5, 0x00, 0x00,
    0x39, 0x00, 0x00, 0x00, 0x00, 0x00, 0x00, 0x09, 0x63, 0x00, 0x13, 0x01, 0x00, 0x08, 0x39, 0x20,
    0x1b, 0x29, 0xff, 0xff, 0xff, 0xd0, 0x02, 0x88, 0x30, 0x06, 0x40, 0x10, 0x00, 0x07, 0xaf, 0xfa,
    0x46, 0x40, 0x00, 0x47, 0x8f, 0xf9, 0x59, 0x10, 0x02, 0xa7, 0x65, 0x46, 0x79, 0x00, 0x09, 0x39,
    0x65, 0x44, 0xb8, 0x00, 0x59, 0x0a, 0x4f, 0xf5, 0xc3, 0x00, 0x01, 0x2a, 0x33, 0x2a, 0x98, 0x13,
    0x01, 0xc3, 0x00, 0xa6, 0x09, 0xa7, 0x00, 0x20, 0x00, 0x00, 0x00, 0x51, 0x00, 0x00, 0x76, 0x00,
    0x00, 0x38, 0x00, 0x75, 0x00, 0xb1, 0x28, 0x00, 0x75, 0x00, 0xb0, 0x28, 0x00, 0x75, 0x00, 0xb0,
    0x3f, 0xff, 0xff, 0xff, 0xf0, 0x01, 0x10, 0x75, 0x01, 0x10, 0x61, 0x00, 0x75, 0x00, 0x25, 0xb0,
    0x00, 0x75, 0x00, 0x38, 0xb0, 0x00, 0x75, 0x00, 0x38, 0xb8, 0x88, 0xba, 0x88, 0x98, 0x44, 0x33,
    0x33, 0x33, 0x59, 0x00, 0x00, 0xa3, 0x0a, 0x00, 0x00, 0x00, 0x02, 0xb0, 0x08, 0x40, 0x00, 0x00,
    0x09, 0x30, 0x02, 0xa0, 0x00, 0x00, 0x39, 0x00, 0x00, 0x86, 0x00, 0x01, 0xc2, 0x00, 0x00, 0x1c,
    0x50, 0x1c, 0x9f, 0xff, 0xff, 0xf5, 0xb2, 0x04, 0x00, 0x91, 0x00, 0x73, 0x00, 0x00, 0x00, 0xa0,
    0x00, 0x92, 0x00, 0x00, 0x02, 0x80, 0x00, 0xa1, 0x00, 0x00, 0x29, 0x10, 0x01, 0xc0, 0x00, 0x06,
    0x81, 0x00, 0xcd, 0x70, 0x00, 0x00, 0x49, 0x00, 0x00, 0x00, 0x00, 0x00, 0x38, 0x06, 0xff, 0xff,
    0xf3, 0x00, 0x38, 0x23, 0x08, 0x30, 0x83, 0x2a, 0xbc, 0x84, 0x08, 0x30, 0x82, 0x00, 0x38, 0x00,
    0x08, 0x20, 0x92, 0x00, 0x38, 0x00, 0x0a, 0x10, 0x92, 0x00, 0x38, 0x08, 0x0b, 0x00, 0x92, 0x00,
    0x48, 0x95, 0x29, 0x00, 0x92, 0x00, 0x7d, 0x30, 0x94, 0x00, 0xa1, 0x00, 0x22, 0x07, 0x90, 0x25,
    0xc0, 0x00, 0x00, 0x59, 0x00, 0x27, 0x20, 0x01, 0x00, 0x00, 0x10, 0x00, 0xd0, 0x0d, 0xff, 0xff,
    0xf5, 0x30, 0xb0, 0x01, 0x09, 0x00, 0x12, 0xa0, 0xb0, 0x00, 0x1e, 0xff, 0xb1, 0xa0, 0xb0, 0x00,
    0x73, 0x02, 0x81, 0xa0, 0xb0, 0x02, 0xa6, 0x06, 0x41, 0xa0, 0xb0, 0x0a, 0x14, 0xaa, 0x01, 0xa0,
    0xb0, 0x00, 0x00, 0x57, 0x02, 0xb0, 0xb0, 0x00, 0x02, 0xa1, 0x00, 0x00, 0xb0, 0x00, 0x6b, 0x10,
    0x00, 0x00, 0xb0, 0x08, 0x81, 0x00, 0x00, 0x4d, 0x70, 0x00, 0x00, 0x00, 0x00, 0x00, 0x83, 0x05,
    0xff, 0x3d, 0xfd, 0x24, 0x82, 0x05, 0x57, 0x3a, 0x0a, 0x37, 0x82, 0x04, 0x57, 0x3a, 0x0a, 0x37,
    0x82, 0x05, 0x57, 0x3a, 0x0a, 0x37, 0x82, 0x4f, 0xff, 0xff, 0xff, 0xb7, 0x82, 0x05, 0x57, 0x3a,
    0x0a, 0x37, 0x82, 0x05, 0x47, 0x3a, 0x0a, 0x37, 0x82, 0x07, 0x37, 0x3a, 0x0a, 0x00, 0x82, 0x0a,
    0x07, 0x49, 0x0a, 0x00, 0x82, 0x39, 0x4b, 0x86, 0x6b, 0x09, 0xa0, 0x01, 0x22, 0x01, 0x41, 0x00,
    0x00, 0x01, 0x05, 0x50, 0x11, 0x00, 0x91, 0x0e, 0xff, 0xff, 0xfa, 0x10, 0xb0, 0x02, 0x50, 0x09,
    0x31, 0xc0, 0xb0, 0x00, 0x6a, 0xa5, 0x00, 0xb0, 0xb0, 0x00, 0x5b, 0x6b, 0x60, 0xb0, 0xb0, 0x1b,
    0x71, 0x00, 0x64, 0xb0, 0xb0, 0x00, 0x57, 0x0a, 0x30, 0xb0, 0xb0, 0x00, 0x55, 0x09, 0x20, 0xc0,
    0xb0, 0x00, 0x83, 0x09, 0x20, 0x00, 0xb0, 0x02, 0xb0, 0x09, 0x20, 0x00, 0xb0, 0x09, 0x30, 0x07,
    0x20, 0x2d, 0xa0, 0x00, 0x08, 0x20, 0x00, 0xb1, 0x00, 0x11, 0x01, 0x80, 0x08, 0x40, 0x11, 0x5f,
    0xff, 0xff, 0xff, 0xff, 0xf5, 0x16, 0xff, 0xfc, 0x01, 0x08, 0x31, 0x05, 0x60, 0x0b, 0x0c, 0x09,
    0x10, 0x05, 0xff, 0xfc, 0x0b, 0x09, 0x10, 0x05, 0x60, 0x0b, 0x0b, 0x09, 0x10, 0x05, 0xff, 0xfc,
    0x0b, 0x09, 0x10, 0x05, 0x60, 0x0b, 0x07, 0x09, 0x10, 0x05, 0x60, 0x0b, 0x00, 0x09, 0x10, 0x06,
    0x60, 0xb8, 0x01, 0xcb, 0x00, 0x00, 0x00, 0x13, 0x61, 0x00, 0xa2, 0x03, 0xed, 0xe7, 0x53, 0x12,
    0xa1, 0x00, 0x00, 0xa0, 0x00, 0x56, 0xa1, 0x1f, 0xff, 0xff, 0xff, 0xa6, 0xa1, 0x00, 0x27, 0xa5,
    0x57, 0x56, 0xa1, 0x0e, 0xf7, 0xa5, 0x53, 0x56, 0xa1, 0x28, 0x67, 0xa4, 0xab, 0x66, 0xa1, 0x00,
    0x18, 0xc9, 0x20, 0x45, 0xa1, 0x01, 0x84, 0xa1, 0xb4, 0x00, 0xa1, 0x1c, 0x40, 0xa0, 0x15, 0x00,
    0xa1, 0x01, 0x00, 0xc0, 0x00, 0x1c, 0xa0, 0x00, 0x00, 0x85, 0x00, 0x00, 0x00, 0x00, 0x84, 0x00,
    0x00, 0x01, 0x00, 0x83, 0x00, 0x01, 0x0f, 0xff, 0xff, 0xff, 0xf9, 0x00, 0x00, 0x92, 0x00, 0x29,
    0x00, 0x00, 0xb0, 0x00, 0x28, 0x00, 0x00, 0xb0, 0x00, 0x37, 0x00, 0x06, 0x60, 0x00, 0x47, 0x00,
    0x2b, 0x00, 0x00, 0x56, 0x04, 0xc2, 0x00, 0x44, 0xb4, 0x3b, 0x20, 0x00, 0x48, 0x50, 0x00, 0x00,
    0x00, 0x07, 0x60, 0x00, 0x01, 0x00, 0x01, 0x07, 0x50, 0x00, 0x1f, 0xff, 0xf8, 0x07, 0x50, 0x00,
    0x01, 0x1a, 0x16, 0xff, 0xff, 0xf4, 0x00, 0x1a, 0x00, 0x08, 0x30, 0x83, 0x00, 0x1a, 0x00, 0x09,
    0x20, 0x92, 0x00, 0x1a, 0x00, 0x0b, 0x00, 0xa1, 0x00, 0x1c, 0x99, 0x1a, 0x00, 0xb0, 0x1d, 0xa6,
    0x20, 0x94, 0x00, 0xb0, 0x00, 0x00, 0x08, 0x90, 0x37, 0xb0, 0x00, 0x00, 0x69, 0x00, 0x26, 0x10,
    0x00, 0x0a, 0x30, 0x00, 0x00, 0x00, 0x00, 0x09, 0x20, 0x00, 0x00, 0x00, 0x09, 0xff, 0xff, 0x8a,
    0xff, 0xf0, 0x01, 0x09, 0x23, 0x79, 0x10, 0xa0, 0x00, 0x0a, 0x14, 0x79, 0x10, 0xa0, 0x00, 0x0a,
    0x04, 0x69, 0x10, 0xa0, 0x00, 0x0a, 0x05, 0x69, 0x10, 0xa0, 0x00, 0x19, 0x05, 0x59, 0x10, 0xa0,
    0x00, 0x74, 0x06, 0x59, 0x10, 0xa0, 0x02, 0xb0, 0x3b, 0x39, 0xff, 0xf0, 0x0a, 0x20, 0x86, 0x0a,
    0x10, 0xa1, 0x00, 0x00, 0x00, 0x01, 0x00, 0x00, 0x01, 0x00, 0x01, 0x00, 0xd0, 0x00, 0x09, 0xff,
    0xfc, 0x00, 0xb0, 0x00, 0x01, 0x00, 0x01, 0x10, 0xb0, 0x10, 0x01, 0x00, 0x01, 0xef, 0xff, 0xf3,
    0x3f, 0xff, 0xff, 0x30, 0xa0, 0x83, 0x01, 0x65, 0x41, 0x00, 0xa0, 0x92, 0x00, 0xb0, 0x93, 0x02,
    0x90, 0x92, 0x04, 0x70, 0x1a, 0x05, 0x50, 0xa1, 0x1d, 0xaa, 0x9b, 0x3b, 0x10, 0xa1, 0x03, 0x00,
    0x01, 0x87, 0x23, 0xc0, 0x00, 0x00, 0x05, 0x90, 0x4a, 0x40, 0x00, 0x03, 0x90, 0x82, 0x00, 0x00,
    0x00, 0x0a, 0x30, 0xa1, 0x00, 0x00, 0x00, 0x49, 0x00, 0xa1, 0x01, 0x60, 0x01, 0xd6, 0x00, 0xa1,
    0x0a, 0x80, 0x1b, 0x86, 0x00, 0xa1, 0x96, 0x00, 0x24, 0x56, 0x00, 0xab, 0x50, 0x00, 0x00, 0x56,
    0x04, 0xe4, 0x00, 0x00, 0x00, 0x57, 0xaa, 0xb1, 0x00, 0x00, 0x00, 0x56, 0x30, 0xa1, 0x00, 0x32,
    0x00, 0x56, 0x00, 0xa3, 0x01, 0xa5, 0x00, 0x66, 0x00, 0x6e, 0xfe, 0xa0, 0x00, 0x01, 0xc0, 0x2b,
    0x00, 0x00, 0x00, 0x00, 0xb0, 0x1a, 0x00, 0x00, 0x00, 0x00, 0xb0, 0x1a, 0x06, 0xc1, 0x3f, 0xff,
    0xb0, 0x1c, 0x85, 0x10, 0x00, 0x00, 0xb0, 0x1a, 0x00, 0x00, 0x00, 0x00, 0xb0, 0x1a, 0x00, 0x00,
    0x00, 0x03, 0xb0, 0x1a, 0x00, 0x00, 0x03, 0x97, 0xb0, 0x1a, 0x00, 0x00, 0x3a, 0x20, 0xb0, 0x1b,
    0x10, 0x85, 0x00, 0x01, 0xc0, 0x0c, 0xff, 0xc2, 0x00, 0x00, 0x38, 0x32, 0xb0, 0x00, 0x06, 0xab,
    0xc4, 0x11, 0xa0, 0x00, 0x02, 0x12, 0x90, 0x01, 0xa0, 0x00, 0x00, 0x02, 0x90, 0x01, 0xa0, 0x00,
    0x01, 0x02, 0x90, 0x01, 0xa0, 0x10, 0x4f, 0xff, 0xff, 0xff, 0xff, 0xf4, 0x01, 0x03, 0x80, 0x01,
    0xa0, 0x10, 0x00, 0x05, 0x60, 0x01, 0xa0, 0x00, 0x00, 0x0b, 0x10, 0x01, 0xa0, 0x00, 0x01, 0x97,
    0x00, 0x01, 0xa0, 0x00, 0x0b, 0x60, 0x00, 0x01, 0xa0, 0x00, 0x00, 0x00, 0x00, 0x01, 0x70, 0x00,
    0x00, 0x07, 0x30, 0x00, 0x00, 0x00, 0x00, 0x0d, 0xff, 0xff, 0xff, 0x00, 0x00, 0x73, 0x02, 0xa0,
    0x00, 0x00, 0x05, 0x80, 0x02, 0xa0, 0x00, 0x00, 0x07, 0x10, 0x02, 0xa0, 0x00, 0x00, 0x01, 0x10,
    0x02, 0xa0, 0x01, 0x10, 0x1f, 0xff, 0xff, 0xff, 0xff, 0xf1, 0x01, 0x10, 0x02, 0xa0, 0x01, 0x10,
    0x00, 0x00, 0x02, 0xa0, 0x00, 0x00, 0x00, 0x00, 0x02, 0xa0, 0x00, 0x00, 0x00, 0x00, 0x03, 0xb0,
    0x00, 0x00, 0x00, 0x1b, 0x20, 0x03, 0xa0, 0x00, 0x00, 0x02, 0xb1, 0x2b, 0x10, 0x00, 0x02, 0xef,
    0xff, 0xff, 0xfe, 0x10, 0x02, 0x90, 0x06, 0x50, 0x0a, 0x10, 0x02, 0xff, 0xff, 0xff, 0xff, 0x10,
    0x02, 0x90, 0x06, 0x50, 0x0a, 0x10, 0x02, 0xde, 0xff, 0xff, 0xed, 0x10, 0x01, 0x00, 0x06, 0x50,
    0x00, 0x10, 0x6f, 0xff, 0xff, 0xff, 0xff, 0xf6, 0x11, 0x00, 0x06, 0x50, 0x00, 0x11, 0x00, 0x00,
    0x07, 0x60, 0x00, 0x00, 0x00, 0x00, 0x05, 0x70, 0x00, 0x00, 0x4f, 0xff, 0xff, 0xff, 0xff, 0xf4,
    0x01, 0x10, 0x06, 0x50, 0x01, 0x10, 0x02, 0x41, 0x07, 0x40, 0x13, 0x30, 0x05, 0xff, 0xff, 0xff,
    0xff, 0x70, 0x04, 0x61, 0x83, 0x65, 0x14, 0x70, 0x04, 0x6a, 0xff, 0xff, 0xb4, 0x70, 0x04, 0x72,
    0x15, 0x51, 0x25, 0x70, 0x04, 0x8f, 0xff, 0xff, 0xf7, 0x70, 0x05, 0x71, 0x05, 0x50, 0x15, 0x70,
    0x06, 0x60, 0x06, 0x60, 0x38, 0x60, 0x00, 0x00, 0x00, 0x00, 0x77, 0x10, 0x00, 0x00, 0x3a, 0x00,
    0x00, 0x00, 0x00, 0x00, 0x28, 0x00, 0x11, 0x00, 0x00, 0x00, 0x2f, 0xff, 0xfb, 0x00, 0x01, 0x00,
    0x28, 0x00, 0x11, 0x10, 0x4f, 0xff, 0xff, 0xff, 0xff, 0xf4, 0x01, 0x10, 0x19, 0x00, 0x01, 0x10,
    0x00, 0x00, 0x19, 0x86, 0x00, 0x00, 0x00, 0x00, 0x19, 0x07, 0x90, 0x00, 0x00, 0x00, 0x19, 0x00,
    0x59, 0x00, 0x00, 0x00, 0x1a, 0x00, 0x00, 0x00, 0x00, 0x00, 0x2a, 0x00, 0x00, 0x00, 0x00, 0x00,
    0x00, 0x10, 0x00, 0x8f, 0xff, 0xf2, 0xef, 0xfd, 0x74, 0x00, 0x91, 0xb0, 0x0b, 0x7f, 0xff, 0xf1,
    0xb0, 0x0b, 0x74, 0x00, 0x91, 0xb0, 0x0b, 0x7f, 0xff, 0xf2, 0xb0, 0x0b, 0x74, 0x00, 0x00, 0xb0,
    0x0b, 0x74, 0x0a, 0x30, 0xb0, 0x0b, 0x84, 0x4a, 0xc2, 0xb2, 0x8b, 0xcc, 0x61, 0x36, 0xb1, 0x51,
    0x20, 0x00, 0x00, 0xc0, 0x00, 0x00, 0xdf, 0xff, 0xff, 0xff, 0xf3, 0x00, 0xc0, 0x00, 0x00, 0x00,
    0x00, 0x00, 0xc0, 0x00, 0x00, 0x00, 0x00, 0x00, 0xb0, 0x00, 0x00, 0x00, 0x00, 0x00, 0xb0, 0x00,
    0x00, 0x00, 0x00, 0x00, 0xc0, 0x00, 0x00, 0x00, 0x00, 0x00, 0xc0, 0x00, 0x00, 0x00, 0x00, 0x02,
    0xa0, 0x00, 0x00, 0x00, 0x00, 0x07, 0x60, 0x00, 0x00, 0x00, 0x00, 0x1c, 0x10, 0x00, 0x00, 0x00,
    0x00, 0x01, 0xff, 0xff, 0xff, 0xff, 0xf2, 0x00, 0xb0, 0x00, 0xc3, 0x00, 0x00, 0x00, 0xb1, 0x00,
    0xb0, 0x00, 0x10, 0x00, 0xb7, 0xff, 0xff, 0xff, 0x80, 0x00, 0xb1, 0x10, 0xb0, 0x04, 0x70, 0x01,
    0xa0, 0x00, 0xb0, 0x05, 0x60, 0x02, 0x90, 0x04, 0x70, 0x06, 0x50, 0x04, 0x70, 0x0b, 0x20, 0x07,
    0x40, 0x09, 0x30, 0x97, 0x05, 0x6c, 0x10, 0x0b, 0x05, 0x90, 0x06, 0x62, 0x00, 0x01, 0xff, 0xff,
    0xff, 0xff, 0xf4, 0x01, 0xb0, 0x00, 0x53, 0x00, 0x00, 0x00, 0xb0, 0x00, 0x84, 0x00, 0x00, 0x01,
    0xb1, 0x10, 0x84, 0x01, 0x00, 0x01, 0xa6, 0xff, 0xff, 0xff, 0x30, 0x02, 0xa1, 0x10, 0x84, 0x42,
    0x00, 0x03, 0x80, 0x00, 0x84, 0x68, 0x00, 0x06, 0x50, 0x00, 0x84, 0x09, 0x20, 0x0a, 0x69, 0x41,
    0x84, 0x14, 0x95, 0x2a, 0x59, 0x52, 0x01, 0x25, 0x95, 0x00, 0xef, 0xff, 0xff, 0xff, 0xf0, 0x00,
    0xb0, 0x01, 0x90, 0x00, 0x00, 0x00, 0xb3, 0xff, 0xff, 0xff, 0x30, 0x00, 0xb2, 0xff, 0xff, 0xff,
    0x30, 0x00, 0xb2, 0x90, 0x00, 0x0a, 0x30, 0x00, 0xb3, 0xff, 0xff, 0xff, 0x30, 0x01, 0xa0, 0x41,
    0x57, 0x31, 0x00, 0x05, 0x72, 0xb1, 0x57, 0x5b, 0x20, 0x0b, 0x5c, 0x20, 0x57, 0x02, 0xc2, 0x28,
    0x02, 0x08, 0xc4, 0x00, 0x10, 0x00, 0x00, 0x2b, 0x10, 0x00, 0x00, 0x00, 0x03, 0xb2, 0x0b, 0x30,
    0x00, 0x00, 0x7e, 0x88, 0x88, 0xd4, 0x00, 0x00, 0x32, 0x2a, 0x00, 0x06, 0x00, 0x1f, 0xff, 0xff,
    0xff, 0xff, 0xf1, 0x00, 0x18, 0x73, 0xb6, 0x81, 0x00, 0x3a, 0xa6, 0x98, 0x19, 0x49, 0xa3, 0x02,
    0x06, 0x14, 0xb4, 0x55, 0x21, 0x00, 0x19, 0xb6, 0x17, 0x91, 0x00, 0x00, 0x03, 0x27, 0xb5, 0x00,
    0x00, 0x00, 0x8b, 0x94, 0x00, 0x00, 0x00, 0x2f, 0xff, 0xf8, 0xff, 0xff, 0x80, 0x00, 0x00, 0xb0,
    0xa0, 0x05, 0x60, 0x07, 0x00, 0xb0, 0x82, 0x07, 0x30, 0x04, 0xa1, 0x90, 0x55, 0x0a, 0x00, 0x00,
    0x7b, 0x60, 0x1b, 0x19, 0x00, 0x00, 0x0d, 0x50, 0x0a, 0xb4, 0x00, 0x00, 0x49, 0xc1, 0x04, 0xe1,
    0x00, 0x02, 0xb0, 0x58, 0x3c, 0x7b, 0x10, 0x4c, 0x20, 0x07, 0xc2, 0x06, 0xc3, 0x12, 0x00, 0x89,
    0x10, 0x00, 0x43, 0x00, 0x25, 0x06, 0x71, 0x10, 0x00, 0x00, 0x66, 0x09, 0x33, 0xb2, 0x00, 0x00,
    0xa1, 0x0b, 0x00, 0x37, 0x10, 0x03, 0xff, 0xff, 0xff, 0xff, 0xf1, 0x00, 0x00, 0x74, 0x00, 0x00,
    0x10, 0x00, 0x01, 0xdf, 0xff, 0xfd, 0x00, 0x00, 0x09, 0x72, 0x00, 0x55, 0x00, 0x00, 0x86, 0x07,
    0x12, 0x80, 0x00, 0x1b, 0x70, 0x01, 0xbb, 0x00, 0x00, 0x03, 0x01, 0x6c, 0x67, 0xc7, 0x30, 0x00,
    0x3c, 0x71, 0x00, 0x17, 0xa1, 0x4f, 0xff, 0xff, 0xcf, 0xff, 0xa0, 0x05, 0x50, 0x47, 0x36, 0x03,
    0x80, 0x05, 0xff, 0xf7, 0x18, 0x05, 0x40, 0x05, 0x50, 0x47, 0x09, 0x08, 0x10, 0x05, 0xff, 0xf7,
    0x09, 0x09, 0x00, 0x05, 0x50, 0x47, 0x05, 0xa6, 0x00, 0x05, 0x63, 0x8a, 0x71, 0xf3, 0x00, 0x4c,
    0xc9, 0x98, 0x0a, 0x7c, 0x30, 0x11, 0x00, 0x48, 0xb5, 0x03, 0xd3, 0x00, 0x00, 0x58, 0x30, 0x00,
    0x10, 0x00, 0x00, 0x04, 0x90, 0x00, 0x00, 0x00, 0x21, 0x03, 0x80, 0x01, 0x00, 0x01, 0xff, 0xff,
    0xff, 0xff, 0x40, 0x01, 0xb0, 0x03, 0x80, 0x08, 0x30, 0x01, 0xb0, 0x03, 0x80, 0x08, 0x30, 0x01,
    0xff, 0xff, 0xff, 0xff, 0x40, 0x00, 0x31, 0x05, 0x60, 0x11, 0x10, 0x00, 0x4a, 0x18, 0x20, 0x00,
    0x00, 0x00, 0x02, 0xbc, 0x10, 0x00, 0x00, 0x01, 0x49, 0x73, 0x9a, 0x86, 0x52, 0x2d, 0x82, 0x00,
    0x00, 0x36, 0x81, 0x00, 0x00, 0x0a, 0x40, 0x00, 0x00, 0x01, 0x00, 0x0c, 0x00, 0x00, 0x10, 0x0d,
    0xff, 0xff, 0xff, 0xff, 0xf4, 0x01, 0x10, 0x74, 0x00, 0x00, 0x10, 0x00, 0x00, 0xa0, 0x00, 0x00,
    0x00, 0x00, 0x06, 0xff, 0xff, 0xfe, 0x00, 0x00, 0x2e, 0x60, 0x00, 0x0b, 0x00, 0x01, 0xc9, 0x60,
    0x00, 0x0b, 0x00, 0x1c, 0x65, 0x60, 0x00, 0x0b, 0x00, 0x01, 0x05, 0xff, 0xff, 0xfe, 0x00, 0x00,
    0x06, 0x60, 0x00, 0x09, 0x00, 0x00, 0x4f, 0xff, 0xff, 0xf5, 0x00, 0x00, 0x47, 0x00, 0x00, 0x65,
    0x00, 0x00, 0x4f, 0xff, 0xff, 0xf5, 0x00, 0x01, 0x00, 0x00, 0x00, 0x00, 0x10, 0x4f, 0xff, 0xff,
    0xff, 0xff, 0xf4, 0x01, 0x02, 0x80, 0x00, 0x11, 0x10, 0x00, 0x07, 0xff, 0xff, 0xf8, 0x00, 0x00,
    0x00, 0x00, 0x00, 0x55, 0x00, 0x00, 0x00, 0x00, 0x00, 0x93, 0x00, 0x00, 0x00, 0x06, 0xec, 0x80,
    0x00, 0x00, 0x00, 0x05, 0x60, 0x00, 0x00, 0x00, 0x00, 0x0a, 0x90, 0x00, 0x00, 0x00, 0x00, 0x65,
    0x57, 0x00, 0x00, 0x00, 0x04, 0x90, 0x07, 0x80, 0x00, 0x00, 0x5b, 0x10, 0x00, 0x7c, 0x51, 0x2a,
    0x9c, 0xff, 0xff, 0xe2, 0x93, 0x14, 0x01, 0x00, 0x00, 0x10, 0x00, 0x00, 0x6f, 0xff, 0xff, 0xf5,
    0x00, 0x00, 0x65, 0x00, 0x00, 0x64, 0x00, 0x00, 0x65, 0x00, 0x00, 0x64, 0x00, 0x00, 0x6f, 0xff,
    0xff, 0xf4, 0x00, 0x00, 0x00, 0x00, 0x00, 0x43, 0x00, 0x00, 0x00, 0x91, 0x00, 0x00, 0x00, 0x0a,
    0xff, 0xff, 0xe7, 0x00, 0x95, 0x00, 0x02, 0xd2, 0x0b, 0x57, 0x60, 0x1b, 0x20, 0x00, 0x00, 0x8a,
    0xa2, 0x00, 0x00, 0x01, 0x78, 0x00, 0x00, 0x02, 0x7e, 0xff, 0xff, 0xfc, 0x7b, 0x5b, 0x00, 0x00,
    0x0b, 0x00, 0x0b, 0x00, 0x00, 0x0b, 0x00, 0x1f, 0xff, 0xff, 0xfc, 0x00, 0x2b, 0x00, 0x00, 0x08,
    0x00, 0xbf, 0xed, 0xdc, 0xb9, 0x10, 0x00, 0xb0, 0x00, 0x00, 0x00, 0x00, 0x00, 0xb0, 0x00, 0x00,
    0x00, 0x00, 0x00, 0xbf, 0xff, 0xff, 0xff, 0xf4, 0x00, 0xb0, 0x00, 0x00, 0x00, 0x00, 0x00, 0xc1,
    0xef, 0xff, 0xfe, 0x00, 0x00, 0xc1, 0xa0, 0x00, 0x0b, 0x00, 0x03, 0xa1, 0xa0, 0x00, 0x0b, 0x00,
    0x09, 0x61, 0xff, 0xff, 0xff, 0x00, 0x1b, 0x11, 0xa0, 0x00, 0x0b, 0x00, 0x00, 0x00, 0x00, 0x00,
    0x00, 0x00, 0x00, 0x00, 0x86, 0x00, 0x00, 0x10, 0x01, 0xb0, 0x00, 0x11, 0x7f, 0xff, 0xff, 0xff,
    0xf7, 0x75, 0x00, 0x00, 0x00, 0x57, 0x65, 0x1f, 0xff, 0xf4, 0x57, 0x65, 0x1a, 0x00, 0x73, 0x57,
    0x65, 0x0a, 0x00, 0x73, 0x57, 0x65, 0x1f, 0xff, 0xf4, 0x57, 0x65, 0x00, 0x00, 0x00, 0x57, 0x75,
    0x00, 0x00, 0x00, 0x57, 0x85, 0x00, 0x00, 0x3d, 0xd4, 0x00, 0x00, 0x56, 0x00, 0x00, 0x00, 0x00,
    0x0b, 0x10, 0x00, 0x01, 0xff, 0xff, 0xff, 0xf7, 0x01, 0xa0, 0x00, 0x00, 0x37, 0x01, 0xff, 0xff,
    0xff, 0xf7, 0x01, 0x90, 0x00, 0x00, 0x00, 0x02, 0x8a, 0xff, 0xff, 0xfb, 0x04, 0x6a, 0x10, 0x00,
    0x1b, 0x07, 0x3a, 0x10, 0x00, 0x1b, 0x1b, 0x0a, 0xff, 0xff, 0xfb, 0x75, 0x0a, 0x10, 0x00, 0x19,
    0x00, 0x05, 0x04, 0x90, 0x00, 0x00, 0x00, 0x29, 0x03, 0x80, 0x01, 0x00, 0x00, 0x9f, 0xff, 0xff,
    0xff, 0x00, 0x03, 0xa0, 0x03, 0x80, 0x11, 0x00, 0x03, 0x20, 0x03, 0x80, 0x01, 0x10, 0x2f, 0xff,
    0xff, 0xff, 0xff, 0xf2, 0x01, 0x00, 0x00, 0x00, 0x00, 0x10, 0x00, 0x5f, 0xff, 0xff, 0xf8, 0x00,
    0x00, 0x47, 0x00, 0x00, 0x47, 0x00, 0x00, 0x4f, 0xff, 0xff, 0xf7, 0x00, 0x00, 0x57, 0x00, 0x00,
    0x48, 0x00, 0x0b, 0xff, 0xff, 0xff, 0xfe, 0x0b, 0x00, 0x0a, 0x00, 0x0b, 0x0b, 0x3f, 0xff, 0xff,
    0x3b, 0x0b, 0x00, 0x0b, 0x00, 0x0b, 0x0b, 0xaf, 0xff, 0xff, 0xab, 0x0b, 0x0b, 0xff, 0xfb, 0x0b,
    0x0b, 0x0a, 0x00, 0x0a, 0x0b, 0x0c, 0x0b, 0xff, 0xfb, 0x0b, 0x3a, 0x00, 0x00, 0x00, 0x0b, 0x94,
    0x00, 0x00, 0x06, 0xd9, 0x07, 0xff, 0xf2, 0x6f, 0xff, 0x40, 0x06, 0x40, 0x82, 0x55, 0x07, 0x40,
    0x07, 0xff, 0xf6, 0x7f, 0xff, 0x40, 0x02, 0x10, 0x1b, 0x13, 0xa1, 0x10, 0x3f, 0xff, 0xff, 0xed,
    0xdf, 0xf1, 0x01, 0x15, 0xb2, 0x39, 0x62, 0x10, 0x4b, 0xe8, 0x10, 0x00, 0x4d, 0xd5, 0x04, 0xff,
    0xf5, 0x7f, 0xff, 0x40, 0x04, 0x70, 0x65, 0x64, 0x07, 0x40, 0x05, 0xff, 0xf5, 0x7f, 0xff, 0x40,
    0x00, 0x00, 0x00, 0x00, 0x02, 0x20, 0x9f, 0xff, 0xff, 0xff, 0xf9, 0x84, 0x08, 0x21, 0xa0, 0x38,
    0x84, 0x08, 0x21, 0xa0, 0x38, 0x84, 0x09, 0x11, 0xa0, 0x38, 0x84, 0x0a, 0x01, 0xa0, 0x38, 0x84,
    0x67, 0x01, 0xb0, 0x48, 0x88, 0xa0, 0x00, 0xdf, 0xb8, 0x84, 0x00, 0x00, 0x00, 0x38, 0x8f, 0xff,
    0xff, 0xff, 0xf8, 0x94, 0x00, 0x00, 0x00, 0x39, 0x00, 0x00, 0x00, 0x00, 0x01, 0x7f, 0xff, 0xff,
    0xff, 0xf6, 0x65, 0x00, 0x00, 0x00, 0x56, 0x65, 0x2f, 0xff, 0xf3, 0x56, 0x65, 0x29, 0x00, 0x92,
    0x56, 0x65, 0x29, 0x00, 0x92, 0x56, 0x65, 0x29, 0x00, 0x92, 0x56, 0x65, 0x2f, 0xff, 0xe2, 0x56,
    0x65, 0x00, 0x00, 0x00, 0x56, 0x6f, 0xff, 0xff, 0xff, 0xf6, 0x65, 0x00, 0x00, 0x00, 0x46, 0x7f,
    0xff, 0xff, 0xff, 0xf6, 0x65, 0x00, 0x66, 0x00, 0x56, 0x65, 0x10, 0x65, 0x01, 0x56, 0x65, 0xff,
    0xff, 0xff, 0x66, 0x65, 0x10, 0x86, 0x11, 0x56, 0x65, 0x02, 0x85, 0x91, 0x56, 0x65, 0x3a, 0x00,
    0x4c, 0x76, 0x66, 0x71, 0x00, 0x04, 0x66, 0x6f, 0xff, 0xff, 0xff, 0xf6, 0x75, 0x00, 0x00, 0x00,
    0x57, 0x00, 0x00, 0x00, 0x00, 0x00, 0x9f, 0xff, 0xff, 0xff, 0xf9, 0x83, 0x00, 0x65, 0x00, 0x38,
    0x89, 0xff, 0xff, 0xff, 0x98, 0x83, 0x00, 0x65, 0x00, 0x38, 0x83, 0x5f, 0xff, 0xf4, 0x38, 0x83,
    0x46, 0x00, 0x84, 0x38, 0x83, 0x46, 0x00, 0x84, 0x38, 0x83, 0x5f, 0xff, 0xf4, 0x38, 0x93, 0x00,
    0x00, 0x00, 0x39, 0x9f, 0xff, 0xff, 0xff, 0xf9, 0x7f, 0xff, 0xff, 0xff, 0xf6, 0x64, 0xcf, 0xff,
    0xfc, 0x46, 0x64, 0x10, 0x74, 0x01, 0x46, 0x64, 0x10, 0x74, 0x01, 0x46, 0x64, 0xbf, 0xff, 0xfb,
    0x46, 0x64, 0x10, 0x74, 0xa3, 0x46, 0x65, 0x10, 0x74, 0x15, 0x56, 0x67, 0xff, 0xff, 0xff, 0x96,
    0x7f, 0xff, 0xff, 0xff, 0xf6, 0x74, 0x00, 0x00, 0x00, 0x35, 0x00, 0x00, 0x00, 0x00, 0x00, 0x9f,
    0xff, 0xff, 0xff, 0xf8, 0x82, 0x1d, 0xff, 0xd5, 0x38, 0x82, 0x89, 0x10, 0xb3, 0x38, 0x85, 0xb3,
    0xa8, 0x70, 0x38, 0x82, 0x02, 0xbc, 0x40, 0x38, 0x87, 0xb9, 0x95, 0x7c, 0x98, 0x84, 0x14, 0x36,
    0x30, 0x38, 0x82, 0x03, 0x8b, 0x50, 0x38, 0x8f, 0xff, 0xff, 0xff, 0xf8, 0x92, 0x00, 0x00, 0x00,
    0x39, 0x00, 0x00, 0x0b, 0x10, 0x00, 0x00, 0x01, 0x10, 0x39, 0x00, 0x00, 0x10, 0x0a, 0xff, 0xff,
    0xff, 0xff, 0xf2, 0x01, 0x11, 0xb0, 0x07, 0x10, 0x10, 0x00, 0x09, 0x61, 0x0c, 0x01, 0x10, 0x00,
    0x6c, 0x5f, 0xff, 0xff, 0x80, 0x2c, 0x2b, 0x11, 0x0b, 0x01, 0x10, 0x02, 0x0b, 0x00, 0x0b, 0x00,
    0x00, 0x00, 0x0b, 0x10, 0x0b, 0x00, 0x11, 0x00, 0x0b, 0xdf, 0xff, 0xff, 0xf8, 0x00, 0x0c, 0x11,
    0x00, 0x00, 0x11, 0x00, 0xb0, 0x02, 0x16, 0x60, 0x00, 0x00, 0xb0, 0x0a, 0x25, 0x50, 0x00, 0x00,
    0xb0, 0x09, 0x15, 0x52, 0x40, 0x6f, 0xff, 0x49, 0x38, 0xb8, 0xb0, 0x10, 0xb1, 0xad, 0x67, 0x50,
    0xb0, 0x00, 0xb0, 0x19, 0x15, 0x50, 0xb0, 0x00, 0xb0, 0x09, 0x15, 0x51, 0xa0, 0x00, 0xb2, 0x49,
    0x16, 0x6b, 0x50, 0x37, 0xd8, 0x39, 0x14, 0x30, 0x01, 0x44, 0x00, 0x09, 0x40, 0x00, 0x58, 0x00,
    0x00, 0x04, 0xdf, 0xfe, 0xb2, 0x00, 0xb1, 0x10, 0x00, 0x00, 0x00, 0x00, 0xb0, 0x9f, 0xff, 0xff,
    0xf7, 0x10, 0xb0, 0x11, 0x04, 0x80, 0x10, 0x8f, 0xff, 0xb0, 0x08, 0x40, 0x00, 0x11, 0xb0, 0x10,
    0x0d, 0x44, 0x00, 0x00, 0xb0, 0x00, 0x6c, 0x4c, 0x20, 0x00, 0xb3, 0x72, 0xa8, 0x33, 0xb0, 0x15,
    0xc9, 0x5c, 0x28, 0x30, 0x95, 0x69, 0x11, 0xc2, 0x08, 0x30, 0x22, 0x00, 0x00, 0x00, 0x08, 0x30,
    0x00, 0x00, 0x00, 0x00, 0x09, 0x40, 0x00, 0x00, 0x00, 0x00, 0x10, 0x03, 0x90, 0x06, 0xff, 0xff,
    0xf3, 0x72, 0x80, 0x01, 0x19, 0x0a, 0x12, 0x82, 0x80, 0x0d, 0xff, 0xff, 0xf8, 0x82, 0x80, 0x00,
    0x37, 0x0a, 0x02, 0x82, 0x80, 0x00, 0x83, 0x0b, 0x01, 0x67, 0x70, 0x04, 0xb0, 0x04, 0x00, 0x15,
    0x10, 0x03, 0x30, 0x06, 0x70, 0x01, 0x00, 0x00, 0xef, 0xff, 0xff, 0xff, 0x10, 0x00, 0x11, 0x05,
    0x60, 0x01, 0x00, 0x3f, 0xff, 0xff, 0xff, 0xff, 0xf3, 0x01, 0x0c, 0x00, 0x00, 0xc1, 0x10, 0x0a,
    0xff, 0xff, 0xff, 0xff, 0xb0, 0x01, 0x0b, 0x00, 0x00, 0xb0, 0x10, 0x00, 0x0c, 0xff, 0xff, 0xc0,
    0x00, 0x00, 0x0c, 0xff, 0xff, 0xc0, 0x00, 0x01, 0x0b, 0x00, 0x00, 0xb0, 0x11, 0x2f, 0xff, 0xff,
    0xff, 0xff, 0xf6, 0x01, 0x3a, 0x15, 0x70, 0x94, 0x11, 0x28, 0x8d, 0xff, 0xff, 0xb8, 0xa3, 0x23,
    0x11, 0x05, 0x60, 0x11, 0x22, 0x00, 0xdf, 0xff, 0xff, 0xff, 0x00, 0x00, 0xa0, 0x01, 0x39, 0x01,
    0x00, 0x00, 0xb0, 0x1f, 0xff, 0xf7, 0xc1, 0x10, 0xb0, 0x01, 0x38, 0x08, 0x50, 0x7f, 0xff, 0x50,
    0x38, 0x49, 0x11, 0x10, 0xb1, 0xff, 0xff, 0xff, 0xf9, 0x00, 0xb0, 0x11, 0x58, 0x21, 0x21, 0x00,
    0xb0, 0x9e, 0xff, 0xff, 0x60, 0x00, 0xc9, 0x4b, 0x00, 0x06, 0x60, 0x4c, 0xa6, 0x1c, 0xff, 0xff,
    0x60, 0x00, 0x00, 0x0b, 0x00, 0x06, 0x60, 0x00, 0x00, 0x0c, 0xff, 0xff, 0x60, 0x00, 0x00, 0x00,
    0x00, 0x04, 0x40, 0x00, 0x00, 0x1a, 0x20, 0x00, 0x00, 0x0a, 0xde, 0xef, 0xff, 0xed, 0x60, 0x0b,
    0x10, 0x00, 0x04, 0x13, 0x90, 0x00, 0xcf, 0xff, 0xff, 0xf6, 0x00, 0x00, 0x8f, 0xff, 0xff, 0xf2,
    0x00, 0x01, 0x11, 0xa0, 0x0a, 0x11, 0x10, 0x0f, 0xff, 0xff, 0xff, 0xff, 0xb0, 0x03, 0x68, 0x29,
    0x34, 0x95, 0x20, 0x18, 0x3f, 0xff, 0xff, 0xb4, 0x91, 0x01, 0x11, 0x08, 0x31, 0x11, 0x10, 0x0a,
    0xff, 0xff, 0xff, 0xff, 0x50, 0x00, 0x4a, 0x00, 0x09, 0x30, 0x00, 0x00, 0x75, 0x00, 0x09, 0x20,
    0x00, 0x00, 0xbf, 0xfe, 0x19, 0x60, 0x00, 0x01, 0xb0, 0x0b, 0x09, 0xa4, 0x00, 0x07, 0x70, 0x0c,
    0x09, 0x2a, 0x30, 0x1c, 0x92, 0x2a, 0x09, 0x21, 0xc1, 0x24, 0x48, 0x75, 0x09, 0x20, 0x10, 0x00,
    0x0a, 0xc0, 0x09, 0x20, 0x00, 0x00, 0x0b, 0xc1, 0x09, 0x30, 0x00, 0x00, 0x9b, 0x7d, 0x62, 0x00,
    0x00, 0x0a, 0x90, 0x02, 0x8c, 0xee, 0xf4, 0x00, 0x02, 0xa0, 0x00, 0x00, 0x00, 0x00, 0x0b, 0xff,
    0xff, 0xf7, 0x00, 0x00, 0x9a, 0x20, 0x02, 0x90, 0x00, 0x06, 0x60, 0x65, 0x47, 0x00, 0x00, 0x01,
    0x36, 0x98, 0x79, 0x74, 0x20, 0x3d, 0xa5, 0x10, 0x00, 0x5a, 0xd3, 0x00, 0xb3, 0x9e, 0xff, 0xfa,
    0x00, 0x00, 0xb0, 0x06, 0x50, 0x19, 0x00, 0x00, 0xbf, 0xff, 0xff, 0xf9, 0x00, 0x00, 0xb0, 0x06,
    0x50, 0x19, 0x00, 0x00, 0xbf, 0xff, 0xff, 0xfa, 0x00, 0x00, 0x2b, 0x10, 0x00, 0x00, 0x00, 0x00,
    0xbf, 0xff, 0xff, 0xff, 0xd0, 0x1a, 0x81, 0x00, 0x00, 0x00, 0x00, 0x15, 0x66, 0x36, 0x8b, 0xed,
    0x00, 0x00, 0x6f, 0xff, 0xff, 0xfd, 0x00, 0x00, 0x66, 0x36, 0x8b, 0xdd, 0x00, 0x00, 0x17, 0x60,
    0x00, 0x12, 0x00, 0x00, 0x5f, 0xff, 0xff, 0xe3, 0x00, 0x06, 0xb3, 0x82, 0x05, 0x40, 0x00, 0x00,
    0x01, 0x5d, 0xda, 0x52, 0x00, 0x09, 0xcb, 0x84, 0x04, 0x8b, 0xe3, 0x00, 0x1c, 0x10, 0x0c, 0x10,
    0x00, 0x00, 0x59, 0x00, 0x0b, 0x00, 0x00, 0x00, 0xa5, 0x13, 0x1b, 0x00, 0x00, 0x03, 0xff, 0xff,
    0x1b, 0x31, 0x00, 0x0c, 0x70, 0x09, 0x0b, 0x4b, 0x00, 0x47, 0x87, 0x27, 0x0b, 0x05, 0x90, 0x00,
    0x09, 0xc2, 0x0b, 0x00, 0x95, 0x00, 0x06, 0x90, 0x0b, 0x00, 0x11, 0x00, 0x6b, 0x00, 0x0b, 0x00,
    0x00, 0x2b, 0x90, 0x00, 0x0b, 0x00, 0x00, 0x14, 0x00, 0x00, 0x0d, 0x00, 0x00, 0x00, 0x08, 0x30,
    0x00, 0x00, 0x00, 0x8f, 0xff, 0xfe, 0x30, 0x4b, 0x62, 0x00, 0x65, 0x00, 0x21, 0x1a, 0x57, 0x61,
    0x00, 0x13, 0x57, 0x64, 0xb2, 0x00, 0x78, 0x30, 0x5e, 0xff, 0xfa, 0x00, 0x19, 0xc2, 0x00, 0x82,
    0x06, 0xd6, 0x56, 0x06, 0x60, 0x01, 0x00, 0x0a, 0x97, 0x00, 0x00, 0x13, 0x8b, 0x40, 0x00, 0x8d,
    0xb8, 0x30, 0x00, 0x00, 0x00, 0x00, 0x05, 0x70, 0x00, 0x00, 0x00, 0x00, 0x06, 0x60, 0x00, 0x00,
    0x01, 0x10, 0x06, 0x50, 0x01, 0x10, 0x0c, 0xff, 0xff, 0xff, 0xff, 0xf2, 0x01, 0x11, 0x08, 0x80,
    0x11, 0x10, 0x00, 0x00, 0x0a, 0xb0, 0x00, 0x00, 0x00, 0x00, 0x39, 0x57, 0x00, 0x00, 0x00, 0x00,
    0xb3, 0x0b, 0x30, 0x00, 0x00, 0x0a, 0x70, 0x02, 0xd3, 0x00, 0x03, 0xc7, 0x00, 0x00, 0x3e, 0x70,
    0x2c, 0x40, 0x00, 0x00, 0x03, 0xb2, 0x03, 0xff, 0xff, 0xff, 0xff, 0x50, 0x00, 0x10, 0x04, 0x70,
    0x01, 0x00, 0x00, 0x00, 0x04, 0x60, 0x00, 0x00, 0x01, 0x00, 0x06, 0x50, 0x00, 0x10, 0x0f, 0xff,
    0xff, 0xff, 0xff, 0xf2, 0x01, 0x10, 0x09, 0x71, 0x00, 0x10, 0x00, 0x00, 0x64, 0x18, 0x00, 0x00,
    0x00, 0x04, 0x80, 0x04, 0x90, 0x00, 0x01, 0x98, 0x00, 0x00, 0x4b, 0x40, 0x1b, 0x40, 0x00, 0x00,
    0x02, 0x91, 0x00, 0x07, 0x02, 0xb0, 0x00, 0x00, 0x00, 0x38, 0x01, 0xa0, 0x01, 0x00, 0x00, 0x9f,
    0xff, 0xff, 0xff, 0x40, 0x03, 0xa0, 0x01, 0x90, 0x01, 0x00, 0x08, 0x20, 0x02, 0x90, 0x00, 0x00,
    0x0b, 0xff, 0xff, 0xff, 0xff, 0xf1, 0x01, 0x10, 0x09, 0xc2, 0x01, 0x10, 0x00, 0x00, 0x3b, 0x2b,
    0x00, 0x00, 0x00, 0x03, 0xc2, 0x05, 0xa0, 0x00, 0x02, 0x9b, 0x10, 0x00, 0x5c, 0x40, 0x2c, 0x50,
    0x00, 0x00, 0x03, 0xc2, 0x00, 0x00, 0x00, 0x3a, 0x00, 0x00, 0x00, 0x0b, 0x50, 0x39, 0x00, 0x00,
    0x00, 0x00, 0x86, 0x48, 0x00, 0x00, 0x00, 0x64, 0x00, 0x47, 0x00, 0x00, 0x00, 0x18, 0x90, 0x65,
    0x00, 0x00, 0x01, 0x10, 0x20, 0x83, 0x00, 0x10, 0x4f, 0xff, 0xff, 0xff, 0xff, 0xf4, 0x01, 0x11,
    0x03, 0x92, 0x01, 0x10, 0x00, 0x00, 0x4b, 0x17, 0xa1, 0x00, 0x00, 0x4a, 0x91, 0x00, 0x3c, 0x40,
    0x09, 0xa3, 0x00, 0x00, 0x02, 0x80, 0x00, 0x0c, 0x00, 0x00, 0x00, 0x00, 0x00, 0x29, 0x02, 0xff,
    0xff, 0xe3, 0x01, 0x56, 0x11, 0x00, 0x07, 0x30, 0x2f, 0xff, 0xf4, 0x00, 0x83, 0x00, 0x01, 0xb0,
    0x82, 0x00, 0xb0, 0x00, 0x01, 0xa0, 0x96, 0xff, 0xff, 0xf9, 0x06, 0x71, 0x70, 0x00, 0xb0, 0x00,
    0x00, 0x7b, 0x40, 0x00, 0xb0, 0x00, 0x00, 0x78, 0xd4, 0x00, 0xb0, 0x00, 0x08, 0x90, 0x28, 0x00,
    0xc0, 0x00, 0x27, 0x00, 0x00, 0x3d, 0xb0, 0x00, 0x00, 0x76, 0x00, 0x07, 0x40, 0x00, 0x00, 0x94,
    0x00, 0x1c, 0x00, 0x00, 0x00, 0xb1, 0x20, 0x93, 0x18, 0x00, 0x5f, 0xff, 0xa6, 0x81, 0x18, 0x80,
    0x02, 0x91, 0x8a, 0x98, 0x77, 0xa4, 0x06, 0x54, 0x50, 0x00, 0x00, 0x11, 0x0b, 0x17, 0x16, 0xff,
    0xff, 0x70, 0x06, 0x38, 0x05, 0x60, 0x05, 0x70, 0x00, 0x8c, 0x55, 0x60, 0x05, 0x70, 0x06, 0x81,
    0x85, 0xff, 0xff, 0x70, 0x39, 0x00, 0x06, 0x60, 0x05, 0x60, 0x00, 0x00, 0x01, 0x10, 0x00, 0x00,
    0x00, 0x00, 0x0b, 0x20, 0x00, 0x00, 0x01, 0x00, 0x1b, 0x00, 0x00, 0x10, 0x0e, 0xff, 0xff, 0xff,
    0xff, 0xf5, 0x01, 0x10, 0xb2, 0x00, 0x01, 0x10, 0x00, 0x08, 0x7e, 0xff, 0xff, 0x50, 0x01, 0x9b,
    0x00, 0x01, 0x74, 0x00, 0x3c, 0x59, 0x10, 0x07, 0x50, 0x11, 0x01, 0x29, 0xef, 0xff, 0xff, 0xf8,
    0x00, 0x29, 0x10, 0x07, 0x40, 0x11, 0x00, 0x29, 0x00, 0x07, 0x40, 0x00, 0x00, 0x3a, 0x00, 0x9b,
    0x10, 0x00, 0x00, 0x00, 0xb0, 0x00, 0x00, 0x00, 0x00, 0x76, 0x00, 0x00, 0x9f, 0xff, 0xff, 0xff,
    0xfa, 0x91, 0x01, 0xd1, 0x00, 0x1a, 0x00, 0x08, 0x50, 0x00, 0x00, 0xef, 0xff, 0xec, 0xaf, 0xfe,
    0x00, 0x84, 0x00, 0x3b, 0x00, 0x03, 0xc8, 0x30, 0xb3, 0x00, 0x00, 0x04, 0xad, 0xb0, 0x00, 0x02,
    0x48, 0xc5, 0x7d, 0x81, 0x8b, 0x84, 0x00, 0x01, 0x87, 0x00, 0x00, 0x0b, 0x10, 0x00, 0x00, 0x01,
    0x00, 0x06, 0x70, 0x01, 0x10, 0x0b, 0xff, 0xff, 0xff, 0xff, 0xd0, 0x0b, 0x00, 0x00, 0x00, 0x00,
    0xb0, 0x00, 0x6f, 0xff, 0xff, 0xf9, 0x00, 0x00, 0x00, 0x03, 0x80, 0x00, 0x00, 0x00, 0x0d, 0x03,
    0x80, 0x00, 0x00, 0x00, 0x37, 0x03, 0xff, 0xff, 0x70, 0x00, 0x9b, 0x13, 0x80, 0x00, 0x00, 0x03,
    0x74, 0xda, 0x80, 0x00, 0x00, 0x29, 0x00, 0x28, 0xcc, 0xdd, 0xe6, 0x00, 0x00, 0x00, 0x00, 0x00,
    0x00, 0x00, 0x00, 0x09, 0x20, 0x00, 0x00, 0x09, 0xde, 0xff, 0xff, 0xed, 0x80, 0x0b, 0x00, 0xb0,
    0x29, 0x00, 0xb0, 0x00, 0xcf, 0xff, 0xff, 0xfb, 0x00, 0x00, 0x11, 0xa0, 0x29, 0x11, 0x00, 0x00,
    0x7f, 0xff, 0xff, 0xf4, 0x00, 0x00, 0x74, 0x06, 0x20, 0x74, 0x00, 0x00, 0x74, 0x09, 0x20, 0x74,
    0x00, 0x00, 0x63, 0x37, 0xa0, 0x53, 0x10, 0x00, 0x06, 0x80, 0xb1, 0x01, 0xc1, 0x08, 0x83, 0x00,
    0xaf, 0xfe, 0x70, 0x00, 0x00, 0x07, 0x30, 0x00, 0x00, 0x0c, 0xff, 0xff, 0xff, 0xff, 0xf1, 0x0b,
    0x01, 0x64, 0x01, 0x20, 0xa1, 0x00, 0xa3, 0x98, 0x5a, 0x51, 0x00, 0x07, 0x72, 0x81, 0xa4, 0x1b,
    0x20, 0x02, 0x03, 0xb8, 0x30, 0x85, 0xb1, 0x17, 0xba, 0xdf, 0xff, 0xc1, 0x20, 0x05, 0x30, 0x02,
    0x60, 0x03, 0x10, 0x00, 0xc0, 0x03, 0x80, 0x08, 0x30, 0x00, 0xb0, 0x03, 0x80, 0x08, 0x30, 0x00,
    0x9e, 0xff, 0xff, 0xff, 0x30, 0x00, 0x00, 0x00, 0x00, 0x0b, 0x10, 0x0f, 0xff, 0xf2, 0x00, 0x0b,
    0x00, 0x00, 0x00, 0xa1, 0x00, 0x0b, 0x00, 0x06, 0x10, 0xa8, 0xff, 0xff, 0xf8, 0x03, 0xb2, 0x80,
    0x40, 0x0b, 0x00, 0x00, 0x6d, 0x30, 0x85, 0x0b, 0x00, 0x00, 0x1e, 0x40, 0x0c, 0x0b, 0x00, 0x00,
    0x86, 0xc1, 0x05, 0x2b, 0x00, 0x05, 0xa0, 0x68, 0x00, 0x0b, 0x00, 0x3c, 0x10, 0x02, 0x00, 0x0c,
    0x00, 0x01, 0x00, 0x00, 0x03, 0xd9, 0x00, 0x02, 0xff, 0xff, 0xff, 0xfa, 0x00, 0x02, 0xff, 0xff,
    0xff, 0xfa, 0x00, 0x02, 0x90, 0x00, 0x00, 0x00, 0x20, 0x02, 0xb0, 0x00, 0x00, 0x02, 0xd1, 0x11,
    0xef, 0xff, 0xff, 0xff, 0x90, 0x5f, 0xff, 0xff, 0xff, 0xff, 0xf5, 0x00, 0x16, 0x00, 0x00, 0x92,
    0x00, 0x00, 0x07, 0xa1, 0x00, 0x92, 0x00, 0x00, 0x00, 0x55, 0x00, 0xa2, 0x00, 0x00, 0x00, 0x00,
    0x7c, 0xa0, 0x00, 0x00, 0x00, 0x06, 0x90, 0x00, 0x00, 0x00, 0x00, 0x05, 0x70, 0x00, 0x00, 0x00,
    0x00, 0x05, 0x70, 0x00, 0x00, 0x00, 0x39, 0x05, 0x70, 0x80, 0x00, 0x00, 0x75, 0x05, 0x70, 0x76,
    0x00, 0x00, 0xb1, 0x05, 0x70, 0x0c, 0x10, 0x04, 0x80, 0x05, 0x70, 0x05, 0x90, 0x1c, 0x10, 0x05,
    0x70, 0x00, 0xc3, 0x35, 0x00, 0x05, 0x70, 0x00, 0x44, 0x00, 0x00, 0x05, 0x70, 0x00, 0x00, 0x00,
    0x00, 0xcd, 0x40, 0x00, 0x00, 0x00, 0x00, 0x06, 0x60, 0x00, 0x00, 0x00, 0x00, 0x06, 0x60, 0x00,
    0x00, 0x00, 0x1b, 0x06, 0x61, 0xa1, 0x00, 0x00, 0x75, 0x06, 0x60, 0x3b, 0x20, 0x02, 0xa0, 0x06,
    0x60, 0x02, 0xb2, 0x0b, 0x20, 0x06, 0x60, 0x05, 0x31, 0x01, 0x00, 0x06, 0x60, 0x5a, 0x00, 0x00,
    0x00, 0x01, 0x15, 0xb0, 0x00, 0x00, 0x00, 0x02, 0xa8, 0x00, 0x00, 0x01, 0x26, 0xaa, 0x30, 0x00,
    0x00, 0x4d, 0xa6, 0x10, 0x00, 0x00, 0x00, 0x00, 0x02, 0xb0, 0x00, 0x00, 0x00, 0x00, 0x09, 0x40,
    0x00, 0x00, 0x00, 0x00, 0x4f, 0xff, 0xff, 0xff, 0x80, 0x02, 0xd2, 0x02, 0x80, 0x08, 0x30, 0x08,
    0x30, 0x01, 0xa0, 0x09, 0x00, 0x00, 0x05, 0x51, 0xa0, 0x20, 0x00, 0x00, 0x1b, 0x11, 0xa1, 0xb3,
    0x00, 0x00, 0xa4, 0x01, 0xa0, 0x1c, 0x20, 0x08, 0x80, 0x01, 0xa0, 0x03, 0xc1, 0x18, 0x00, 0x01,
    0xa0, 0x00, 0x51, 0x00, 0x00, 0xac, 0x50, 0x00, 0x00, 0x00, 0x4f, 0xff, 0xff, 0xfb, 0x00, 0x00,
    0x47, 0x00, 0x00, 0x0a, 0x00, 0x00, 0x47, 0x00, 0x00, 0x0a, 0x00, 0x00, 0x5f, 0xff, 0xff, 0xfb,
    0x00, 0x00, 0x85, 0x00, 0x1a, 0x10, 0x00, 0x01, 0xc1, 0x3b, 0x32, 0xb3, 0x00, 0x09, 0x60, 0x01,
    0xa6, 0x19, 0xb3, 0x38, 0x05, 0xa3, 0x00, 0x00, 0x20, 0x00, 0x00, 0x29, 0xa2, 0x00, 0x00, 0x00,
    0x00, 0x00, 0x3b, 0x10, 0x00, 0x05, 0xff, 0xff, 0xff, 0xff, 0x60, 0x05, 0x70, 0x00, 0x00, 0x05,
    0x60, 0x04, 0xff, 0xff, 0xff, 0xff, 0x60, 0x04, 0x71, 0x2a, 0x11, 0xa1, 0x10, 0x04, 0x7c, 0xff,
    0xff, 0xff, 0xd0, 0x05, 0x61, 0x0a, 0x00, 0xa0, 0x10, 0x06, 0xaf, 0xff, 0xff, 0xff, 0xf6, 0x08,
    0x41, 0x0a, 0x00, 0xa0, 0x10, 0x0c, 0x00, 0x76, 0x00, 0xb0, 0x00, 0x27, 0x07, 0x80, 0x00, 0xc0,
    0x00, 0x00, 0x00, 0x00, 0x00, 0x10, 0x00, 0x01, 0x08, 0x40, 0x00, 0x00, 0x08, 0xff, 0xff, 0xff,
    0x60, 0x08, 0x37, 0x40, 0x06, 0x50, 0x08, 0x30, 0x75, 0x09, 0x20, 0x08, 0x30, 0x01, 0xb7, 0x01,
    0x09, 0xff, 0xff, 0xff, 0xfa, 0x00, 0x0b, 0x10, 0x00, 0x29, 0xa2, 0x0b, 0x00, 0xc0, 0x48, 0xaf,
    0xff, 0xff, 0xd0, 0x57, 0x00, 0x00, 0x00, 0xb0, 0x85, 0x00, 0x00, 0x00, 0x4e, 0xb1, 0x04, 0xa6,
    0x21, 0x02, 0x59, 0x70, 0x04, 0xff, 0xff, 0xff, 0xff, 0x70, 0x00, 0x00, 0x04, 0x80, 0x00, 0x00,
    0x00, 0x00, 0x04, 0x80, 0x00, 0x00, 0x00, 0x00, 0x04, 0x80, 0x00, 0x00, 0x00, 0x00, 0x04, 0x80,
    0x00, 0x00, 0x00, 0x00, 0x04, 0x80, 0x00, 0x00, 0x01, 0x00, 0x04, 0x80, 0x00, 0x10, 0x3f, 0xff,
    0xff, 0xff, 0xff, 0xf2, 0x00, 0x00, 0x0d, 0x10, 0x00, 0x00, 0x00, 0x00, 0x2a, 0x00, 0x00, 0x00,
    0x0c, 0xed, 0xee, 0xcc, 0xcd, 0xd0, 0x01, 0x11, 0x92, 0x00, 0x01, 0x10, 0x00, 0x01, 0x70, 0x00,
    0x00, 0x00, 0x00, 0x09, 0xff, 0xff, 0xff, 0x10, 0x00, 0x67, 0x00, 0x84, 0x01, 0x00, 0x08, 0x90,
    0x00, 0x84, 0x00, 0x00, 0x16, 0x00, 0x00, 0x84, 0x00, 0x00, 0x00, 0x10, 0x00, 0x84, 0x00, 0x11,
    0x00, 0x29, 0xce, 0xff, 0xec, 0x71, 0xcf, 0xff, 0xff, 0xff, 0x60, 0x11, 0x10, 0x00, 0x06, 0x60,
    0x00, 0x00, 0x00, 0x06, 0x60, 0x85, 0x00, 0x00, 0x06, 0x60, 0x8f, 0xff, 0xff, 0xff, 0x60, 0x84,
    0x00, 0x00, 0x06, 0x60, 0x84, 0x00, 0x00, 0x01, 0x20, 0x84, 0x00, 0x00, 0x00, 0x14, 0x86, 0x00,
    0x00, 0x01, 0x88, 0x4e, 0xfe, 0xef, 0xfe, 0xa1, 0x00, 0x00, 0x00, 0x00, 0x00, 0x00, 0x00, 0x09,
    0x50, 0x00, 0x00, 0x01, 0x00, 0x0c, 0x00, 0x00, 0x01, 0x3f, 0xff, 0xff, 0xff, 0xff, 0xf9, 0x01,
    0x10, 0xa2, 0x40, 0x00, 0x11, 0x00, 0x08, 0x50, 0xb1, 0x01, 0x10, 0x01, 0x9e, 0xff, 0xff, 0xff,
    0x70, 0x3c, 0x3b, 0x00, 0xb0, 0x04, 0x70, 0x01, 0x0b, 0x00, 0xb0, 0x04, 0x70, 0x00, 0x0b, 0x00,
    0xb0, 0x05, 0x70, 0x00, 0x0a, 0x00, 0xb0, 0xac, 0x30, 0x00, 0x00, 0x00, 0xc0, 0x00, 0x00, 0x03,
    0x30, 0x57, 0x03, 0x30, 0x01, 0xa2, 0x56, 0x1a, 0x20, 0xff, 0xff, 0xff, 0xff, 0xff, 0xa0, 0x10,
    0x00, 0x01, 0x0b, 0xa5, 0xff, 0xff, 0xff, 0x4b, 0x04, 0x50, 0x00, 0x06, 0x40, 0x06, 0xff, 0xff,
    0xff, 0x51, 0x3f, 0xff, 0xff, 0xff, 0xf6, 0x38, 0x00, 0x65, 0x00, 0x56, 0x38, 0x00, 0x65, 0x09,
    0xc3, 0x00, 0x00, 0x65, 0x01, 0x00, 0x01, 0x02, 0xa0, 0x08, 0x30, 0x10, 0x1f, 0xff, 0xa5, 0xae,
    0xff, 0xf4, 0x01, 0x7f, 0xff, 0xff, 0xf8, 0x10, 0x00, 0x6f, 0xff, 0xff, 0xf8, 0x00, 0x00, 0x64,
    0x00, 0x00, 0x28, 0x00, 0x01, 0x7f, 0xff, 0xff, 0xf8, 0x10, 0x0f, 0xff, 0xff, 0xff, 0xff, 0xf3,
    0x00, 0x39, 0x76, 0x86, 0xa4, 0x00, 0x3b, 0x6a, 0x04, 0x60, 0x78, 0xa3, 0x00, 0x0a, 0x04, 0x60,
    0x74, 0x00, 0x00, 0x1a, 0x05, 0x75, 0xb2, 0x00, 0x06, 0xff, 0xff, 0xff, 0xff, 0x60, 0x01, 0x21,
    0x06, 0x50, 0x13, 0x10, 0x01, 0xb1, 0x06, 0x50, 0x1d, 0x20, 0x00, 0x3b, 0x06, 0x50, 0xa3, 0x00,
    0x11, 0x18, 0x36, 0x54, 0x61, 0x11, 0x7f, 0xff, 0xff, 0xff, 0xff, 0xf7, 0x11, 0x10, 0x06, 0x50,
    0x01, 0x11, 0x00, 0x00, 0x06, 0x50, 0x00, 0x00, 0x00, 0x00, 0x07, 0x60, 0x00, 0x00, 0x00, 0x00,
    0x07, 0x70, 0x00, 0x00, 0x00, 0x08, 0x20, 0x00, 0x01, 0x10, 0x00, 0x3f, 0xff, 0xff, 0xff, 0xb0,
    0x01, 0xb1, 0x00, 0xc0, 0x00, 0x00, 0x09, 0x30, 0x00, 0xc0, 0x00, 0x00, 0x00, 0x4f, 0xff, 0xff,
    0xfe, 0x00, 0x00, 0x48, 0x00, 0xc0, 0x00, 0x00, 0x00, 0x48, 0x00, 0xc0, 0x00, 0x00, 0x5f, 0xff,
    0xff, 0xff, 0xff, 0xf4, 0x01, 0x10, 0x00, 0xc0, 0x01, 0x10, 0x00, 0x00, 0x00, 0xc0, 0x00, 0x00,
    0x00, 0x00, 0x00, 0xd0, 0x00, 0x00, 0x00, 0x10, 0x04, 0x80, 0x00, 0x00, 0x01, 0xff, 0xff, 0xff,
    0xff, 0xf5, 0x01, 0xb0, 0x10, 0x00, 0x00, 0x00, 0x00, 0xb4, 0xff, 0xff, 0xfe, 0x30, 0x00, 0xb0,
    0x02, 0x21, 0x71, 0x00, 0x00, 0xb1, 0x02, 0x7c, 0x20, 0x10, 0x01, 0xad, 0xff, 0xff, 0xff, 0xf1,
    0x02, 0x91, 0x00, 0x1a, 0x01, 0x90, 0x05, 0x60, 0x00, 0x1a, 0x02, 0x30, 0x0b, 0x20, 0x00, 0x1a,
    0x00, 0x00, 0x17, 0x00, 0x04, 0x79, 0x00, 0x00, 0x00, 0x00, 0x03, 0x61, 0x00, 0x00, 0x00, 0x10,
    0x04, 0x80, 0x00, 0x10, 0x05, 0xff, 0xff, 0xff, 0xff, 0xf0, 0x05, 0x60, 0x00, 0x00, 0x00, 0x00,
    0x04, 0x71, 0x65, 0x00, 0xb0, 0x10, 0x04, 0xaf, 0xff, 0xff, 0xff, 0xb0, 0x04, 0x71, 0x08, 0x30,
    0x11, 0x10, 0x04, 0x69, 0xff, 0xff, 0xf7, 0x00, 0x06, 0x50, 0x38, 0x00, 0x91, 0x00, 0x08, 0x40,
    0x06, 0x89, 0x20, 0x00, 0x0c, 0x11, 0x49, 0xbb, 0x84, 0x20, 0x29, 0x6d, 0x83, 0x00, 0x48, 0xb1,
    0x00, 0x00, 0x00, 0x0c, 0x00, 0x00, 0x00, 0x00, 0x4f, 0xff, 0xfe, 0x30, 0x3f, 0xf9, 0x00, 0x0b,
    0x07, 0x40, 0x00, 0x61, 0xff, 0xff, 0xff, 0xf5, 0x01, 0x61, 0x5f, 0xff, 0xff, 0x40, 0x0c, 0xfc,
    0x01, 0x0b, 0x01, 0x00, 0x02, 0x09, 0x9f, 0xff, 0xff, 0x90, 0x0a, 0x27, 0x00, 0x0b, 0x00, 0x00,
    0x02, 0xc3, 0xff, 0xff, 0xff, 0xe0, 0x03, 0xab, 0x51, 0x0c, 0x00, 0x00, 0x3a, 0x10, 0x69, 0xaa,
    0xab, 0xc4, 0x04, 0xff, 0xff, 0xff, 0xff, 0x40, 0x00, 0x00, 0xb0, 0x06, 0x50, 0x00, 0x00, 0x00,
    0xb0, 0x06, 0x50, 0x00, 0x01, 0x00, 0xb0, 0x06, 0x50, 0x10, 0x5f, 0xff, 0xff, 0xff, 0xff, 0xf5,
    0x00, 0x01, 0xa0, 0x06, 0x50, 0x00, 0x00, 0x04, 0x70, 0x06, 0x50, 0x00, 0x00, 0x0b, 0x20, 0x06,
    0x50, 0x00, 0x00, 0x97, 0x00, 0x06, 0x50, 0x00, 0x07, 0x80, 0x00, 0x07, 0x60, 0x00, 0x00, 0xff,
    0xff, 0xff, 0xfa, 0x00, 0x00, 0xb0, 0x00, 0x00, 0x1a, 0x00, 0x00, 0xef, 0xff, 0xff, 0xfa, 0x10,
    0x00, 0xc1, 0x00, 0x00, 0x02, 0xc2, 0x00, 0x9f, 0xfe, 0xef, 0xfe, 0x80, 0x01, 0x09, 0x30, 0x04,
    0x80, 0x10, 0x4f, 0xff, 0xff, 0xff, 0xff, 0xf4, 0x01, 0x0a, 0x10, 0x04, 0x70, 0x10, 0x00, 0x5a,
    0x00, 0x04, 0x70, 0x00, 0x06, 0x91, 0x00, 0x04, 0x70, 0x00, 0x00, 0x00, 0x00, 0x03, 0x40, 0x00,
    0x00, 0x00, 0x00, 0x3a, 0x42, 0x00, 0x01, 0x00, 0x00, 0x29, 0x2b, 0x20, 0x4f, 0xff, 0xff, 0xff,
    0xff, 0xe0, 0x00, 0x00, 0x00, 0x19, 0x00, 0x00, 0x01, 0x00, 0x01, 0x1a, 0x00, 0x00, 0x07, 0xff,
    0xff, 0x4a, 0x00, 0x00, 0x01, 0x15, 0x61, 0x0a, 0x00, 0x00, 0x00, 0x05, 0x60, 0x08, 0x30, 0x00,
    0x00, 0x05, 0x60, 0x02, 0xa0, 0x10, 0x00, 0x06, 0xaa, 0x80, 0x79, 0xb2, 0x0a, 0xc9, 0x51, 0x00,
    0x06, 0x80, 0x01, 0x00, 0x00, 0x00, 0x00, 0x00, 0x00, 0xff, 0xff, 0xff, 0xf6, 0x00, 0x00, 0x21,
    0x10, 0x00, 0x65, 0x00, 0x11, 0x9f, 0xff, 0xff, 0xf5, 0x00, 0x6f, 0xff, 0xff, 0xff, 0xff, 0xf3,
    0x13, 0x20, 0x07, 0x50, 0x16, 0x10, 0x03, 0xb6, 0x07, 0x71, 0x95, 0x00, 0x00, 0x07, 0xa7, 0xac,
    0x10, 0x00, 0x02, 0x98, 0x17, 0x55, 0xb4, 0x00, 0x4b, 0x20, 0x08, 0x40, 0x19, 0xc3, 0x00, 0x00,
    0xbb, 0x10, 0x00, 0x20, 0x00, 0x09, 0x20, 0x0a, 0x30, 0x00, 0x00, 0x77, 0x01, 0x0a, 0x10, 0x10,
    0x08, 0x70, 0x4f, 0xff, 0xff, 0xb0, 0x04, 0x08, 0x22, 0x0a, 0x11, 0x21, 0x00, 0x76, 0xbf, 0xff,
    0xff, 0xf7, 0x05, 0xe2, 0x21, 0x00, 0x67, 0x11, 0x2a, 0xa2, 0xaf, 0xff, 0xff, 0xf4, 0x00, 0xa2,
    0x05, 0x00, 0x66, 0x00, 0x00, 0xa2, 0x07, 0x70, 0x66, 0x00, 0x00, 0xa2, 0x00, 0x60, 0x66, 0x00,
    0x00, 0xb2, 0x00, 0x08, 0xd3, 0x00, 0x00, 0x00, 0x06, 0x60, 0x00, 0x00, 0x01, 0x00, 0x06, 0x50,
    0x00, 0x10, 0x1f, 0xff, 0xff, 0xff, 0xff, 0xf1, 0x01, 0x10, 0x06, 0x50, 0x01, 0x10, 0x00, 0x10,
    0x06, 0x50, 0x01, 0x00, 0x00, 0xff, 0xff, 0xff, 0xff, 0x00, 0x00, 0x11, 0x09, 0x20, 0x12, 0x00,
    0x04, 0x64, 0x82, 0xb0, 0x2b, 0x10, 0x08, 0x43, 0x80, 0x41, 0x14, 0xa0, 0x1c, 0x03, 0x80, 0x00,
    0x83, 0x71, 0x13, 0x01, 0xba, 0x9a, 0x80, 0x00, 0x00, 0xc1, 0x00, 0x59, 0x00, 0x00, 0x00, 0xb0,
    0x11, 0x47, 0x01, 0x00, 0x01, 0xb4, 0x7f, 0xff, 0xff, 0x20, 0x28, 0xb8, 0x30, 0x47, 0x09, 0x20,
    0x37, 0xb3, 0x80, 0x46, 0x0a, 0x10, 0x65, 0xb0, 0x20, 0x56, 0x0a, 0x11, 0x11, 0xb0, 0xff, 0xff,
    0xff, 0xf6, 0x00, 0xb0, 0x10, 0x96, 0x50, 0x11, 0x00, 0xb0, 0x02, 0xa0, 0x84, 0x00, 0x00, 0xb0,
    0x4c, 0x20, 0x09, 0x81, 0x00, 0xd4, 0xb2, 0x00, 0x00, 0x62, 0x00, 0x00, 0x09, 0x50, 0x00, 0x00,
    0x00, 0x00, 0x0c, 0x10, 0x00, 0x00, 0x0e, 0xff, 0xff, 0xff, 0xff, 0xf4, 0x00, 0x00, 0x75, 0x28,
    0x00, 0x00, 0x00, 0x04, 0x97, 0x16, 0x70, 0x00, 0x00, 0x6a, 0x03, 0xb1, 0x79, 0x10, 0x3c, 0x83,
    0x31, 0x20, 0x05, 0xd3, 0x03, 0x46, 0x64, 0xa2, 0x05, 0x20, 0x07, 0x66, 0x50, 0x24, 0x06, 0x80,
    0x3b, 0x06, 0x60, 0x01, 0xa0, 0x71, 0x01, 0x04, 0xff, 0xff, 0x80, 0x00, 0x00, 0x00, 0x01, 0x10,
    0x00, 0x00, 0x00, 0x15, 0x00, 0x02, 0xa0, 0x00, 0x00, 0x08, 0x80, 0x0a, 0x40, 0x00, 0x00, 0x11,
    0x60, 0x58, 0x01, 0x00, 0x00, 0x9f, 0xff, 0xff, 0xf8, 0x00, 0x00, 0x92, 0x00, 0x00, 0x38, 0x00,
    0x00, 0x9f, 0xff, 0xff, 0xf8, 0x00, 0x00, 0x11, 0x04, 0x00, 0x12, 0x00, 0x03, 0x56, 0x27, 0x80,
    0x1c, 0x10, 0x08, 0x48, 0x20, 0xa3, 0x25, 0x90, 0x0c, 0x08, 0x20, 0x10, 0x85, 0xb2, 0x25, 0x05,
    0xba, 0xaa, 0x90, 0x10, 0x00, 0xc0, 0x03, 0xa0, 0x00, 0x00, 0x00, 0xa0, 0x04, 0x70, 0x00, 0x00,
    0x00, 0xa3, 0xbf, 0xff, 0xff, 0xf4, 0x47, 0xaa, 0x18, 0x26, 0x60, 0x10, 0x66, 0xa4, 0x5a, 0x26,
    0x42, 0x50, 0x73, 0xa0, 0x47, 0xb7, 0x48, 0x40, 0x00, 0xa1, 0xc5, 0x88, 0x78, 0x00, 0x00, 0xa5,
    0x61, 0x1b, 0xa0, 0x00, 0x00, 0xa0, 0x00, 0x67, 0x67, 0x00, 0x00, 0xb0, 0x07, 0xb0, 0x09, 0x91,
    0x00, 0xd0, 0xa7, 0x00, 0x00, 0x83, 0x00, 0x00, 0x47, 0x00, 0x00, 0x00, 0x00, 0x6f, 0xff, 0xff,
    0xf9, 0x00, 0x00, 0x65, 0x00, 0x00, 0x29, 0x00, 0x00, 0x6f, 0xff, 0xff, 0xf9, 0x00, 0x00, 0x6f,
    0xff, 0xff, 0xf9, 0x00, 0x00, 0x65, 0x00, 0x00, 0x29, 0x00, 0x00, 0x6f, 0xff, 0xff, 0xf9, 0x00,
    0x02, 0x37, 0x36, 0x70, 0x07, 0x00, 0x09, 0x38, 0x20, 0x64, 0x05, 0x90, 0x3a, 0x08, 0x30, 0x00,
    0x67, 0x84, 0x12, 0x05, 0xff, 0xff, 0xc2, 0x00, 0x00, 0x00, 0x00, 0x00, 0x00, 0x00, 0x00, 0xc1,
    0x00, 0x0a, 0x30, 0x00, 0x00, 0xa0, 0x5f, 0xff, 0xff, 0xb0, 0x01, 0xa7, 0x00, 0x09, 0x20, 0x00,
    0x0a, 0xa5, 0x5d, 0xff, 0xff, 0x50, 0x47, 0xa0, 0xbf, 0xff, 0xff, 0xf7, 0x01, 0xa0, 0x0e, 0xff,
    0xff, 0x60, 0x00, 0xa0, 0x0b, 0x00, 0x05, 0x60, 0x00, 0xa0, 0x0d, 0xff, 0xff, 0x60, 0x00, 0xa0,
    0x0d, 0xff, 0xff, 0x60, 0x00, 0xb0, 0x0b, 0x00, 0x05, 0x60, 0x00, 0xc0, 0x0c, 0x00, 0x5c, 0x30,
    0x00, 0xc1, 0x01, 0x00, 0x01, 0x00, 0x00, 0xa0, 0x0f, 0xff, 0xff, 0x50, 0x02, 0xa6, 0x0e, 0xff,
    0xff, 0x50, 0x0a, 0xa6, 0x5f, 0xff, 0xff, 0x60, 0x28, 0xa1, 0xbf, 0xff, 0xff, 0xf1, 0x53, 0xa0,
    0xa0, 0x90, 0x91, 0x81, 0x00, 0xa0, 0xbf, 0xff, 0xff, 0xf2, 0x00, 0xa0, 0x5f, 0xff, 0xff, 0x50,
    0x00, 0xa0, 0x02, 0x60, 0x14, 0x00, 0x00, 0xb0, 0x01, 0x77, 0x95, 0x10, 0x00, 0xc1, 0xb9, 0x40,
    0x05, 0xa3, 0x00, 0x00, 0x00, 0x85, 0x62, 0x00, 0x00, 0x10, 0x00, 0x65, 0x2c, 0x10, 0x05, 0xff,
    0xff, 0xff, 0xff, 0xe0, 0x05, 0x60, 0x00, 0x46, 0x02, 0x00, 0x04, 0x70, 0x01, 0x28, 0x0c, 0x20,
    0x04, 0xff, 0xf9, 0x0b, 0x39, 0x00, 0x05, 0x60, 0x28, 0x0b, 0xa2, 0x00, 0x05, 0x60, 0x37, 0x08,
    0x90, 0x00, 0x07, 0x40, 0x46, 0x3c, 0xb0, 0x00, 0x0a, 0x27, 0xa7, 0xc1, 0x86, 0x83, 0x2d, 0x04,
    0x5b, 0x20, 0x0a, 0xd0, 0x13, 0x00, 0x00, 0x00, 0x00, 0x10, 0x00, 0x00, 0x00, 0x77, 0x61, 0x00,
    0x00, 0x00, 0x00, 0x65, 0x3a, 0x00, 0x4f, 0xff, 0xff, 0xff, 0xff, 0xf0, 0x00, 0x00, 0x00, 0x46,
    0x00, 0x00, 0x02, 0xff, 0xfb, 0x38, 0x07, 0x30, 0x02, 0x80, 0x0a, 0x09, 0x0a, 0x00, 0x02, 0x80,
    0x0a, 0x09, 0x44, 0x00, 0x02, 0xff, 0xfb, 0x08, 0x60, 0x00, 0x00, 0x14, 0x8a, 0x4c, 0xa0, 0x10,
    0x0b, 0xa6, 0x24, 0xb2, 0x94, 0xa1, 0x00, 0x00, 0x2a, 0x10, 0x1b, 0x90, 0x00, 0x00, 0x56, 0x00,
    0x00, 0x00, 0x10, 0x0a, 0x30, 0x00, 0x01, 0xff, 0xff, 0xff, 0xfb, 0x01, 0xa0, 0x00, 0x00, 0x0b,
    0x01, 0xa0, 0x00, 0x00, 0x0b, 0x01, 0xa0, 0x00, 0x00, 0x0b, 0x01, 0xff, 0xff, 0xff, 0xfb, 0x03,
    0x90, 0x00, 0x00, 0x0b, 0x06, 0x70, 0x00, 0x00, 0x00, 0x1c, 0x10, 0x00, 0x00, 0x00, 0x76, 0x00,
    0x00, 0x00, 0x00, 0x00, 0x54, 0x34, 0x78, 0x9a, 0x00, 0x00, 0x00, 0x03, 0x80, 0x00, 0x00, 0x00,
    0x10, 0x03, 0x80, 0x11, 0x00, 0x00, 0xef, 0xff, 0xff, 0xfe, 0x00, 0x01, 0x11, 0x03, 0x80, 0x11,
    0x10, 0x6f, 0xff, 0xff, 0xff, 0xff, 0xf6, 0x11, 0x10, 0x03, 0x80, 0x01, 0x11, 0x00, 0x00, 0x03,
    0x80, 0x00, 0x00, 0x00, 0x00, 0x04, 0x80, 0x00, 0x00, 0x00, 0x01, 0xbc, 0x40, 0x00, 0x00, 0x00,
    0x76, 0x00, 0x00, 0x00, 0x00, 0x00, 0x65, 0x1a, 0xff, 0xff, 0x40, 0x5f, 0xff, 0xfa, 0x00, 0x08,
    0x20, 0x01, 0x55, 0x1a, 0x03, 0xbb, 0x00, 0x00, 0x55, 0x3a, 0x00, 0x10, 0x00, 0x00, 0x88, 0x6a,
    0xff, 0xff, 0x90, 0x4c, 0xa5, 0x0a, 0x55, 0x04, 0x40, 0x00, 0x55, 0x0a, 0x19, 0x07, 0x00, 0x00,
    0x55, 0x0a, 0x05, 0x95, 0x00, 0x01, 0x75, 0x0a, 0x03, 0x4a, 0x92, 0x08, 0xa1, 0x0b, 0x22, 0x00,
    0x41, 0x00, 0xb3, 0x10, 0x00, 0x00, 0x10, 0x10, 0xa1, 0x8f, 0xff, 0xff, 0x80, 0x8f, 0xff, 0xd4,
    0x60, 0x0b, 0x10, 0x11, 0xa1, 0x10, 0x75, 0x93, 0x00, 0x00, 0xaa, 0x40, 0x3f, 0xd4, 0x00, 0x02,
    0xd5, 0x6b, 0x8a, 0x38, 0xd5, 0x5b, 0xb1, 0x6f, 0xff, 0xff, 0x90, 0x00, 0xa1, 0x01, 0x09, 0x21,
    0x10, 0x00, 0xa2, 0xff, 0xff, 0xff, 0xf7, 0x14, 0xc1, 0x00, 0x09, 0x20, 0x00, 0x08, 0x60, 0x00,
    0x09, 0x20, 0x00, 0x00, 0x40, 0x00, 0x1a, 0x00, 0x00, 0x00, 0xa2, 0x00, 0x09, 0x30, 0x00, 0x00,
    0xa2, 0x8f, 0xff, 0xff, 0xf3, 0x3f, 0xff, 0xb3, 0x03, 0x00, 0x83, 0x01, 0xa2, 0x41, 0x57, 0x00,
    0x31, 0x00, 0xab, 0xaf, 0xff, 0xff, 0xf6, 0x2b, 0xd2, 0x02, 0xa0, 0x0a, 0x10, 0x02, 0xa1, 0x0a,
    0x40, 0x29, 0x00, 0x00, 0xa1, 0x01, 0x78, 0xb1, 0x00, 0x00, 0xa1, 0x03, 0x8c, 0x8b, 0x50, 0x0b,
    0xb0, 0xab, 0x50, 0x02, 0xa1, 0x00, 0x20, 0x00, 0x82, 0x00, 0x00, 0x00, 0xb2, 0x02, 0xff, 0xc6,
    0x00, 0x00, 0xb1, 0x18, 0x11, 0xa8, 0x00, 0x6f, 0xff, 0x7e, 0xff, 0xff, 0x80, 0x10, 0xb1, 0x1b,
    0x07, 0x33, 0x80, 0x00, 0xba, 0x2b, 0x08, 0x33, 0x80, 0x4a, 0xd1, 0x1b, 0x08, 0x23, 0x80, 0x00,
    0xb1, 0xff, 0xff, 0xff, 0xf8, 0x00, 0xb1, 0x10, 0x26, 0x70, 0x01, 0x00, 0xb0, 0x17, 0x80, 0x2a,
    0x40, 0x0c, 0xa2, 0xc4, 0x00, 0x01, 0xa2, 0x00, 0x78, 0x01, 0x00, 0x00, 0x10, 0x00, 0x66, 0x0c,
    0xff, 0xff, 0xd0, 0x00, 0x56, 0x1a, 0x00, 0x00, 0xa0, 0x4f, 0xff, 0xeb, 0xff, 0xff, 0xd0, 0x01,
    0x56, 0x4a, 0x00, 0xb1, 0x21, 0x00, 0x6c, 0x7b, 0xff, 0xff, 0xf6, 0x2c, 0xb6, 0x0a, 0x00, 0xa0,
    0x11, 0x02, 0x56, 0x0a, 0xcf, 0xff, 0xf0, 0x00, 0x56, 0x29, 0xa0, 0x00, 0xa0, 0x00, 0x56, 0x95,
    0xcf, 0xff, 0xf0, 0x07, 0xd3, 0x80, 0xa0, 0x00, 0x80, 0x00, 0x30, 0x00, 0x00, 0x40, 0x00, 0x00,
    0xb1, 0x00, 0xa1, 0xb0, 0x10, 0x4f, 0xff, 0xcf, 0xe0, 0xcf, 0xf2, 0x00, 0xb1, 0x10, 0xb0, 0xb0,
    0x10, 0x00, 0xb0, 0x00, 0xb0, 0xb0, 0x10, 0x00, 0xba, 0x7e, 0xe0, 0xcf, 0xe0, 0x3c, 0xd3, 0x00,
    0xb0, 0xb0, 0x10, 0x12, 0xb0, 0x00, 0xb0, 0xb0, 0x00, 0x00, 0xb1, 0xff, 0xe0, 0xcf, 0xf7, 0x00,
    0xb0, 0x10, 0xb0, 0xb0, 0x00, 0x0d, 0xa0, 0x00, 0xc0, 0xc0, 0x00, 0x00, 0xc1, 0x00, 0x28, 0x00,
    0x10, 0x00, 0xb0, 0x6f, 0xff, 0xff, 0xc0, 0x4f, 0xff, 0x53, 0x10, 0x1a, 0x10, 0x01, 0xb0, 0x12,
    0xa0, 0x74, 0x10, 0x00, 0xb0, 0xaf, 0xff, 0xff, 0xf4, 0x03, 0xca, 0x30, 0x75, 0x00, 0x10, 0x4c,
    0xc1, 0xff, 0xff, 0xff, 0xf7, 0x01, 0xb0, 0x06, 0x50, 0x39, 0x00, 0x00, 0xb0, 0x08, 0x97, 0xb1,
    0x00, 0x00, 0xb0, 0x14, 0x9a, 0x99, 0x30, 0x0c, 0xa0, 0xa7, 0x20, 0x02, 0x80, 0x00, 0xc2, 0x00,
    0x00, 0x00, 0x00, 0x10, 0xb0, 0x1c, 0xff, 0xff, 0x50, 0x7f, 0xff, 0xab, 0xff, 0xff, 0x50, 0x10,
    0xb0, 0x1b, 0x00, 0x06, 0x50, 0x00, 0xb2, 0x3c, 0xff, 0xff, 0x60, 0x03, 0xda, 0xbf, 0xff, 0xff,
    0xf3, 0x59, 0xc0, 0x13, 0x09, 0x20, 0x10, 0x00, 0xb0, 0x0c, 0x19, 0xff, 0xb0, 0x00, 0xb0, 0x2e,
    0x49, 0x20, 0x00, 0x01, 0xc0, 0xa2, 0xad, 0x31, 0x11, 0x2f, 0xa4, 0x60, 0x05, 0x89, 0xa4, 0x00,
    0xa4, 0x00, 0x17, 0x50, 0x00, 0x00, 0xa2, 0x2a, 0xa7, 0x9f, 0xf1, 0x00, 0xa2, 0x28, 0x06, 0x40,
    0x91, 0x5f, 0xff, 0x8f, 0xf7, 0x7f, 0xf1, 0x00, 0x92, 0x38, 0x16, 0x40, 0x91, 0x00, 0x9b, 0x69,
    0xdf, 0xff, 0xf2, 0x28, 0xd4, 0x3c, 0xff, 0xff, 0xc0, 0x12, 0x92, 0x01, 0x60, 0x06, 0x20, 0x00,
    0x92, 0x00, 0x35, 0x53, 0x00, 0x00, 0xa2, 0x01, 0x6b, 0xb7, 0x10, 0x1d, 0xc0, 0x8b, 0x60, 0x06,
    0xb3, 0x00, 0xa4, 0x01, 0x00, 0x00, 0x10, 0x00, 0x92, 0x7f, 0xff, 0xff, 0xd1, 0x39, 0xde, 0xa6,
    0xff, 0xff, 0x00, 0x01, 0x92, 0x16, 0xff, 0xff, 0x00, 0x00, 0x92, 0x16, 0x52, 0x3b, 0x42, 0x00,
    0x9b, 0x69, 0x87, 0x6c, 0x51, 0x14, 0xa2, 0x00, 0x00, 0x03, 0x00, 0x11, 0x92, 0xcf, 0xf7, 0xef,
    0xd0, 0x00, 0x92, 0x24, 0x70, 0x75, 0x60, 0x00, 0xa2, 0x1a, 0xa3, 0x5d, 0x30, 0x0c, 0xa2, 0xb2,
    0x1a, 0x60, 0x83, 0x00, 0x10, 0x03, 0x70, 0x00, 0x10, 0x05, 0xff, 0xff, 0xff, 0xff, 0xf3, 0x05,
    0x6f, 0xff, 0xaf, 0xff, 0xb0, 0x05, 0x61, 0x88, 0x55, 0xb6, 0x20, 0x04, 0x79, 0x45, 0x54, 0xa0,
    0x70, 0x04, 0x60, 0x00, 0x01, 0x35, 0x00, 0x05, 0x55, 0x87, 0x8a, 0x55, 0x20, 0x06, 0x5b, 0xff,
    0xff, 0xff, 0xc1, 0x09, 0x6f, 0xff, 0xff, 0xff, 0xf7, 0x0c, 0x11, 0x00, 0x47, 0x00, 0x11, 0x36,
    0x00, 0x0a, 0xd4, 0x00, 0x00, 0x00, 0x05, 0x80, 0x49, 0x00, 0x00, 0x09, 0x14, 0x60, 0x86, 0x00,
    0x00, 0x0b, 0x04, 0x60, 0xc1, 0x00, 0x30, 0x0b, 0x04, 0x65, 0xff, 0xff, 0xf1, 0x0b, 0x04, 0x7d,
    0x70, 0x0a, 0x10, 0x0b, 0x04, 0x73, 0x92, 0x38, 0x00, 0x0c, 0x39, 0x60, 0x38, 0x84, 0x00, 0x2d,
    0x86, 0x60, 0x09, 0xc0, 0x00, 0x00, 0x04, 0x60, 0x1b, 0xa1, 0x00, 0x00, 0x04, 0x75, 0xc3, 0x1a,
    0x61, 0x00, 0x05, 0x98, 0x10, 0x00, 0x70, 0x00, 0x00, 0x00, 0x58, 0x00, 0x00, 0x5f, 0xff, 0x80,
    0x83, 0x00, 0x00, 0x00, 0x02, 0x80, 0xb0, 0x00, 0x10, 0x00, 0x02, 0x84, 0xff, 0xff, 0xf0, 0x00,
    0x02, 0x9c, 0x50, 0x2a, 0x10, 0x0f, 0xff, 0x95, 0xb0, 0x47, 0x00, 0x0b, 0x00, 0x00, 0x65, 0xa3,
    0x00, 0x0b, 0x00, 0x40, 0x0b, 0xb0, 0x00, 0x0b, 0x5b, 0x40, 0x4b, 0xa1, 0x00, 0x2f, 0x81, 0x29,
    0xa1, 0x2b, 0x61, 0x03, 0x03, 0xc4, 0x00, 0x01, 0x71, 0x00, 0x36, 0x00, 0x0b, 0x00, 0x00, 0x00,
    0x48, 0x00, 0x46, 0x00, 0x00, 0x00, 0x48, 0x00, 0xaf, 0xff, 0xf3, 0x8f, 0xff, 0xfe, 0x90, 0x0a,
    0x10, 0x00, 0x48, 0x07, 0x53, 0x0a, 0x00, 0x0d, 0xff, 0xf3, 0x46, 0x0a, 0x00, 0x0b, 0x00, 0x82,
    0x19, 0x38, 0x00, 0x0b, 0x00, 0x82, 0x09, 0xa3, 0x00, 0x0b, 0x00, 0x82, 0x06, 0xd1, 0x00, 0x0d,
    0xff, 0xf3, 0x8b, 0x5c, 0x40, 0x0b, 0x00, 0x6d, 0x70, 0x03, 0xb3, 0x01, 0x00, 0x00, 0x00, 0x00,
    0x00, 0x01, 0x0b, 0x14, 0x17, 0x60, 0x00, 0x08, 0x4a, 0x2a, 0x09, 0x20, 0x00, 0x00, 0x4a, 0x21,
    0x0b, 0x00, 0x00, 0x4f, 0xff, 0xff, 0xaf, 0xff, 0xf5, 0x01, 0x6b, 0x82, 0x67, 0x07, 0x30, 0x28,
    0x0c, 0x27, 0xcb, 0x09, 0x10, 0x00, 0x1b, 0x01, 0x16, 0x4b, 0x00, 0x4f, 0xff, 0xfb, 0x01, 0xc9,
    0x00, 0x01, 0x80, 0x22, 0x01, 0xc6, 0x00, 0x02, 0x66, 0x5b, 0x4b, 0x27, 0x71, 0x09, 0x50, 0x05,
    0xa1, 0x00, 0x62, 0x01, 0x06, 0x50, 0x04, 0x60, 0x00, 0x4f, 0xff, 0xff, 0xf7, 0x51, 0x00, 0x00,
    0x06, 0x40, 0x0b, 0xff, 0xf3, 0x09, 0xff, 0xff, 0x99, 0x07, 0x20, 0x09, 0xfe, 0xff, 0x76, 0x59,
    0x00, 0x01, 0x87, 0x7a, 0x11, 0xc9, 0x10, 0x2a, 0x17, 0x51, 0x4a, 0x24, 0xc2, 0x05, 0xff, 0xff,
    0xff, 0xff, 0x80, 0x00, 0x19, 0x03, 0xff, 0xfb, 0x10, 0x11, 0x0a, 0x03, 0x80, 0x01, 0x11, 0x6f,
    0xff, 0xff, 0xff, 0xff, 0xf5, 0x00, 0x00, 0x00, 0x00, 0x00, 0x00, 0x00, 0x07, 0x49, 0x01, 0xc0,
    0x00, 0x7f, 0xff, 0xff, 0xf7, 0x70, 0x00, 0x1d, 0xff, 0xff, 0x99, 0xdc, 0xc6, 0x0a, 0x49, 0x66,
    0x7c, 0x03, 0x80, 0x0b, 0xff, 0xff, 0xd7, 0x04, 0x60, 0x0b, 0xff, 0xff, 0x75, 0x56, 0x30, 0x0a,
    0x0a, 0x12, 0x61, 0x99, 0x00, 0x6f, 0xff, 0xff, 0xf0, 0xa8, 0x00, 0x00, 0x6f, 0xfe, 0x10, 0x8b,
    0x00, 0x03, 0xa1, 0x0a, 0x08, 0x68, 0xa0, 0x49, 0x05, 0xb4, 0xa5, 0x00, 0x94, 0x01, 0x03, 0x91,
    0x00, 0x15, 0x40, 0x1b, 0x72, 0x8a, 0x6b, 0x86, 0x30, 0x19, 0x75, 0x98, 0x37, 0x00, 0x00, 0x19,
    0x24, 0x80, 0x37, 0x00, 0x00, 0x1a, 0xaa, 0xca, 0x6f, 0xff, 0xf3, 0x19, 0x19, 0xa7, 0x47, 0x0a,
    0x00, 0x19, 0x65, 0x89, 0x67, 0x0a, 0x00, 0x1a, 0x92, 0x82, 0x66, 0x0a, 0x00, 0x19, 0x03, 0x80,
    0x74, 0x0a, 0x00, 0x2f, 0xff, 0xfc, 0xc1, 0x0a, 0x00, 0x01, 0x00, 0x03, 0xa0, 0x0c, 0x00, 0x00,
    0x67, 0x00, 0x01, 0x37, 0x90, 0x01, 0x03, 0x00, 0x2d, 0x62, 0x00, 0x3f, 0xff, 0xff, 0x8a, 0x00,
    0x00, 0x03, 0xb1, 0xa1, 0x1a, 0x00, 0x00, 0x7f, 0xff, 0xff, 0x9f, 0xff, 0xf7, 0x01, 0x0a, 0x00,
    0x1a, 0x0a, 0x00, 0x1f, 0xff, 0xff, 0x89, 0x0a, 0x00, 0x04, 0x5a, 0x22, 0x57, 0x0a, 0x00, 0x0a,
    0x1a, 0x2a, 0x84, 0x0a, 0x00, 0x35, 0x0a, 0x04, 0xc0, 0x0a, 0x00, 0x00, 0x99, 0x0a, 0x40, 0x0b,
    0x00, 0x00, 0x00, 0x1b, 0x00, 0x00, 0x00, 0x00, 0x00, 0x09, 0x40, 0x00, 0x00, 0x1f, 0xff, 0xff,
    0xff, 0xff, 0xf1, 0x00, 0x00, 0xc0, 0x00, 0x00, 0x00, 0x00, 0x00, 0xc0, 0x00, 0x00, 0x00, 0x00,
    0x00, 0xff, 0xff, 0xfa, 0x00, 0x00, 0x01, 0xb0, 0x00, 0x29, 0x00, 0x00, 0x05, 0x90, 0x00, 0x47,
    0x00, 0x00, 0x0b, 0x30, 0x00, 0x66, 0x00, 0x00, 0x99, 0x00, 0x33, 0xa4, 0x00, 0x07, 0x90, 0x00,
    0x79, 0x60, 0x00, 0x04, 0xff, 0xff, 0xff, 0xfc, 0x00, 0x00, 0x00, 0x0c, 0x00, 0x00, 0x00, 0x00,
    0x00, 0x0b, 0x00, 0x00, 0x00, 0x00, 0x00, 0x0b, 0x00, 0x00, 0x00, 0x0f, 0xff, 0xff, 0xff, 0xff,
    0xa0, 0x00, 0x00, 0x38, 0x83, 0x00, 0x00, 0x00, 0x00, 0x92, 0x83, 0x00, 0x00, 0x00, 0x04, 0x80,
    0x83, 0x00, 0x31, 0x00, 0x67, 0x00, 0x84, 0x01, 0xb4, 0x1a, 0x40, 0x00, 0x6e, 0xff, 0xa0, 0xaf,
    0xff, 0xff, 0xfb, 0xa2, 0x00, 0x00, 0x39, 0xa2, 0x00, 0x00, 0x39, 0xa2, 0x00, 0x00, 0x39, 0xaf,
    0xff, 0xff, 0xf9, 0xa2, 0x00, 0x00, 0x39, 0xa2, 0x00, 0x00, 0x39, 0xa2, 0x00, 0x00, 0x39, 0xaf,
    0xff, 0xff, 0xf9, 0xb2, 0x00, 0x00, 0x3a, 0x00, 0x00, 0x00, 0x01, 0x86, 0x03, 0x10, 0x00, 0x22,
    0x74, 0x0a, 0xff, 0xff, 0xf7, 0x74, 0x0a, 0x10, 0x00, 0x47, 0x74, 0x0a, 0x10, 0x00, 0x47, 0x74,
    0x0a, 0x10, 0x00, 0x47, 0x74, 0x0a, 0xff, 0xff, 0xf7, 0x74, 0x0a, 0x10, 0x00, 0x47, 0x74, 0x0a,
    0x10, 0x00, 0x47, 0x74, 0x0a, 0x10, 0x00, 0x47, 0x74, 0x0a, 0xff, 0xff, 0xf7, 0x85, 0x0a, 0x10,
    0x00, 0x48, 0x00, 0x02, 0x00, 0x00, 0x00, 0x00, 0xbf, 0xff, 0xff, 0xfc, 0x00, 0x00, 0xa2, 0x00,
    0x00, 0x1b, 0x00, 0x00, 0xaf, 0xff, 0xff, 0xfb, 0x00, 0x00, 0xa2, 0x00, 0x00, 0x1c, 0x00, 0x00,
    0xbf, 0xff, 0xff, 0xfc, 0x00, 0x11, 0x10, 0x06, 0x50, 0x01, 0x11, 0x5f, 0xff, 0xff, 0xff, 0xff,
    0xf5, 0x11, 0x10, 0x06, 0x50, 0x01, 0x11, 0x00, 0x00, 0x06, 0x60, 0x00, 0x00, 0x00, 0x00, 0x07,
    0x70, 0x00, 0x00, 0x00, 0x00, 0x00, 0x00, 0x67, 0x00, 0x3f, 0xff, 0x90, 0x00, 0x56, 0x00, 0x38,
    0x02, 0x91, 0x00, 0x56, 0x00, 0x38, 0x02, 0xbf, 0xff, 0xff, 0xf4, 0x38, 0x02, 0x91, 0x00, 0x56,
    0x10, 0x3f, 0xff, 0x93, 0x90, 0x56, 0x00, 0x38, 0x02, 0x90, 0x85, 0x56, 0x00, 0x38, 0x02, 0x90,
    0x16, 0x56, 0x00, 0x3f, 0xff, 0x90, 0x00, 0x56, 0x00, 0x38, 0x02, 0x90, 0x00, 0x66, 0x00, 0x23,
    0x00, 0x10, 0x4d, 0xc2, 0x00, 0x00, 0x9f, 0xff, 0xff, 0xf9, 0x00, 0x00, 0x9f, 0xff, 0xff, 0xf9,
    0x00, 0x00, 0x91, 0x00, 0x00, 0x39, 0x00, 0x00, 0x9f, 0xff, 0xff, 0xf9, 0x00, 0x00, 0x71, 0x04,
    0x70, 0x00, 0x00, 0x01, 0xef, 0xff, 0xff, 0xff, 0x60, 0x08, 0x41, 0x04, 0x70, 0x01, 0x00, 0x06,
    0x3f, 0xff, 0xff, 0xfb, 0x00, 0x01, 0x11, 0x04, 0x70, 0x11, 0x10, 0x4f, 0xff, 0xff, 0xff, 0xff,
    0xf4, 0x00, 0xff, 0xff, 0xff, 0xfb, 0x00, 0x00, 0xb0, 0x00, 0x00, 0x1a, 0x00, 0x00, 0xef, 0xff,
    0xff, 0xfa, 0x00, 0x00, 0xb0, 0x00, 0x00, 0x1a, 0x00, 0x00, 0xff, 0xff, 0xff, 0xe9, 0x00, 0x02,
    0x40, 0xa1, 0x47, 0x05, 0x20, 0x01, 0xc1, 0xa1, 0x47, 0x1c, 0x20, 0x00, 0x77, 0xa1, 0x47, 0x94,
    0x00, 0x01, 0x13, 0xa1, 0x47, 0x50, 0x10, 0x4f, 0xff, 0xff, 0xff, 0xff, 0xf4, 0x00, 0x00, 0x01,
    0xa0, 0x00, 0x00, 0x4f, 0xfd, 0x08, 0xff, 0xf8, 0x00, 0x47, 0x0b, 0x68, 0x01, 0x91, 0x10, 0x47,
    0x0b, 0x9d, 0xff, 0xff, 0x70, 0x47, 0x0b, 0x55, 0x0a, 0x04, 0x70, 0x4f, 0xfd, 0x55, 0x0a, 0x04,
    0x70, 0x47, 0x0b, 0x5f, 0xff, 0xff, 0x70, 0x47, 0x0b, 0x01, 0x6a, 0x61, 0x10, 0x4f, 0xfd, 0x02,
    0xa5, 0x50, 0x00, 0x47, 0x0a, 0x3b, 0x25, 0x51, 0xa2, 0x12, 0x05, 0x91, 0x03, 0xef, 0xa0, 0x00,
    0x48, 0x01, 0x00, 0x24, 0x40, 0x2f, 0xff, 0xff, 0x7b, 0x76, 0x40, 0x00, 0xa3, 0x30, 0x56, 0x00,
    0x00, 0x06, 0x45, 0x51, 0x5f, 0xff, 0xf3, 0x0c, 0xff, 0xff, 0x74, 0x0a, 0x00, 0x1b, 0x89, 0x95,
    0xc0, 0x0a, 0x00, 0x00, 0x15, 0x41, 0x30, 0x1c, 0x00, 0x00, 0xcf, 0xff, 0xff, 0xfe, 0x00, 0x00,
    0xbf, 0xff, 0xff, 0xfc, 0x00, 0x00, 0xa0, 0x00, 0x00, 0x0b, 0x00, 0x00, 0xcf, 0xff, 0xff, 0xfd,
    0x00, 0x00, 0x00, 0x00, 0x00, 0x05, 0x00, 0x00, 0x0b, 0x20, 0xc0, 0x00, 0x00, 0x0a, 0x00, 0xb0,
    0x00, 0x5f, 0xff, 0xff, 0xff, 0xf5, 0x56, 0x0a, 0x00, 0xb0, 0x75, 0x56, 0x0a, 0x00, 0xb0, 0x75,
    0x5f, 0xff, 0xff, 0xff, 0xf5, 0x56, 0x0a, 0x00, 0xb0, 0x75, 0x56, 0x0a, 0x00, 0xb0, 0x75, 0x56,
    0x0a, 0x00, 0xb0, 0x75, 0x5f, 0xff, 0xff, 0xff, 0xf5, 0x56, 0x00, 0x00, 0x00, 0x65, 0x0d, 0xff,
    0xff, 0xff, 0xff, 0xf0, 0x01, 0x10, 0x02, 0x90, 0x01, 0x10, 0x00, 0xbf, 0xff, 0xff, 0xff, 0x00,
    0x00, 0xb0, 0x02, 0x90, 0x0b, 0x00, 0x00, 0xbf, 0xff, 0xff, 0xff, 0x00, 0x00, 0xbf, 0xff, 0xff,
    0xff, 0x00, 0x00, 0x27, 0x05, 0x60, 0x00, 0x00, 0x00, 0x05, 0xac, 0x20, 0x00, 0x00, 0x00, 0x14,
    0xb7, 0xaa, 0x74, 0x31, 0x2c, 0xb7, 0x20, 0x01, 0x58, 0xa1, 0x00, 0x9f, 0xff, 0xff, 0xf7, 0x00,
    0x00, 0x8f, 0xff, 0xff, 0xf7, 0x00, 0x11, 0x9f, 0xff, 0xff, 0xf7, 0x10, 0x6f, 0xff, 0xff, 0xff,
    0xff, 0xf5, 0x00, 0xa0, 0x38, 0x10, 0x01, 0x20, 0x00, 0xef, 0xf8, 0x9f, 0xff, 0x20, 0x00, 0xef,
    0xf8, 0x15, 0x05, 0x00, 0x00, 0xa0, 0x4b, 0x43, 0x22, 0x00, 0x2b, 0x97, 0x79, 0x29, 0x7b, 0x30,
    0x00, 0x00, 0x39, 0xb3, 0x02, 0xb2, 0x00, 0xaf, 0xff, 0xff, 0xf7, 0x00, 0xa2, 0x00, 0x00, 0x57,
    0x00, 0xa2, 0x00, 0x00, 0x57, 0x00, 0xaf, 0xff, 0xff, 0xf7, 0x00, 0xa2, 0x00, 0x00, 0x57, 0x00,
    0xbf, 0xff, 0xff, 0xf7, 0x00, 0xc0, 0x00, 0x00, 0x57, 0x01, 0xc0, 0x00, 0x00, 0x57, 0x08, 0x60,
    0x00, 0x00, 0x67, 0x2a, 0x00, 0x00, 0x2d, 0xc3, 0x00, 0x00, 0x09, 0x30, 0x00, 0x00, 0x01, 0x00,
    0x0c, 0x00, 0x00, 0x10, 0x0e, 0xff, 0xff, 0xff, 0xff, 0xf5, 0x01, 0x10, 0x91, 0x00, 0x00, 0x10,
    0x00, 0x07, 0xff, 0xff, 0xff, 0x10, 0x01, 0x8b, 0x40, 0x00, 0x0b, 0x00, 0x1c, 0x47, 0xff, 0xff,
    0xff, 0x00, 0x01, 0x07, 0x40, 0x00, 0x0b, 0x00, 0x00, 0x07, 0xff, 0xff, 0xff, 0x00, 0x00, 0x07,
    0x40, 0x00, 0x0b, 0x00, 0x00, 0x08, 0x40, 0x00, 0xb9, 0x00, 0x00, 0xb0, 0x0b, 0x10, 0x00, 0x00,
    0x0f, 0xff, 0xff, 0xf7, 0xff, 0xf3, 0x00, 0xa0, 0x0a, 0x06, 0x40, 0x73, 0x00, 0xdf, 0xff, 0x06,
    0x40, 0x73, 0x00, 0xa0, 0x0a, 0x06, 0x23, 0x63, 0x00, 0xdf, 0xff, 0x06, 0x40, 0x73, 0x00, 0xa0,
    0x0a, 0x07, 0xff, 0xf3, 0x4f, 0xff, 0xff, 0xf9, 0x30, 0x73, 0x00, 0x85, 0x35, 0x1a, 0x10, 0x73,
    0x06, 0x70, 0x09, 0x4b, 0x00, 0x83, 0x16, 0x00, 0x01, 0x84, 0x08, 0xa1, 0x00, 0x00, 0x06, 0x70,
    0x00, 0x00, 0x00, 0x00, 0x05, 0x60, 0x00, 0x00, 0x00, 0x00, 0x05, 0x50, 0x00, 0x00, 0x0d, 0xff,
    0xff, 0xff, 0xff, 0xd0, 0x00, 0x00, 0x68, 0x96, 0x00, 0x00, 0x00, 0x02, 0xa5, 0x5a, 0x10, 0x00,
    0x00, 0x1b, 0x25, 0x53, 0xa0, 0x00, 0x01, 0xb4, 0x05, 0x50, 0x89, 0x00, 0x2c, 0x3c, 0xff, 0xff,
    0xc8, 0xc2, 0x01, 0x01, 0x16, 0x61, 0x10, 0x40, 0x00, 0x00, 0x06, 0x70, 0x00, 0x00, 0x00, 0x48,
    0x00, 0x00, 0x00, 0x00, 0x00, 0x47, 0x02, 0xff, 0xfb, 0x00, 0x00, 0x47, 0x02, 0xa0, 0x0b, 0x00,
    0x4f, 0xff, 0xf5, 0xa0, 0x0b, 0x00, 0x01, 0x8a, 0x12, 0xa0, 0x0b, 0x00, 0x01, 0x98, 0xa2, 0xa0,
    0x0b, 0x00, 0x09, 0x57, 0x43, 0x90, 0x0b, 0x00, 0x66, 0x47, 0x04, 0x70, 0x0b, 0x00, 0x00, 0x47,
    0x07, 0x40, 0x0b, 0x01, 0x00, 0x47, 0x1a, 0x00, 0x0c, 0x49, 0x00, 0x58, 0x93, 0x00, 0x0c, 0xe4,
    0x00, 0x3a, 0x00, 0x10, 0x00, 0x10, 0x00, 0x29, 0x04, 0xff, 0xff, 0xf0, 0x00, 0x29, 0x01, 0x10,
    0xc0, 0x10, 0x4f, 0xff, 0xf8, 0x00, 0xc0, 0x00, 0x01, 0x6b, 0x11, 0x00, 0xc0, 0x01, 0x00, 0xaa,
    0xaa, 0xff, 0xff, 0xf8, 0x08, 0x59, 0x52, 0x10, 0xc0, 0x11, 0x3a, 0x29, 0x00, 0x00, 0xc0, 0x00,
    0x01, 0x29, 0x00, 0x00, 0xc0, 0x00, 0x00, 0x29, 0x00, 0x00, 0xc0, 0x00, 0x00, 0x3a, 0x00, 0x01,
    0xc0, 0x00, 0x00, 0x01, 0xa1, 0x00, 0x00, 0x00, 0x00, 0x09, 0xff, 0xff, 0xf5, 0x00, 0x00, 0x98,
    0x40, 0x05, 0x70, 0x00, 0x04, 0x60, 0x58, 0x86, 0x00, 0x00, 0x01, 0x25, 0x99, 0x68, 0x85, 0x31,
    0x3a, 0x84, 0x13, 0x90, 0x03, 0x71, 0x03, 0xff, 0xff, 0xff, 0xff, 0x60, 0x00, 0x15, 0x22, 0x83,
    0x21, 0x00, 0x00, 0x69, 0x12, 0x82, 0xa6, 0x00, 0x08, 0x70, 0x02, 0x80, 0x07, 0x70, 0x00, 0x00,
    0x8c, 0x50, 0x00, 0x00, 0x00, 0x57, 0x00, 0x01, 0x36, 0x80, 0x00, 0x56, 0x0a, 0xfe, 0xc9, 0x61,
    0x00, 0x56, 0x19, 0x20, 0x00, 0x00, 0x07, 0xee, 0x79, 0xff, 0xff, 0xd0, 0x00, 0x89, 0x09, 0x65,
    0x01, 0x90, 0x01, 0xb9, 0x99, 0x29, 0x04, 0x50, 0x0a, 0x66, 0x6a, 0x1a, 0x0a, 0x10, 0x48, 0x56,
    0x0b, 0x04, 0xa8, 0x00, 0x00, 0x56, 0x1b, 0x02, 0xf6, 0x00, 0x00, 0x56, 0x95, 0x5c, 0x3c, 0x81,
    0x00, 0x67, 0x75, 0xa1, 0x01, 0x93, 0x00, 0x3a, 0x00, 0x37, 0x00, 0x00, 0x00, 0x29, 0x00, 0x83,
    0x00, 0x00, 0x01, 0x29, 0x01, 0xdf, 0xff, 0xe3, 0x0f, 0xff, 0xfc, 0x61, 0x00, 0x83, 0x01, 0x5a,
    0x18, 0x3a, 0x00, 0x92, 0x00, 0x8a, 0xb2, 0x83, 0x40, 0x92, 0x05, 0x69, 0x21, 0xa0, 0xa2, 0x92,
    0x1b, 0x29, 0x0a, 0x98, 0xa9, 0xa1, 0x01, 0x19, 0x05, 0x32, 0x07, 0xa1, 0x00, 0x29, 0x00, 0x01,
    0x13, 0xc0, 0x00, 0x3a, 0x00, 0x01, 0xca, 0x40, 0x00, 0x00, 0x06, 0x70, 0x00, 0x00, 0x01, 0x10,
    0x05, 0x60, 0x01, 0x10, 0x0e, 0xff, 0xff, 0xff, 0xff, 0xf1, 0x01, 0x15, 0x86, 0x67, 0x61, 0x10,
    0x28, 0xa5, 0x05, 0x60, 0x39, 0xb3, 0x15, 0x6e, 0xff, 0xff, 0xe7, 0x10, 0x00, 0x65, 0x00, 0x00,
    0x47, 0x00, 0x00, 0x6f, 0xff, 0xff, 0xf7, 0x00, 0x00, 0x6f, 0xff, 0xff, 0xf7, 0x00, 0x00, 0x22,
    0x10, 0x01, 0x22, 0x00, 0x0f, 0xff, 0xff, 0xff, 0xff, 0xf1, 0x00, 0x84, 0x01, 0x00, 0x00, 0x10,
    0x00, 0x83, 0x0b, 0xff, 0xff, 0xc0, 0x00, 0x83, 0x11, 0x00, 0x00, 0x10, 0x6f, 0xff, 0xc1, 0x00,
    0x00, 0x10, 0x00, 0xa6, 0x4f, 0xff, 0xff, 0xf6, 0x02, 0xc9, 0x61, 0x35, 0x60, 0x10, 0x08, 0x83,
    0x54, 0xa5, 0x69, 0x30, 0x57, 0x83, 0x1b, 0x15, 0x61, 0xb1, 0x30, 0x83, 0x74, 0x05, 0x60, 0x37,
    0x00, 0x83, 0x00, 0x06, 0x60, 0x00, 0x00, 0x94, 0x00, 0x9d, 0x40, 0x00, 0x00, 0x76, 0x00, 0x48,
    0x00, 0x00, 0x00, 0x64, 0x00, 0x07, 0x50, 0x00, 0x00, 0x64, 0x1f, 0xff, 0xff, 0xf5, 0x5f, 0xff,
    0x90, 0x00, 0x15, 0x00, 0x00, 0x85, 0x12, 0x90, 0x08, 0x70, 0x01, 0xca, 0x88, 0x40, 0x17, 0x82,
    0x09, 0x74, 0x20, 0xb1, 0x47, 0x00, 0x47, 0x64, 0x00, 0x39, 0xa1, 0x00, 0x00, 0x64, 0x00, 0x1c,
    0xb0, 0x00, 0x00, 0x64, 0x04, 0xc5, 0x5c, 0x50, 0x00, 0x75, 0xa8, 0x10, 0x02, 0x94, 0x01, 0x00,
    0x09, 0x20, 0x00, 0x10, 0x07, 0xff, 0xff, 0xff, 0xff, 0x90, 0x00, 0x00, 0x69, 0x00, 0x00, 0x00,
    0x0e, 0xff, 0xff, 0xff, 0xff, 0xf1, 0x00, 0x0a, 0x83, 0x28, 0x40, 0x00, 0x00, 0x12, 0x7d, 0xbc,
    0x84, 0x00, 0x03, 0xb9, 0x65, 0x30, 0x38, 0x70, 0x0d, 0xff, 0xff, 0xff, 0xff, 0xf0, 0x00, 0x03,
    0x98, 0x78, 0x20, 0x00, 0x16, 0xa7, 0x06, 0x51, 0x8a, 0x82, 0x06, 0x10, 0x06, 0x60, 0x01, 0x51,
    0x00, 0x00, 0x00, 0x01, 0x10, 0x00, 0x00, 0x94, 0x00, 0x07, 0x50, 0x00, 0x00, 0x83, 0x08, 0x06,
    0x40, 0x93, 0x00, 0x83, 0x17, 0x56, 0x44, 0x90, 0x5f, 0xff, 0xe2, 0x96, 0x49, 0x10, 0x00, 0xb4,
    0x2f, 0xff, 0xff, 0xd0, 0x03, 0xb7, 0x50, 0x00, 0x00, 0xa0, 0x1a, 0x83, 0x41, 0x00, 0x00, 0xa0,
    0x45, 0x83, 0x0d, 0xff, 0xff, 0xf0, 0x00, 0x83, 0x01, 0x10, 0x00, 0xa0, 0x00, 0x83, 0x5f, 0xff,
    0xff, 0xf0, 0x00, 0x93, 0x01, 0x00, 0x00, 0xb0, 0x00, 0x40, 0x00, 0x00, 0x34, 0x20, 0x00, 0x94,
    0x00, 0x00, 0xb1, 0x90, 0x00, 0x92, 0x6f, 0xff, 0xff, 0xf4, 0x2f, 0xff, 0x63, 0x00, 0xa0, 0x00,
    0x01, 0xb2, 0x0a, 0x29, 0xa0, 0x80, 0x02, 0xfa, 0x19, 0x28, 0x92, 0xa0, 0x07, 0xb6, 0xaf, 0xff,
    0xb8, 0x50, 0x2b, 0x82, 0x0a, 0x28, 0x4d, 0x10, 0x44, 0x82, 0x0a, 0x28, 0x4b, 0x00, 0x00, 0x92,
    0x38, 0x2a, 0xba, 0x33, 0x00, 0x93, 0xb2, 0x1c, 0x23, 0xe5, 0x00, 0x62, 0x30, 0x00, 0x00, 0x10,
    0x00, 0xa2, 0x00, 0x0b, 0x00, 0x00, 0x00, 0xa1, 0x00, 0x5c, 0x40, 0x00, 0x00, 0xa1, 0x11, 0x90,
    0x93, 0x00, 0x5f, 0xff, 0xa9, 0x10, 0x1a, 0x60, 0x00, 0xd2, 0xbb, 0xff, 0xfc, 0x73, 0x03, 0xd8,
    0x21, 0x00, 0x01, 0x00, 0x09, 0xa2, 0x43, 0x28, 0x09, 0x50, 0x48, 0xa1, 0x0a, 0x19, 0x2b, 0x00,
    0x01, 0xa1, 0x04, 0x73, 0x58, 0x00, 0x00, 0xa1, 0x10, 0x10, 0x73, 0x10, 0x00, 0xb2, 0xaf, 0xff,
    0xff, 0xf3, 0x00, 0x00, 0x10, 0x00, 0x00, 0x10, 0x00, 0x66, 0x00, 0x08, 0x30, 0x00, 0x00, 0x55,
    0x06, 0xef, 0xff, 0xd0, 0x00, 0x55, 0x17, 0x30, 0x00, 0xa0, 0x3f, 0xff, 0xf8, 0xff, 0xff, 0xd0,
    0x01, 0x99, 0x17, 0x30, 0x00, 0xa0, 0x01, 0xd7, 0xb5, 0xdf, 0xfe, 0xa1, 0x0a, 0x75, 0x4f, 0xff,
    0xff, 0xf7, 0x57, 0x55, 0x1a, 0x03, 0x80, 0x37, 0x00, 0x55, 0x1a, 0x03, 0x80, 0x37, 0x00, 0x65,
    0x1a, 0x04, 0x83, 0xa6, 0x00, 0x76, 0x03, 0x04, 0x81, 0x30, 0x00, 0x86, 0x00, 0x92, 0x38, 0x00,
    0x00, 0x74, 0x5f, 0xff, 0xff, 0xf6, 0x00, 0x74, 0x11, 0x82, 0x37, 0x00, 0x5f, 0xff, 0xca, 0xff,
    0xff, 0xa0, 0x01, 0xa8, 0x1a, 0xff, 0xff, 0xa0, 0x01, 0xc6, 0x8a, 0x00, 0x00, 0xa0, 0x09, 0x74,
    0x1b, 0xff, 0xff, 0xb1, 0x57, 0x74, 0x9f, 0xff, 0xff, 0xfa, 0x00, 0x74, 0x11, 0x1a, 0x91, 0x11,
    0x00, 0x74, 0x03, 0xa3, 0x2a, 0x40, 0x00, 0x85, 0x99, 0x10, 0x01, 0x85, 0x00, 0x00, 0x06, 0x70,
    0x00, 0x00, 0x09, 0x00, 0x0a, 0x20, 0x00, 0x00, 0x06, 0x90, 0x0e, 0xff, 0xfe, 0x90, 0x00, 0x95,
    0x67, 0x10, 0x07, 0x50, 0x00, 0x12, 0xd1, 0x68, 0x0a, 0x00, 0x00, 0x43, 0x20, 0x65, 0x00, 0x00,
    0x00, 0xb2, 0x00, 0x99, 0x00, 0x00, 0x02, 0xa0, 0x01, 0xb8, 0x30, 0x00, 0x0b, 0x30, 0x09, 0x51,
    0xc2, 0x00, 0x3b, 0x02, 0xa8, 0x00, 0x4d, 0x50, 0x00, 0x1c, 0x50, 0x00, 0x03, 0xc2, 0x00, 0x00,
    0x00, 0xc1, 0x00, 0x00, 0x00, 0x00, 0x00, 0xb0, 0x00, 0x00, 0x00, 0x34, 0x00, 0xb0, 0x00, 0x00,
    0x00, 0x56, 0x00, 0xb0, 0x00, 0x10, 0x00, 0x56, 0x00, 0xdf, 0xff, 0xa0, 0x00, 0x56, 0x00, 0xb0,
    0x00, 0x10, 0x00, 0x56, 0x00, 0xb0, 0x00, 0x00, 0x00, 0x56, 0x00, 0xb0, 0x00, 0x00, 0x00, 0x56,
    0x00, 0xb0, 0x00, 0x11, 0x7f, 0xff, 0xff, 0xff, 0xff, 0xf7, 0x03, 0xff, 0xff, 0xff, 0xff, 0x60,
    0x00, 0x11, 0x00, 0xb0, 0x01, 0x10, 0x00, 0x01, 0x00, 0xb0, 0x00, 0x00, 0x00, 0x2a, 0x00, 0xb0,
    0x01, 0x00, 0x00, 0x29, 0x00, 0xef, 0xff, 0x40, 0x00, 0x29, 0x00, 0xb0, 0x00, 0x00, 0x00, 0x29,
    0x00, 0xb0, 0x00, 0x00, 0x11, 0x29, 0x00, 0xb0, 0x00, 0x11, 0x5f, 0xff, 0xff, 0xff, 0xff, 0xf5,
    0x00, 0x00, 0x00, 0xc1, 0x00, 0x00, 0x00, 0x08, 0x00, 0xb0, 0x01, 0x00, 0x00, 0x0b, 0x00, 0xcf,
    0xff, 0x60, 0x11, 0x0b, 0x00, 0xb0, 0x00, 0x11, 0x6f, 0xff, 0xff, 0xff, 0xff, 0xf6, 0x11, 0x12,
    0x30, 0xa1, 0x01, 0x21, 0x00, 0x0a, 0x60, 0xb0, 0x04, 0xb0, 0x00, 0x87, 0x00, 0xb0, 0x1c, 0x20,
    0x09, 0x70, 0x00, 0xb3, 0xc3, 0x00, 0x00, 0x00, 0x25, 0xd9, 0x10, 0x00, 0x1b, 0xbb, 0x96, 0x10,
    0x00, 0x00, 0x7f, 0xff, 0xff, 0xff, 0xff, 0xf5, 0x11, 0x1a, 0x00, 0x0b, 0x00, 0x11, 0x00, 0x55,
    0x00, 0x0b, 0x02, 0x50, 0x00, 0xcf, 0xfd, 0x0b, 0x2c, 0x60, 0x07, 0x80, 0x19, 0x0d, 0xb2, 0x00,
    0x4a, 0x37, 0x65, 0x0b, 0x00, 0x00, 0x00, 0x08, 0xb0, 0x0b, 0x00, 0x00, 0x00, 0x07, 0x40, 0x0b,
    0x00, 0x32, 0x00, 0x66, 0x00, 0x0c, 0x11, 0x96, 0x07, 0x50, 0x00, 0x0a, 0xff, 0xb1, 0x00, 0x0a,
    0x10, 0x00, 0x00, 0x00, 0x00, 0x5f, 0xff, 0xff, 0xff, 0xb0, 0x02, 0xb0, 0x00, 0x00, 0x00, 0x00,
    0x1c, 0x7f, 0xff, 0xff, 0xfc, 0x00, 0x02, 0x65, 0x0a, 0x40, 0x0a, 0x00, 0x00, 0x74, 0x00, 0x70,
    0x0b, 0x00, 0x4f, 0xff, 0xff, 0xff, 0xff, 0xf5, 0x00, 0x82, 0x19, 0x70, 0x19, 0x00, 0x00, 0x91,
    0x00, 0x40, 0x29, 0x40, 0x00, 0xaf, 0xff, 0xff, 0xff, 0xa0, 0x00, 0x11, 0x00, 0x0b, 0xc4, 0x10,
    0x64, 0x00, 0x0b, 0x20, 0x00, 0x74, 0x00, 0x0b, 0x00, 0x00, 0x74, 0x00, 0x0b, 0x00, 0x00, 0x74,
    0x00, 0x0b, 0x04, 0xc5, 0x7f, 0xff, 0x7b, 0xa7, 0x10, 0x74, 0x00, 0x0b, 0x00, 0x00, 0x74, 0x00,
    0x0b, 0x00, 0x00, 0x74, 0x00, 0x0b, 0x00, 0x00, 0x74, 0x02, 0x4b, 0x00, 0x02, 0x98, 0xb9, 0x3b,
    0x20, 0x3d, 0x97, 0x10, 0x08, 0xff, 0xe5, 0x10, 0x01, 0x92, 0x00, 0x11, 0xdf, 0xff, 0xff, 0xff,
    0xfa, 0x15, 0xff, 0xff, 0xff, 0x11, 0x04, 0x60, 0x00, 0x0a, 0x00, 0x04, 0xff, 0xff, 0xff, 0x00,
    0xff, 0xff, 0xff, 0xff, 0xfc, 0xb5, 0xed, 0xe7, 0x56, 0x0b, 0x08, 0xff, 0xff, 0xff, 0x44, 0x04,
    0x8b, 0xff, 0xff, 0xc0, 0xaf, 0xff, 0xfd, 0x83, 0x10, 0x44, 0x21, 0x6f, 0xff, 0xe8, 0x36, 0x55,
    0x57, 0x8c, 0xa0, 0x75, 0x00, 0x67, 0x21, 0x10, 0x65, 0x00, 0x56, 0x00, 0x00, 0x65, 0x00, 0x47,
    0x00, 0x00, 0x6f, 0xff, 0xff, 0xff, 0xf4, 0x65, 0x00, 0x1a, 0x00, 0x00, 0x65, 0x00, 0x0b, 0x00,
    0x00, 0x65, 0x01, 0x07, 0x50, 0x00, 0x65, 0x6b, 0x11, 0xb1, 0x00, 0x9d, 0x70, 0x00, 0x4b, 0x2a,
    0x52, 0x00, 0x00, 0x04, 0xb5, 0x00, 0x29, 0x00, 0x00, 0x00, 0x10, 0x00, 0x9f, 0xff, 0xff, 0xff,
    0xa0, 0x03, 0x91, 0x00, 0x00, 0x01, 0x10, 0x3b, 0x1f, 0xff, 0xff, 0xfa, 0x00, 0x13, 0x11, 0x00,
    0x00, 0x11, 0x00, 0x06, 0xff, 0xff, 0xff, 0xf5, 0x00, 0x00, 0x00, 0x00, 0x00, 0x74, 0x00, 0x00,
    0x00, 0x00, 0x00, 0x73, 0x00, 0x00, 0x00, 0x00, 0x00, 0x64, 0x00, 0x00, 0x00, 0x00, 0x00, 0x39,
    0x22, 0x00, 0x00, 0x00, 0x00, 0x0a, 0xb5, 0x00, 0x00, 0x00, 0x00, 0x01, 0x50, 0x00, 0x00, 0x06,
    0x80, 0x00, 0x00, 0x00, 0x00, 0x05, 0x70, 0x00, 0x00, 0x00, 0x00, 0x05, 0x70, 0x06, 0x80, 0x1f,
    0xff, 0xc5, 0xd0, 0x59, 0x10, 0x01, 0x11, 0x85, 0xbb, 0x70, 0x00, 0x00, 0x06, 0x35, 0x7a, 0x10,
    0x00, 0x00, 0x1a, 0x05, 0x72, 0xb1, 0x00, 0x00, 0xa2, 0x05, 0x70, 0x4b, 0x10, 0x2b, 0x40, 0x05,
    0x70, 0x05, 0xc3, 0x23, 0x00, 0x05, 0x70, 0x00, 0x32, 0x00, 0x01, 0xdd, 0x30, 0x00, 0x00, 0x02,
    0x00, 0x11, 0x0d, 0x00, 0x00, 0x05, 0xa2, 0x67, 0x0b, 0x00, 0x00, 0x00, 0x25, 0x56, 0x0b, 0x02,
    0x40, 0x42, 0x00, 0x58, 0x7d, 0x98, 0x90, 0x2a, 0x59, 0xca, 0x3b, 0x01, 0x90, 0x00, 0x30, 0x56,
    0x0b, 0x01, 0x90, 0x00, 0x32, 0x56, 0x0b, 0x03, 0x80, 0x00, 0xa3, 0x56, 0x0b, 0x3c, 0x30, 0x02,
    0x90, 0x56, 0x08, 0x00, 0x22, 0x0a, 0x20, 0x4a, 0x10, 0x00, 0x97, 0x39, 0x00, 0x1b, 0xef, 0xfe,
    0xa1, 0x00, 0x00, 0x00, 0x1c, 0x00, 0x00, 0x07, 0xa2, 0x00, 0x0b, 0x00, 0x00, 0x00, 0x38, 0xcf,
    0xff, 0xff, 0xc0, 0x16, 0x00, 0xa0, 0x0b, 0x04, 0x70, 0x06, 0xc2, 0xa0, 0x0b, 0x05, 0x20, 0x00,
    0x10, 0xcf, 0xff, 0xfe, 0x00, 0x00, 0x90, 0xa4, 0x50, 0x06, 0x00, 0x01, 0xb0, 0xb0, 0x80, 0x41,
    0x00, 0x07, 0x54, 0x80, 0x28, 0x50, 0x00, 0x0d, 0x1b, 0x32, 0x95, 0xa9, 0x20, 0x15, 0x29, 0x5a,
    0x20, 0x04, 0xb1, 0x02, 0x10, 0x01, 0xa1, 0x00, 0x00, 0x03, 0xb3, 0x00, 0x3b, 0x00, 0x00, 0x00,
    0x27, 0xef, 0xff, 0xff, 0xe0, 0x12, 0x00, 0x00, 0x0c, 0x00, 0x00, 0x2b, 0x70, 0x00, 0x0c, 0x00,
    0x00, 0x00, 0x60, 0x00, 0x0c, 0x00, 0x00, 0x00, 0x02, 0x8f, 0xff, 0xff, 0x70, 0x00, 0x27, 0x00,
    0x0c, 0x00, 0x00, 0x00, 0x70, 0x00, 0x0c, 0x00, 0x00, 0x03, 0x50, 0x00, 0x0c, 0x00, 0x00, 0x1a,
    0x08, 0xff, 0xff, 0xff, 0xf7, 0x0c, 0xff, 0xff, 0xff, 0xff, 0xf1, 0x01, 0x14, 0xef, 0xff, 0xe8,
    0x10, 0x00, 0x5c, 0x00, 0x00, 0x1a, 0x00, 0x2a, 0x4c, 0xff, 0xff, 0xfa, 0x00, 0x01, 0x01, 0x02,
    0x50, 0x02, 0x10, 0x0c, 0xee, 0xe5, 0x90, 0x2a, 0x50, 0x01, 0x02, 0x83, 0xd8, 0x81, 0x00, 0x00,
    0x19, 0x13, 0x98, 0x70, 0x00, 0x05, 0xb1, 0x03, 0x90, 0x4b, 0x92, 0x06, 0x00, 0x7c, 0x50, 0x00,
    0x40, 0x01, 0x00, 0x23, 0x35, 0x7b, 0x70, 0x05, 0xc4, 0x59, 0x7d, 0x42, 0x10, 0x00, 0x28, 0x00,
    0x0c, 0x00, 0x00, 0x04, 0x00, 0x10, 0x0c, 0x00, 0x10, 0x19, 0xa5, 0xff, 0xff, 0xff, 0xf4, 0x00,
    0x42, 0x10, 0x0c, 0x00, 0x10, 0x00, 0x27, 0x4e, 0xff, 0xfe, 0x40, 0x00, 0x84, 0x47, 0x00, 0x07,
    0x40, 0x01, 0xb0, 0x47, 0x00, 0x07, 0x40, 0x08, 0x50, 0x4f, 0xff, 0xff, 0x40, 0x0a, 0x00, 0x47,
    0x00, 0x05, 0x40, 0x02, 0x00, 0x10, 0x84, 0x00, 0x10, 0x07, 0xa4, 0xff, 0xff, 0xff, 0xf1, 0x00,
    0x24, 0x14, 0x70, 0x10, 0x10, 0x12, 0x00, 0x1a, 0x00, 0x93, 0x00, 0x1a, 0x81, 0xa8, 0x67, 0x8d,
    0x10, 0x00, 0x50, 0x64, 0x43, 0x23, 0x70, 0x00, 0x43, 0x2a, 0x47, 0x65, 0x00, 0x00, 0xa1, 0x28,
    0x46, 0x64, 0x00, 0x05, 0x70, 0x46, 0x46, 0x64, 0x10, 0x1c, 0x10, 0xb2, 0x46, 0x65, 0x85, 0x26,
    0x1a, 0x40, 0x57, 0x4f, 0xd1, 0x02, 0x00, 0x65, 0x00, 0x00, 0xb1, 0x05, 0xa1, 0x1a, 0x11, 0x42,
    0xa0, 0x00, 0x58, 0xff, 0xff, 0x83, 0xa0, 0x05, 0x00, 0x10, 0x83, 0x72, 0xa0, 0x07, 0x90, 0x80,
    0x91, 0x72, 0xa0, 0x00, 0x51, 0x38, 0xa0, 0x72, 0xa0, 0x00, 0x44, 0x07, 0x80, 0x72, 0xa0, 0x00,
    0xa1, 0x0a, 0xa1, 0x83, 0xa0, 0x03, 0x80, 0x84, 0x2a, 0x10, 0xa0, 0x0b, 0x29, 0x80, 0x01, 0x00,
    0xa0, 0x03, 0x04, 0x00, 0x00, 0x1b, 0x90, 0x02, 0x10, 0x00, 0x0b, 0x20, 0x20, 0x03, 0xb5, 0x75,
    0x0a, 0x03, 0xc1, 0x00, 0x05, 0x1c, 0x2a, 0x2b, 0x20, 0x16, 0x00, 0x6f, 0xff, 0xff, 0xd0, 0x05,
    0xb2, 0x65, 0x00, 0x00, 0xc0, 0x00, 0x21, 0x6f, 0xff, 0xff, 0xd0, 0x00, 0x05, 0x65, 0x00, 0x00,
    0xc0, 0x00, 0x59, 0x6f, 0xff, 0xff, 0xd0, 0x00, 0xb2, 0x65, 0x00, 0x00, 0xc0, 0x05, 0x80, 0x65,
    0x00, 0x00, 0xc0, 0x09, 0x10, 0x75, 0x00, 0x1d, 0x90, 0x0a, 0x20, 0x10, 0x00, 0x00, 0x10, 0x01,
    0xb2, 0xff, 0xff, 0xff, 0xc0, 0x00, 0x01, 0xa6, 0x70, 0x71, 0xb0, 0x25, 0x00, 0x69, 0x09, 0x3a,
    0x00, 0x08, 0xa1, 0x40, 0x0a, 0x05, 0x40, 0x00, 0x31, 0xff, 0xff, 0xff, 0xd0, 0x00, 0x48, 0x12,
    0x9b, 0x90, 0x10, 0x00, 0xa2, 0x0a, 0x2a, 0x48, 0x00, 0x04, 0x81, 0xb3, 0x0a, 0x07, 0x91, 0x1c,
    0x18, 0x30, 0x0a, 0x00, 0x61, 0x14, 0x00, 0x00, 0x0b, 0x00, 0x00, 0x07, 0x60, 0x21, 0x00, 0x13,
    0x00, 0x00, 0x86, 0x7f, 0xff, 0xfe, 0x00, 0x00, 0x00, 0x74, 0x00, 0x0b, 0x00, 0x28, 0x00, 0x7f,
    0xff, 0xfe, 0x00, 0x05, 0xc1, 0x74, 0x00, 0x0b, 0x00, 0x00, 0x10, 0x7f, 0xff, 0xff, 0x00, 0x00,
    0x51, 0xff, 0xff, 0xff, 0x90, 0x00, 0xc1, 0xb0, 0xa0, 0xa2, 0x90, 0x03, 0x70, 0xb0, 0xa0, 0xa2,
    0x90, 0x09, 0x10, 0xb0, 0xa0, 0xa2, 0x90, 0x39, 0x4f, 0xff, 0xff, 0xff, 0xf7, 0x00, 0x00, 0x00,
    0x00, 0x00, 0x00, 0x02, 0x00, 0x00, 0x75, 0x01, 0x00, 0x07, 0xa2, 0x00, 0x7f, 0xff, 0x50, 0x00,
    0x26, 0xff, 0xff, 0xff, 0xc0, 0x12, 0x02, 0x80, 0x53, 0x04, 0x60, 0x2a, 0x72, 0x86, 0xb9, 0x94,
    0x00, 0x00, 0x52, 0x83, 0x84, 0x06, 0x60, 0x00, 0x64, 0x70, 0x3e, 0xfb, 0x10, 0x01, 0xc5, 0x50,
    0x56, 0x32, 0x20, 0x07, 0x68, 0x47, 0x91, 0x91, 0xa0, 0x1c, 0x1b, 0x73, 0xa0, 0x1c, 0x63, 0x25,
    0x47, 0x50, 0x8f, 0xe7, 0x00, 0x02, 0x00, 0x09, 0x00, 0xa1, 0x00, 0x05, 0xb3, 0x56, 0x00, 0xb0,
    0x00, 0x00, 0x37, 0xff, 0xe4, 0xff, 0xf4, 0x34, 0x05, 0xff, 0xeb, 0x24, 0x60, 0x18, 0x94, 0xff,
    0xe3, 0x45, 0x50, 0x00, 0x11, 0x18, 0x01, 0x87, 0x30, 0x00, 0x3c, 0xff, 0xf8, 0x9a, 0x10, 0x00,
    0xb1, 0xbf, 0xf2, 0x6b, 0x00, 0x05, 0x50, 0x90, 0x91, 0x9a, 0x00, 0x0b, 0x04, 0x66, 0xb7, 0x96,
    0x80, 0x47, 0x08, 0x03, 0x68, 0x00, 0x83, 0x00, 0x62, 0x00, 0xb2, 0x00, 0x00, 0xb2, 0x00, 0xb0,
    0x00, 0x00, 0xa1, 0x00, 0xb0, 0x00, 0x00, 0xaf, 0xff, 0xff, 0xfc, 0x00, 0xa1, 0x00, 0x00, 0x00,
    0x00, 0xa1, 0x00, 0x00, 0x00, 0x00, 0xbf, 0xff, 0xff, 0x10, 0x00, 0xb0, 0x00, 0x0b, 0x10, 0x01,
    0xb0, 0x00, 0x0b, 0x10, 0x0a, 0x50, 0x00, 0x0b, 0x10, 0x68, 0x00, 0x00, 0x0b, 0x10, 0x00, 0x00,
    0x00, 0x03, 0x00, 0x08, 0x48, 0x44, 0xfe, 0xdc, 0x90, 0x07, 0x37, 0x33, 0x80, 0x00, 0x00, 0x07,
    0x37, 0x33, 0xff, 0xff, 0x90, 0x07, 0xff, 0xf7, 0x89, 0x03, 0x70, 0x07, 0x30, 0x03, 0x79, 0x05,
    0x40, 0x08, 0xff, 0x74, 0x67, 0x28, 0x10, 0x08, 0x14, 0x76, 0x52, 0x89, 0x00, 0x0a, 0x04, 0x7a,
    0x10, 0xc6, 0x00, 0x0b, 0x04, 0x9b, 0x1a, 0x8c, 0x60, 0x37, 0x04, 0x83, 0xb5, 0x01, 0xa2, 0x00,
    0x00, 0x00, 0x00, 0x00, 0x00, 0x09, 0xff, 0xff, 0xff, 0xff, 0xf4, 0x01, 0x2a, 0x00, 0x07, 0x40,
    0x10, 0x00, 0x57, 0x00, 0x07, 0x40, 0x00, 0x00, 0xb1, 0x00, 0x07, 0x40, 0x20, 0x04, 0xff, 0xff,
    0xff, 0xff, 0xf1, 0x00, 0x10, 0x01, 0xa8, 0x40, 0x10, 0x00, 0x00, 0x3a, 0x17, 0x40, 0x00, 0x00,
    0x18, 0x81, 0x07, 0x40, 0x00, 0x09, 0xb3, 0x00, 0x08, 0x40, 0x00, 0x02, 0x00, 0x07, 0xcc, 0x20,
    0x00, 0x00, 0x0c, 0x00, 0x45, 0x00, 0x00, 0x06, 0x3b, 0x00, 0xa2, 0x00, 0x11, 0x09, 0xff, 0xf4,
    0xff, 0xff, 0xf5, 0x09, 0x0b, 0x1c, 0x39, 0x1a, 0x64, 0x36, 0x0b, 0x01, 0x19, 0x28, 0x74, 0x00,
    0x0c, 0xa0, 0x83, 0x55, 0x83, 0x08, 0xbc, 0x16, 0x70, 0xb1, 0x92, 0x05, 0x0b, 0x05, 0x05, 0x90,
    0xa1, 0x00, 0x0b, 0x00, 0x4b, 0x10, 0xb0, 0x00, 0x0b, 0x03, 0xb1, 0x35, 0xa0, 0x00, 0x1c, 0x00,
    0x00, 0x78, 0x20, 0x00, 0x0c, 0x00, 0x0a, 0x20, 0x00, 0x01, 0x0b, 0x00, 0x0a, 0x17, 0x00, 0x1b,
    0x1b, 0x00, 0x0a, 0x06, 0x70, 0x04, 0x8b, 0x11, 0x0a, 0x00, 0x20, 0x00, 0x0b, 0x6f, 0xff, 0xff,
    0xf3, 0x00, 0x7b, 0x11, 0x0b, 0x30, 0x10, 0x05, 0x7b, 0x00, 0x26, 0x60, 0x00, 0x3a, 0x0b, 0x00,
    0x81, 0x63, 0x00, 0x12, 0x0b, 0x03, 0x70, 0x0a, 0x10, 0x00, 0x0b, 0x2a, 0x10, 0x03, 0xb1, 0x00,
    0x0c, 0x82, 0x00, 0x00, 0x54, 0x01, 0x10, 0x09, 0x20, 0x01, 0x10, 0x0b, 0xff, 0xff, 0xff, 0xff,
    0xc0, 0x03, 0x10, 0x0a, 0x12, 0x06, 0x20, 0x04, 0xa1, 0x96, 0x88, 0x69, 0x10, 0x00, 0x34, 0x69,
    0x81, 0x50, 0x00, 0x00, 0x58, 0x68, 0x2a, 0x46, 0x00, 0x09, 0x73, 0xab, 0x98, 0x77, 0x80, 0x12,
    0x00, 0x06, 0x40, 0x10, 0x21, 0x7f, 0xff, 0xff, 0xff, 0xff, 0xf7, 0x11, 0x10, 0x06, 0x40, 0x01,
    0x11, 0x00, 0x00, 0x07, 0x50, 0x00, 0x00, 0x8f, 0xff, 0xdc, 0xff, 0xff, 0xf4, 0x00, 0xb0, 0x11,
    0x04, 0x70, 0x10, 0x00, 0xb0, 0x10, 0x08, 0x40, 0x00, 0x6f, 0xff, 0xb0, 0x0d, 0x43, 0x00, 0x10,
    0xb0, 0x10, 0x5e, 0x4c, 0x10, 0x00, 0xb0, 0x01, 0xb8, 0x34, 0xb0, 0x00, 0xb9, 0x9b, 0x48, 0x30,
    0xa5, 0x6c, 0x72, 0x86, 0x08, 0x30, 0x22, 0x10, 0x00, 0x00, 0x08, 0x30, 0x00, 0x00, 0x00, 0x00,
    0x09, 0x40, 0x00, 0x00, 0x00, 0x10, 0x00, 0x00, 0x00, 0x5f, 0xff, 0x8a, 0x27, 0x43, 0xa0, 0x00,
    0xa1, 0x1a, 0x07, 0x30, 0xa0, 0x00, 0xa1, 0x0e, 0xff, 0xff, 0xa0, 0x2f, 0xff, 0x7a, 0x07, 0x30,
    0xa0, 0x01, 0xa1, 0x0e, 0xff, 0xff, 0xa0, 0x00, 0xa1, 0x02, 0x17, 0x31, 0x30, 0x00, 0xa1, 0x4f,
    0xff, 0xff, 0xd0, 0x02, 0xb9, 0x41, 0x07, 0x30, 0x10, 0x59, 0x20, 0x11, 0x07, 0x30, 0x11, 0x00,
    0x00, 0xff, 0xff, 0xff, 0xf9, 0x0a, 0xff, 0xff, 0xff, 0xfc, 0x0a, 0x20, 0x0c, 0x00, 0x1b, 0x0a,
    0x20, 0x0c, 0x00, 0x1b, 0x0a, 0xff, 0xff, 0xff, 0xfb, 0x0a, 0x20, 0x0c, 0x00, 0x1b, 0x0a, 0xff,
    0xff, 0xff, 0xfb, 0x0a, 0x20, 0x0c, 0x00, 0x1b, 0x0c, 0x00, 0x0c, 0x00, 0x1b, 0x2b, 0x00, 0x0d,
    0x00, 0x1b, 0x74, 0x00, 0x01, 0x03, 0xc6, 0x00, 0x03, 0xb0, 0x00, 0x00, 0x11, 0x02, 0xa0, 0x11,
    0x10, 0xdf, 0xff, 0xff, 0xff, 0x50, 0xb0, 0x02, 0xa0, 0x07, 0x50, 0xcf, 0xff, 0xff, 0xff, 0x50,
    0xb0, 0x02, 0xa0, 0x07, 0x50, 0xb0, 0x02, 0xa0, 0x07, 0x50, 0xcf, 0xff, 0xff, 0xff, 0x50, 0xb0,
    0x02, 0xa0, 0x06, 0x53, 0x10, 0x01, 0xb0, 0x00, 0x4c, 0x00, 0x00, 0xcf, 0xff, 0xd4, 0x01, 0x00,
    0x02, 0x61, 0x75, 0x00, 0x0c, 0xff, 0xf5, 0x4b, 0x50, 0x40, 0x03, 0x30, 0x70, 0x0b, 0x4a, 0x60,
    0x00, 0x8a, 0x10, 0x02, 0xd5, 0x00, 0x17, 0xce, 0xff, 0xff, 0xeb, 0xc5, 0x45, 0x01, 0x00, 0x00,
    0x10, 0x12, 0x00, 0x5f, 0xff, 0xff, 0xf5, 0x00, 0x00, 0x5f, 0xff, 0xff, 0xf5, 0x00, 0x00, 0x02,
    0x20, 0x03, 0x40, 0x00, 0x01, 0x02, 0xa0, 0x0a, 0x20, 0x10, 0x1f, 0xff, 0xff, 0xff, 0xff, 0xf1,
    0x00, 0x02, 0xb0, 0x00, 0x00, 0x00, 0x08, 0x40, 0x00, 0x00, 0x3f, 0xff, 0xff, 0xff, 0xf3, 0x29,
    0x00, 0x00, 0x00, 0x92, 0x29, 0x00, 0x00, 0x00, 0x92, 0x2f, 0xff, 0xff, 0xff, 0xf2, 0x29, 0x00,
    0x00, 0x00, 0x92, 0x29, 0x00, 0x00, 0x00, 0x92, 0x29, 0x00, 0x00, 0x00, 0x92, 0x2f, 0xff, 0xff,
    0xff, 0xf2, 0x39, 0x00, 0x00, 0x00, 0x93, 0x00, 0x00, 0x00, 0x00, 0x10, 0x2f, 0xff, 0xff, 0xff,
    0xff, 0xf2, 0x00, 0x00, 0x2a, 0x00, 0x00, 0x00, 0x00, 0xcf, 0xff, 0xff, 0xfd, 0x00, 0x00, 0xb0,
    0x00, 0x00, 0x0b, 0x00, 0x00, 0xb0, 0x00, 0x00, 0x0b, 0x00, 0x00, 0xcf, 0xff, 0xff, 0xfc, 0x00,
    0x00, 0xb0, 0x00, 0x00, 0x0b, 0x00, 0x00, 0xb0, 0x00, 0x00, 0x0b, 0x00, 0x00, 0xcf, 0xff, 0xff,
    0xfc, 0x00, 0x00, 0xc0, 0x00, 0x00, 0x0b, 0x00, 0x00, 0x00, 0x00, 0x00, 0x02, 0x00, 0x00, 0x77,
    0x77, 0x89, 0xac, 0x30, 0x00, 0x10, 0x0a, 0x00, 0x01, 0x00, 0x00, 0xbf, 0xff, 0xff, 0xff, 0x00,
    0x01, 0x11, 0x47, 0x00, 0x11, 0x11, 0x1f, 0xff, 0xff, 0xff, 0xff, 0xf6, 0x01, 0x27, 0x22, 0x00,
    0x08, 0x11, 0x19, 0x57, 0x54, 0x7a, 0xde, 0x00, 0x01, 0x07, 0xff, 0xff, 0xfe, 0x00, 0x00, 0x07,
    0x40, 0x00, 0x0b, 0x00, 0x00, 0x07, 0xff, 0xff, 0xfe, 0x00, 0x00, 0x00, 0x00, 0x00, 0x08, 0x00,
    0x3f, 0xff, 0x1f, 0xff, 0xff, 0x20, 0x28, 0x0a, 0x1a, 0x00, 0x08, 0x20, 0x2f, 0xff, 0x1f, 0xff,
    0xff, 0x30, 0x29, 0x1a, 0x1a, 0x06, 0x40, 0x00, 0x28, 0x0a, 0x1a, 0x05, 0x50, 0x00, 0x2f, 0xff,
    0x1f, 0xff, 0xff, 0xf1, 0x28, 0x0a, 0x1a, 0x02, 0x80, 0x00, 0x2f, 0xff, 0x1a, 0x12, 0xa0, 0x00,
    0x38, 0x09, 0x2c, 0xa3, 0x83, 0x20, 0x01, 0x00, 0x4a, 0x10, 0x1b, 0xc1, 0x00, 0x00, 0x00, 0x00,
    0x01, 0x50, 0x00, 0x00, 0x00, 0x00, 0x00, 0x00, 0x3f, 0xff, 0xf9, 0xff, 0xff, 0x80, 0x00, 0x74,
    0x01, 0x72, 0x04, 0x60, 0x00, 0x80, 0x00, 0x90, 0x06, 0x40, 0x00, 0xef, 0xf2, 0x90, 0x09, 0x10,
    0x05, 0xa0, 0x82, 0xdf, 0xff, 0xe4, 0x1b, 0xa0, 0x82, 0x20, 0x01, 0x65, 0x34, 0xa0, 0x88, 0xff,
    0xff, 0x94, 0x00, 0xff, 0xf2, 0x10, 0x01, 0x83, 0x00, 0xa0, 0x72, 0x00, 0x00, 0xb1, 0x00, 0x10,
    0x00, 0x00, 0x7b, 0x70, 0x01, 0x00, 0x00, 0x00, 0xc0, 0x00, 0x0f, 0xff, 0xf6, 0x70, 0xb0, 0xb1,
    0x01, 0x83, 0x13, 0x80, 0xb0, 0xb0, 0x00, 0x90, 0x03, 0x80, 0xb0, 0xb0, 0x05, 0xc6, 0xb3, 0xff,
    0xff, 0xf1, 0x2d, 0x90, 0xa0, 0x10, 0xb0, 0x10, 0x24, 0x90, 0xa6, 0x50, 0xb0, 0x74, 0x01, 0x90,
    0xa6, 0x40, 0xb0, 0x74, 0x01, 0xff, 0xc6, 0x40, 0xb0, 0x74, 0x01, 0x90, 0x96, 0x40, 0xb0, 0x74,
    0x02, 0x90, 0x06, 0xff, 0xff, 0xf4, 0x2f, 0xff, 0xbf, 0xff, 0xff, 0xf5, 0x01, 0xa0, 0x12, 0x15,
    0x60, 0x10, 0x02, 0x90, 0x0b, 0xff, 0xff, 0xc0, 0x08, 0xff, 0x8a, 0x05, 0x60, 0xa0, 0x4c, 0x62,
    0x8b, 0xff, 0xff, 0xb0, 0x05, 0x62, 0x8b, 0xff, 0xff, 0xc0, 0x05, 0x62, 0x87, 0x18, 0x30, 0x10,
    0x05, 0xff, 0x83, 0xab, 0x00, 0x00, 0x05, 0x62, 0x85, 0xcb, 0x73, 0x10, 0x01, 0x12, 0xd8, 0x10,
    0x49, 0xb5, 0x01, 0x00, 0x00, 0x0a, 0x10, 0x00, 0x0c, 0xff, 0xf7, 0x8f, 0xff, 0x30, 0x00, 0x46,
    0x07, 0xb0, 0x37, 0x00, 0x00, 0x91, 0x18, 0xce, 0xfe, 0xc3, 0x07, 0xff, 0xe1, 0x90, 0xa0, 0x74,
    0x1c, 0xb0, 0xa1, 0xff, 0xff, 0xf4, 0x00, 0xb0, 0xa1, 0x90, 0xa0, 0x74, 0x00, 0xb0, 0xa2, 0xa9,
    0xc6, 0xe4, 0x00, 0xff, 0xe5, 0x60, 0xa0, 0x74, 0x00, 0xb0, 0xab, 0x20, 0xb0, 0x73, 0x00, 0x30,
    0x37, 0x00, 0x09, 0xc2, 0x00, 0x00, 0x01, 0x05, 0x60, 0x10, 0x3f, 0xff, 0xca, 0x05, 0x50, 0xb0,
    0x01, 0x91, 0x1d, 0xff, 0xff, 0xc0, 0x02, 0x70, 0x01, 0x61, 0x00, 0x00, 0x0b, 0xff, 0xaf, 0xff,
    0xff, 0xf8, 0x6b, 0x46, 0x40, 0x90, 0x80, 0x00, 0x07, 0x46, 0x43, 0x95, 0xa1, 0xa0, 0x07, 0x46,
    0x48, 0x85, 0xe6, 0x20, 0x07, 0xff, 0x5a, 0x17, 0x59, 0x00, 0x07, 0x45, 0xe3, 0x58, 0x06, 0x91,
    0x02, 0x11, 0x57, 0x60, 0x00, 0x45, 0x00, 0xcf, 0xff, 0xff, 0xff, 0x20, 0x00, 0x10, 0x00, 0x00,
    0x01, 0x00, 0x01, 0x10, 0x00, 0x00, 0x01, 0x11, 0x2f, 0xff, 0xff, 0xff, 0xff, 0xf8, 0x01, 0x12,
    0x02, 0x90, 0x00, 0x11, 0x00, 0x1c, 0x22, 0x90, 0xa1, 0x00, 0x00, 0xa4, 0x02, 0x90, 0x3b, 0x10,
    0x09, 0x60, 0x02, 0x90, 0x03, 0xb1, 0x27, 0x00, 0x03, 0x90, 0x00, 0x63, 0x00, 0x00, 0x9d, 0x40,
    0x00, 0x00, 0x00, 0x14, 0x92, 0x01, 0xb0, 0x00, 0x08, 0x9a, 0x31, 0x00, 0xa0, 0x00, 0x00, 0x38,
    0x00, 0x92, 0xa7, 0x10, 0x2f, 0xff, 0xf6, 0xb0, 0xa2, 0x90, 0x00, 0xca, 0x04, 0x70, 0xa0, 0x84,
    0x03, 0xbd, 0x67, 0x20, 0xa0, 0x31, 0x09, 0x68, 0xa2, 0x01, 0xb3, 0xb0, 0x3a, 0x38, 0x10, 0x00,
    0x4b, 0x20, 0x33, 0x38, 0x00, 0x01, 0xa5, 0x00, 0x00, 0x48, 0x02, 0x6c, 0x50, 0x00, 0x00, 0x49,
    0x4c, 0x71, 0x00, 0x00, 0x00, 0x00, 0x00, 0x00, 0x00, 0x10, 0x07, 0x8a, 0x95, 0xff, 0xff, 0xc0,
    0x03, 0x75, 0x05, 0x50, 0x00, 0xb0, 0x01, 0x55, 0x15, 0x50, 0x00, 0xb0, 0x3d, 0xde, 0xe8, 0xff,
    0xff, 0xc0, 0x00, 0x8a, 0x4d, 0xff, 0xff, 0xf4, 0x03, 0x85, 0x81, 0x13, 0x80, 0x20, 0x19, 0x55,
    0x08, 0xff, 0xff, 0xd0, 0x43, 0x55, 0x01, 0x13, 0x80, 0x10, 0x00, 0x55, 0x01, 0x03, 0x80, 0x11,
    0x00, 0x66, 0x4f, 0xff, 0xff, 0xfa, 0x00, 0x00, 0x01, 0x00, 0x00, 0x11, 0x00, 0x02, 0x30, 0x74,
    0x00, 0x00, 0x0e, 0xe9, 0x52, 0xec, 0xfc, 0x00, 0x00, 0x65, 0x2c, 0x30, 0x83, 0x00, 0x4f, 0xff,
    0xe8, 0xff, 0xff, 0xa0, 0x00, 0x85, 0x10, 0x00, 0x01, 0xa0, 0x00, 0xec, 0x17, 0xff, 0xff, 0xa0,
    0x06, 0xc6, 0xba, 0xff, 0xff, 0x90, 0x2c, 0x64, 0x11, 0x58, 0x31, 0x20, 0x53, 0x64, 0x37, 0xa1,
    0x91, 0xa1, 0x00, 0x65, 0xa2, 0xa0, 0x07, 0x45, 0x00, 0x75, 0x20, 0x99, 0x99, 0x00, 0x00, 0x00,
    0x1a, 0x00, 0x00, 0x00, 0x01, 0x10, 0x08, 0x30, 0x01, 0x10, 0x06, 0xff, 0xff, 0xff, 0xff, 0x60,
    0x01, 0x10, 0x00, 0x00, 0x11, 0x10, 0x00, 0x15, 0x00, 0x00, 0xa5, 0x00, 0x00, 0x0b, 0x00, 0x00,
    0xb0, 0x00, 0x00, 0x05, 0x60, 0x05, 0x60, 0x00, 0x00, 0x00, 0xb0, 0x0a, 0x00, 0x00, 0x01, 0x00,
    0x72, 0x38, 0x00, 0x10, 0x3f, 0xff, 0xff, 0xff, 0xff, 0xf3, 0x00, 0x29, 0x00, 0x08, 0x30, 0x00,
    0x00, 0x93, 0x00, 0x0b, 0x00, 0x00, 0x02, 0xef, 0xff, 0x6f, 0xff, 0xf4, 0x1b, 0x37, 0x41, 0xb2,
    0x7a, 0x00, 0x27, 0x89, 0xec, 0xb9, 0x76, 0x00, 0x00, 0x20, 0x0b, 0x12, 0x35, 0x00, 0x09, 0xcd,
    0xef, 0xec, 0xb9, 0x00, 0x03, 0x32, 0x1b, 0x12, 0x34, 0x50, 0x3f, 0xff, 0xff, 0xec, 0xba, 0x80,
    0x14, 0x31, 0x1c, 0x10, 0x01, 0x84, 0x00, 0x00, 0x0c, 0xff, 0xfe, 0xb1, 0x00, 0x74, 0x00, 0x09,
    0x20, 0x00, 0x02, 0xef, 0xff, 0x5f, 0xff, 0xf2, 0x1c, 0x58, 0x41, 0xa2, 0x95, 0x00, 0x14, 0xaf,
    0xff, 0xff, 0xff, 0x00, 0x00, 0x11, 0x06, 0x50, 0x11, 0x00, 0x1f, 0xff, 0xff, 0xff, 0xff, 0xf5,
    0x00, 0x00, 0x00, 0x00, 0xd0, 0x00, 0x0a, 0xff, 0xff, 0xff, 0xff, 0xb0, 0x00, 0x03, 0x50, 0x00,
    0xb0, 0x00, 0x00, 0x00, 0x96, 0x00, 0xb0, 0x00, 0x00, 0x00, 0x02, 0x7c, 0x80, 0x00, 0x00, 0x74,
    0x01, 0x07, 0x30, 0x11, 0x01, 0xef, 0xff, 0x1d, 0xff, 0xf4, 0x1b, 0x35, 0x55, 0xe4, 0x65, 0x00,
    0x0f, 0xff, 0xff, 0xff, 0xff, 0xf2, 0x0c, 0x00, 0x00, 0x00, 0x00, 0xa1, 0x0c, 0x3f, 0xff, 0xff,
    0xf4, 0xa2, 0x00, 0x3f, 0xff, 0xff, 0xf4, 0x00, 0x00, 0x38, 0x00, 0x00, 0x00, 0x00, 0x00, 0x3f,
    0xff, 0xff, 0xfe, 0x00, 0x00, 0x38, 0x00, 0x00, 0x0b, 0x00, 0x00, 0x4f, 0xff, 0xff, 0xfe, 0x00,
    0x00, 0x00, 0x00, 0x00, 0x07, 0x00, 0x00, 0x75, 0x00, 0x05, 0x80, 0x00, 0x13, 0x64, 0x8b, 0xff,
    0xff, 0xf0, 0x0a, 0x75, 0x90, 0x04, 0x70, 0x00, 0x03, 0x78, 0x34, 0xff, 0xff, 0x90, 0x3f, 0xff,
    0xbe, 0xff, 0xff, 0xf8, 0x01, 0xb5, 0x14, 0xff, 0xff, 0x80, 0x06, 0x85, 0x73, 0x70, 0x03, 0x80,
    0x39, 0x64, 0x03, 0xff, 0xff, 0x80, 0x01, 0x64, 0x03, 0xff, 0xff, 0x80, 0x00, 0x65, 0x03, 0x70,
    0x03, 0x80, 0x00, 0x75, 0x04, 0x70, 0x2d, 0x50, 0x00, 0x72, 0x01, 0x04, 0x50, 0x00, 0x12, 0x92,
    0x5f, 0xff, 0xff, 0xf4, 0x19, 0x96, 0x4a, 0x10, 0xa1, 0x20, 0x06, 0x97, 0x0b, 0xbf, 0xff, 0xc0,
    0x5f, 0xff, 0x9d, 0xff, 0xff, 0xfa, 0x00, 0xd4, 0x1a, 0x10, 0xa0, 0xa0, 0x04, 0xdb, 0x59, 0xbf,
    0xfe, 0x70, 0x0a, 0x91, 0x47, 0xff, 0xff, 0xd0, 0x56, 0x91, 0x74, 0xb0, 0x00, 0xb0, 0x00, 0x92,
    0xc0, 0xef, 0xff, 0xd0, 0x00, 0xa6, 0x70, 0xa0, 0x00, 0x70, 0x00, 0x00, 0x00, 0x24, 0x7c, 0x50,
    0x06, 0xed, 0xce, 0xb7, 0x53, 0x20, 0x00, 0x01, 0x87, 0x00, 0x30, 0x00, 0x00, 0x5d, 0x98, 0x8a,
    0x92, 0x00, 0x00, 0x23, 0x28, 0xa3, 0x10, 0x00, 0x00, 0x28, 0x94, 0x12, 0xa6, 0x00, 0x00, 0xca,
    0x9a, 0xc7, 0x6a, 0x50, 0x00, 0x05, 0x13, 0x80, 0x21, 0x20, 0x00, 0x4b, 0x23, 0x81, 0xa5, 0x00,
    0x06, 0xa1, 0x03, 0x80, 0x09, 0x80, 0x05, 0x00, 0xbd, 0x50, 0x00, 0x40, 0x01, 0x10, 0x05, 0x60,
    0x01, 0x10, 0x08, 0xff, 0xff, 0xff, 0xff, 0x70, 0x01, 0xff, 0xff, 0xff, 0xff, 0x10, 0x01, 0x21,
    0x05, 0x50, 0x01, 0x10, 0x2f, 0xff, 0xff, 0xff, 0xff, 0xf2, 0x01, 0x15, 0x87, 0x28, 0x90, 0x10,
    0x00, 0xdf, 0xfc, 0x72, 0x00, 0x00, 0x00, 0x57, 0x9b, 0xdd, 0xe5, 0x00, 0x03, 0x8c, 0xa7, 0xa7,
    0x88, 0x40, 0x04, 0xa6, 0x04, 0x71, 0x89, 0x10, 0x04, 0x10, 0x7c, 0x50, 0x04, 0x60, 0x01, 0x00,
    0x39, 0x00, 0x11, 0x02, 0xff, 0xff, 0xff, 0xff, 0x60, 0x01, 0x10, 0x38, 0x00, 0x11, 0x0b, 0xff,
    0xff, 0xff, 0xff, 0xf0, 0xb0, 0x35, 0x61, 0x29, 0x1b, 0x00, 0x9f, 0xff, 0xf9, 0x20, 0x00, 0x03,
    0x69, 0x82, 0x05, 0x50, 0x02, 0xff, 0xdc, 0xdd, 0xcd, 0x30, 0x04, 0x96, 0x29, 0x16, 0x16, 0x04,
    0xb6, 0x02, 0x90, 0x6a, 0x20, 0x61, 0x06, 0xc7, 0x00, 0x28, 0x00, 0x00, 0x56, 0x00, 0x58, 0x20,
    0x00, 0x00, 0xb1, 0x00, 0x57, 0x5a, 0x10, 0x07, 0x50, 0xc2, 0x47, 0x38, 0x40, 0x3e, 0x9a, 0x7a,
    0xbc, 0x64, 0x10, 0x03, 0x39, 0x00, 0x38, 0x02, 0x50, 0x01, 0xa1, 0x16, 0x9d, 0x98, 0x50, 0x1d,
    0xba, 0x74, 0x1a, 0x07, 0x60, 0x04, 0x10, 0x00, 0x0b, 0x79, 0x00, 0x00, 0x02, 0x71, 0x3c, 0xa0,
    0x00, 0x3c, 0xb8, 0x9c, 0xa3, 0xc3, 0x64, 0x01, 0x00, 0x11, 0x00, 0x1b, 0xc1, 0x00, 0x64, 0x00,
    0x07, 0x50, 0x00, 0x00, 0xb1, 0x11, 0x07, 0x40, 0x11, 0x04, 0x60, 0x7f, 0xff, 0xff, 0xf6, 0x1b,
    0x16, 0xa1, 0x07, 0x50, 0x11, 0x4f, 0xec, 0x00, 0x07, 0x40, 0x00, 0x01, 0x52, 0x2f, 0xff, 0xff,
    0xf1, 0x04, 0x86, 0x4c, 0xff, 0xff, 0xa0, 0x1a, 0x74, 0x1a, 0x10, 0x02, 0x80, 0x00, 0x14, 0x5a,
    0x10, 0x02, 0x80, 0x2c, 0xa6, 0x3a, 0xff, 0xff, 0x80, 0x00, 0x00, 0x0b, 0x10, 0x02, 0x90, 0x00,
    0x83, 0x00, 0x1b, 0x00, 0x00, 0x00, 0xb0, 0x11, 0x09, 0x40, 0x10, 0x06, 0x40, 0x6f, 0xff, 0xff,
    0xf3, 0x1a, 0x08, 0x81, 0x58, 0x44, 0x10, 0x4e, 0xfb, 0x04, 0x80, 0x0a, 0x20, 0x00, 0x82, 0x3d,
    0xcd, 0xd9, 0xb0, 0x07, 0x74, 0x20, 0xb1, 0xb0, 0x30, 0x09, 0x76, 0x20, 0xb0, 0xb0, 0x00, 0x00,
    0x01, 0x31, 0xb0, 0xb0, 0x00, 0x5b, 0xb9, 0x6b, 0x60, 0xb1, 0x66, 0x10, 0x00, 0x98, 0x00, 0x9f,
    0xd2, 0x00, 0x75, 0x00, 0x00, 0xb0, 0x00, 0x00, 0xb0, 0x2b, 0x60, 0xa0, 0xc0, 0x03, 0x53, 0x89,
    0x73, 0xa6, 0x50, 0x08, 0x09, 0x5a, 0x26, 0xa7, 0x00, 0x3f, 0xf9, 0x1b, 0xff, 0xff, 0xf1, 0x00,
    0x72, 0x1a, 0x19, 0xb2, 0x10, 0x03, 0x70, 0x19, 0x1a, 0xa9, 0x40, 0x0d, 0xbb, 0x59, 0x84, 0xa0,
    0xb2, 0x03, 0x00, 0x2a, 0xb0, 0xb0, 0x21, 0x15, 0x8b, 0x79, 0x00, 0x90, 0x00, 0x28, 0x30, 0x2f,
    0xff, 0xff, 0xf5, 0x00, 0x54, 0x01, 0x08, 0x40, 0x10, 0x00, 0xa1, 0x0e, 0xff, 0xff, 0xd0, 0x03,
    0x71, 0x22, 0x18, 0x30, 0x10, 0x0a, 0x18, 0x6f, 0xff, 0xff, 0xe3, 0x2a, 0xa9, 0x02, 0x50, 0x81,
    0xa0, 0x00, 0x91, 0x15, 0x56, 0xb1, 0x30, 0x06, 0x52, 0x15, 0x81, 0xa0, 0x00, 0x0c, 0x97, 0x6a,
    0x9b, 0xa8, 0x95, 0x00, 0x14, 0x50, 0x1b, 0x42, 0x00, 0x3b, 0x95, 0x13, 0xb2, 0x1a, 0x40, 0x00,
    0x00, 0x79, 0x10, 0x00, 0xa1, 0x06, 0xff, 0xff, 0xff, 0xff, 0x40, 0x05, 0x50, 0xa0, 0x19, 0x08,
    0x30, 0x07, 0xff, 0xff, 0xff, 0xff, 0x50, 0x0f, 0xff, 0xff, 0xff, 0xff, 0xe0, 0x01, 0x9f, 0xff,
    0xff, 0xf8, 0x10, 0x00, 0x8f, 0xff, 0xff, 0xf7, 0x00, 0x00, 0x84, 0x00, 0x00, 0x47, 0x00, 0x00,
    0x8f, 0xff, 0xff, 0xf7, 0x00, 0x00, 0x8f, 0xff, 0xff, 0xf7, 0x00, 0x4f, 0xff, 0xff, 0xff, 0xff,
    0xf4, 0x00, 0x00, 0x00, 0x1a, 0x00, 0x00, 0x08, 0xff, 0xa0, 0x07, 0x50, 0x00, 0x08, 0x30, 0xae,
    0xff, 0xff, 0xf8, 0x08, 0x30, 0xa0, 0x73, 0x00, 0x00, 0x08, 0xff, 0xa0, 0x73, 0x00, 0x00, 0x08,
    0x30, 0xa0, 0x7f, 0xff, 0x80, 0x08, 0xff, 0xa0, 0x83, 0x04, 0x70, 0x09, 0x20, 0xa0, 0xa2, 0x05,
    0x50, 0x0b, 0x10, 0xa0, 0xd0, 0x07, 0x40, 0x0c, 0x24, 0xa7, 0x81, 0x3a, 0x20, 0x38, 0x18, 0x3b,
    0x12, 0x95, 0x00, 0x00, 0x00, 0x11, 0x0a, 0x30, 0x10, 0x0a, 0xff, 0x9f, 0xff, 0xff, 0xf4, 0x0a,
    0x08, 0x31, 0x09, 0x10, 0x10, 0x0a, 0xff, 0x3f, 0xff, 0xff, 0xa0, 0x0a, 0x08, 0x31, 0x0a, 0x01,
    0xa0, 0x0a, 0xff, 0x3f, 0xff, 0xff, 0xa0, 0x09, 0x08, 0x3f, 0xff, 0xff, 0xf2, 0x0a, 0x08, 0x30,
    0x2c, 0x40, 0xa1, 0x0a, 0x08, 0x30, 0x92, 0x97, 0x80, 0x1a, 0x4b, 0x28, 0x60, 0x2b, 0x40, 0x35,
    0x55, 0x86, 0x00, 0x02, 0xb2, 0x00, 0x00, 0x00, 0x48, 0x00, 0x00, 0x0a, 0xff, 0x90, 0x07, 0x50,
    0x00, 0x09, 0x12, 0xaf, 0xff, 0xff, 0xf5, 0x09, 0xff, 0x90, 0x81, 0x17, 0x00, 0x09, 0x12, 0x95,
    0x70, 0x07, 0x80, 0x09, 0x12, 0xa9, 0x40, 0x16, 0x72, 0x0a, 0xff, 0x90, 0xb1, 0x57, 0x00, 0x0a,
    0x12, 0x90, 0x39, 0xa1, 0x00, 0x0b, 0x02, 0x90, 0x0b, 0xa0, 0x00, 0x1b, 0x26, 0x92, 0x96, 0x5b,
    0x40, 0x44, 0x26, 0x7a, 0x30, 0x02, 0x94, 0x06, 0xff, 0xe2, 0xb0, 0x02, 0x60, 0x06, 0x50, 0xb1,
    0x92, 0x89, 0x40, 0x06, 0xff, 0xe1, 0xd7, 0x10, 0x24, 0x06, 0x50, 0xb1, 0xa0, 0x00, 0x93, 0x06,
    0x50, 0xb0, 0xcf, 0xff, 0xa0, 0x06, 0xff, 0xe0, 0xef, 0xff, 0xb0, 0x07, 0x50, 0xb0, 0xa0, 0x00,
    0xb0, 0x09, 0x30, 0xb0, 0xff, 0xff, 0xb0, 0x1c, 0x00, 0xb0, 0xa0, 0x00, 0xb0, 0x25, 0x07, 0x60,
    0xff, 0xff, 0xb0, 0x00, 0x00, 0x00, 0x00, 0x00, 0x70, 0x00, 0x1b, 0x00, 0x00, 0x11, 0x75, 0x00,
    0x01, 0xef, 0xff, 0xff, 0xfe, 0xc0, 0x00, 0x00, 0x0c, 0xdf, 0xff, 0xff, 0xfd, 0xc0, 0x00, 0x00,
    0x0c, 0xc0, 0x00, 0x00, 0x0c, 0xdf, 0xff, 0xff, 0xfd, 0xc0, 0x00, 0x00, 0x0c, 0xdf, 0xff, 0xff,
    0xfd, 0xc0, 0x00, 0x00, 0x0d, 0x00, 0x02, 0xa0, 0x04, 0x00, 0x00, 0x01, 0x02, 0x90, 0x0b, 0x00,
    0x10, 0x1f, 0xff, 0xff, 0xff, 0xff, 0xf1, 0x01, 0x02, 0x90, 0x0b, 0x00, 0x10, 0x00, 0x01, 0x52,
    0x06, 0x00, 0x00, 0x00, 0x02, 0x45, 0xa0, 0x00, 0x00, 0x02, 0xa4, 0x60, 0x59, 0x08, 0x00, 0x06,
    0x64, 0x60, 0x00, 0x06, 0x60, 0x0c, 0x14, 0x60, 0x00, 0x10, 0xc0, 0x15, 0x04, 0x70, 0x00, 0xb1,
    0x41, 0x00, 0x01, 0xaa, 0xaa, 0x60, 0x00, 0x01, 0x07, 0x60, 0x07, 0x60, 0x10, 0x4f, 0xff, 0xff,
    0xff, 0xff, 0xf5, 0x01, 0x28, 0x50, 0x06, 0x50, 0x10, 0x00, 0x95, 0x31, 0x22, 0x00, 0x00, 0x07,
    0x52, 0xc2, 0x94, 0x02, 0x30, 0x1f, 0xfe, 0x23, 0xff, 0xff, 0x70, 0x02, 0x54, 0x09, 0x51, 0x05,
    0x60, 0x07, 0xc6, 0x60, 0x3b, 0x05, 0x50, 0x06, 0x53, 0x10, 0x06, 0x56, 0x50, 0x00, 0x37, 0xa1,
    0x00, 0x07, 0x40, 0x2b, 0x73, 0x00, 0x01, 0xca, 0x10, 0x01, 0x01, 0xa0, 0x08, 0x30, 0x10, 0x3f,
    0xff, 0xff, 0xff, 0xff, 0xf4, 0x01, 0x01, 0x90, 0x09, 0x56, 0x20, 0x05, 0xee, 0xdc, 0xba, 0x98,
    0x30, 0x00, 0x41, 0x09, 0x20, 0x1b, 0x10, 0x00, 0x3b, 0x13, 0xa1, 0xb2, 0x00, 0x01, 0x13, 0x05,
    0x70, 0x21, 0x10, 0x0e, 0xff, 0xff, 0xff, 0xff, 0xf1, 0x00, 0x04, 0x86, 0x78, 0x50, 0x00, 0x17,
    0x95, 0x04, 0x70, 0x4a, 0xa2, 0x04, 0x00, 0x05, 0x70, 0x00, 0x20, 0x01, 0x05, 0x60, 0x0a, 0x20,
    0x10, 0x2f, 0xff, 0xff, 0xff, 0xff, 0xf0, 0x01, 0x05, 0x60, 0x09, 0x10, 0x10, 0x00, 0x70, 0xa1,
    0x47, 0x00, 0x00, 0x00, 0xa0, 0x91, 0xcf, 0xff, 0xa0, 0x00, 0xa0, 0xa8, 0x63, 0x90, 0x00, 0x00,
    0x60, 0x91, 0x00, 0x47, 0x00, 0x00, 0xdf, 0xff, 0xff, 0xfe, 0x00, 0x00, 0xb0, 0x64, 0x38, 0x0b,
    0x00, 0x00, 0xb0, 0x64, 0x38, 0x0b, 0x00, 0x5f, 0xff, 0xff, 0xff, 0xff, 0xf5, 0x01, 0x02, 0xa0,
    0x1b, 0x00, 0x10, 0x4f, 0xff, 0xff, 0xff, 0xff, 0xf4, 0x01, 0x02, 0x90, 0x0d, 0x7a, 0x20, 0x0a,
    0x7f, 0xff, 0xff, 0xff, 0xe0, 0x09, 0x76, 0xff, 0xfb, 0x81, 0x10, 0x0f, 0xf6, 0x77, 0x21, 0x95,
    0x80, 0x6f, 0xf5, 0xff, 0xf5, 0x98, 0x10, 0x08, 0x85, 0xff, 0xf5, 0x89, 0x00, 0x18, 0xa3, 0x77,
    0x31, 0xc6, 0x00, 0x64, 0xa3, 0xff, 0xff, 0x7b, 0x13, 0x07, 0x60, 0x00, 0x4a, 0x05, 0xc6, 0x00,
    0x00, 0x00, 0x00, 0x00, 0x30, 0x0a, 0xff, 0xff, 0xff, 0xff, 0xa0, 0x01, 0x56, 0x07, 0x40, 0x07,
    0x20, 0x00, 0xac, 0x57, 0xff, 0xfe, 0x00, 0x07, 0x62, 0xbe, 0xfe, 0xef, 0xf4, 0x28, 0x00, 0x05,
    0x30, 0x11, 0x00, 0x00, 0xce, 0xff, 0xff, 0xf9, 0x00, 0x00, 0xb0, 0x07, 0x40, 0x19, 0x00, 0x00,
    0xdf, 0xff, 0xff, 0xfc, 0x00, 0x00, 0x60, 0x07, 0x42, 0x5d, 0x20, 0x1f, 0xee, 0xff, 0xff, 0xff,
    0x90, 0x06, 0x54, 0x33, 0x21, 0x10, 0x00, 0x00, 0x75, 0x00, 0x00, 0x00, 0x00, 0x00, 0x73, 0x0c,
    0xff, 0xff, 0xd0, 0x0a, 0xcc, 0x8b, 0xff, 0xff, 0xd0, 0x0a, 0x73, 0xaa, 0x04, 0x60, 0xa0, 0x0a,
    0x73, 0xac, 0xff, 0xff, 0xe0, 0x0f, 0xff, 0xa7, 0xef, 0xd4, 0x00, 0x0a, 0x74, 0x61, 0x66, 0x15,
    0x60, 0x00, 0x75, 0x9a, 0xaa, 0xb8, 0xa4, 0x49, 0xb9, 0xb3, 0x84, 0x74, 0x11, 0x22, 0x00, 0x3b,
    0x24, 0x72, 0xa2, 0x00, 0x00, 0x22, 0x5b, 0x50, 0x13, 0x00, 0x00, 0x49, 0x00, 0x00, 0x00, 0x00,
    0x00, 0xa1, 0x00, 0x00, 0x00, 0x00, 0xef, 0xff, 0xff, 0xfe, 0x00, 0x00, 0xb0, 0x73, 0x37, 0x0b,
    0x00, 0x00, 0xb0, 0x73, 0x37, 0x0b, 0x00, 0x00, 0xb0, 0x73, 0x37, 0x0b, 0x00, 0x00, 0xb0, 0x73,
    0x37, 0x0b, 0x00, 0x00, 0xb0, 0x73, 0x37, 0x0b, 0x00, 0x00, 0xb0, 0x73, 0x37, 0x0b, 0x00, 0x5f,
    0xff, 0xff, 0xff, 0xff, 0xf5, 0x00, 0x0b, 0x11, 0x00, 0x00, 0x00, 0x00, 0x94, 0x0b, 0xff, 0xff,
    0x60, 0x19, 0x50, 0x01, 0x00, 0x01, 0x10, 0x14, 0x0a, 0x41, 0x00, 0x00, 0x11, 0x00, 0x58, 0x9f,
    0xff, 0xff, 0xf8, 0x04, 0xe3, 0x11, 0x00, 0xa1, 0x11, 0x3b, 0x83, 0x00, 0x00, 0xa1, 0x00, 0x00,
    0x83, 0x00, 0x00, 0xa1, 0x00, 0x00, 0x83, 0x00, 0x00, 0xa1, 0x00, 0x00, 0x83, 0x00, 0x00, 0xb1,
    0x00, 0x00, 0x93, 0x00, 0x4c, 0xa0, 0x00, 0x00, 0x00, 0x05, 0x70, 0x00, 0x00, 0x01, 0x10, 0x05,
    0x60, 0x00, 0x10, 0x08, 0xff, 0xff, 0xff, 0xff, 0xb0, 0x01, 0xff, 0xff, 0xff, 0xff, 0x40, 0x01,
    0x11, 0x05, 0x60, 0x01, 0x10, 0x2f, 0xff, 0xff, 0xff, 0xff, 0xf5, 0x01, 0x11, 0x92, 0x64, 0x08,
    0x30, 0x00, 0x59, 0x90, 0x0b, 0x86, 0x00, 0x1b, 0x51, 0x90, 0x03, 0xc3, 0x00, 0x00, 0x02, 0xb8,
    0xb3, 0x2b, 0xa2, 0x00, 0x06, 0x93, 0x00, 0x00, 0x50, 0x00, 0x01, 0x20, 0x03, 0x10, 0x00, 0x04,
    0x92, 0xa1, 0x06, 0x60, 0x10, 0x00, 0x45, 0x9e, 0xff, 0xff, 0xf1, 0x06, 0xa8, 0x91, 0x16, 0x51,
    0x20, 0x05, 0x11, 0x98, 0xff, 0xff, 0x60, 0x01, 0x00, 0x28, 0x60, 0x01, 0x20, 0x2f, 0xff, 0xff,
    0xff, 0xff, 0xf3, 0x01, 0x14, 0xa3, 0x65, 0x4b, 0x10, 0x18, 0xa6, 0x80, 0x09, 0xb0, 0x00, 0x03,
    0x03, 0xab, 0x30, 0x7b, 0x61, 0x00, 0x05, 0x91, 0x00, 0x02, 0x80, 0x1f, 0xff, 0xff, 0xff, 0xff,
    0xf1, 0x00, 0x00, 0x83, 0x38, 0x00, 0x00, 0x00, 0x00, 0x83, 0x38, 0x00, 0x00, 0x05, 0xff, 0xff,
    0xff, 0xff, 0x40, 0x04, 0x70, 0x82, 0x38, 0x08, 0x40, 0x04, 0x70, 0xb1, 0x38, 0x08, 0x40, 0x04,
    0x78, 0x80, 0x2c, 0xaa, 0x40, 0x04, 0x96, 0x00, 0x01, 0x18, 0x40, 0x05, 0xff, 0xff, 0xff, 0xff,
    0x40, 0x05, 0x70, 0x00, 0x00, 0x07, 0x40, 0x00, 0xa4, 0x00, 0x00, 0x00, 0x00, 0x00, 0x92, 0x17,
    0xff, 0xff, 0x60, 0x3f, 0xff, 0xd7, 0x43, 0x26, 0x50, 0x00, 0x82, 0x17, 0x48, 0x46, 0x50, 0x10,
    0x91, 0x17, 0x48, 0x26, 0x50, 0xaf, 0xff, 0xf9, 0x49, 0x16, 0x50, 0x00, 0xa1, 0x17, 0x4a, 0x86,
    0x60, 0x00, 0xa9, 0x33, 0x3b, 0xb2, 0x20, 0x03, 0x81, 0xb1, 0x94, 0xb0, 0x10, 0x1b, 0x10, 0x2a,
    0x70, 0xb0, 0x58, 0x34, 0x01, 0xb5, 0x00, 0xaf, 0xd2, 0x00, 0x40, 0xb0, 0x46, 0x00, 0x00, 0x00,
    0xb0, 0xa0, 0xaf, 0xfe, 0xd2, 0x00, 0xa0, 0xa4, 0x81, 0x00, 0x10, 0x00, 0xb0, 0xa6, 0x13, 0xb5,
    0x00, 0x00, 0x30, 0x60, 0x00, 0x18, 0x30, 0x00, 0x8f, 0xff, 0xff, 0xf6, 0x00, 0x00, 0x74, 0x08,
    0x50, 0x56, 0x00, 0x00, 0x74, 0x09, 0x80, 0x56, 0x00, 0x00, 0x84, 0x1a, 0x90, 0x56, 0x00, 0x00,
    0x25, 0xa2, 0xa0, 0x01, 0xb2, 0x1a, 0xa5, 0x00, 0x9f, 0xfe, 0xa0, 0x00, 0x57, 0x00, 0x00, 0x00,
    0x10, 0x00, 0xdf, 0xf5, 0xcf, 0xff, 0xd0, 0x0a, 0x51, 0x90, 0x03, 0x70, 0xa0, 0x2a, 0xff, 0xfe,
    0x1a, 0x23, 0xb0, 0x05, 0x58, 0x2a, 0x22, 0x4a, 0x30, 0x05, 0xff, 0xfe, 0x29, 0x64, 0x00, 0x05,
    0x58, 0x2a, 0x5f, 0xff, 0xf1, 0x05, 0x8d, 0x7e, 0xa0, 0x64, 0x00, 0x07, 0x48, 0x2a, 0xef, 0xff,
    0xf7, 0x0b, 0x18, 0x4b, 0x00, 0x64, 0x00, 0x26, 0x00, 0x57, 0x00, 0x75, 0x00, 0x00, 0x00, 0x00,
    0x15, 0x60, 0x00, 0x5f, 0xff, 0xff, 0xc8, 0x20, 0x00, 0x04, 0xff, 0xff, 0x4d, 0xff, 0xf4, 0x1a,
    0xff, 0xc8, 0x69, 0x59, 0x10, 0x02, 0xff, 0xf9, 0x27, 0x46, 0x80, 0x11, 0x00, 0x03, 0x31, 0x00,
    0x21, 0x6f, 0xff, 0xff, 0xff, 0xff, 0xf6, 0x11, 0xaf, 0xff, 0xff, 0xfa, 0x11, 0x00, 0xaf, 0xff,
    0xff, 0xfa, 0x00, 0x00, 0xcf, 0xff, 0xff, 0xfb, 0x00, 0x00, 0xbf, 0xff, 0xff, 0xfa, 0x00, 0x04,
    0x20, 0x00, 0x08, 0x40, 0x00, 0x02, 0xb2, 0x00, 0x08, 0x30, 0x00, 0x00, 0x2a, 0x00, 0x08, 0x30,
    0x00, 0x00, 0x00, 0x00, 0x08, 0x30, 0x00, 0x5e, 0xf4, 0xcf, 0xff, 0xff, 0xf7, 0x00, 0x82, 0x11,
    0x08, 0x30, 0x11, 0x00, 0x82, 0x00, 0x08, 0x30, 0x00, 0x00, 0x82, 0x30, 0x08, 0x30, 0x00, 0x00,
    0x86, 0xb1, 0x08, 0x30, 0x00, 0x00, 0xba, 0x10, 0x08, 0x30, 0x00, 0x00, 0x50, 0x00, 0x09, 0x40,
    0x00, 0x00, 0xa2, 0x00, 0x00, 0x00, 0x00, 0x00, 0x2c, 0x10, 0x0c, 0x10, 0x00, 0x00, 0x02, 0x00,
    0x0c, 0x00, 0x00, 0x00, 0x00, 0x00, 0x0b, 0x00, 0x00, 0x7f, 0xf2, 0x00, 0x0c, 0x00, 0x00, 0x10,
    0xa1, 0x00, 0x1a, 0x40, 0x00, 0x00, 0xa1, 0x00, 0x54, 0x70, 0x00, 0x00, 0xa2, 0xa0, 0x90, 0x63,
    0x00, 0x00, 0xac, 0x24, 0x60, 0x1a, 0x00, 0x00, 0xd3, 0x3a, 0x00, 0x05, 0xa0, 0x00, 0x10, 0xa1,
    0x00, 0x00, 0x72, 0x07, 0x60, 0x00, 0x61, 0x00, 0x00, 0x00, 0x96, 0x00, 0x59, 0x03, 0x20, 0x00,
    0x01, 0x28, 0x0a, 0x3a, 0x30, 0xaf, 0xf0, 0x0a, 0x00, 0x0b, 0x00, 0x10, 0xb0, 0x08, 0x20, 0x29,
    0x00, 0x00, 0xb0, 0x03, 0x80, 0x73, 0x00, 0x00, 0xb0, 0x00, 0xa2, 0xa0, 0x00, 0x00, 0xb2, 0x80,
    0x3e, 0x30, 0x00, 0x00, 0xbb, 0x20, 0x8a, 0xa1, 0x00, 0x01, 0xe4, 0x1a, 0x70, 0x4c, 0x61, 0x01,
    0x54, 0xb3, 0x00, 0x01, 0x94, 0x00, 0x00, 0x10, 0x00, 0x01, 0x10, 0x06, 0x60, 0x6f, 0xff, 0xff,
    0x40, 0x00, 0x88, 0x11, 0x00, 0x08, 0x30, 0x00, 0x03, 0x00, 0x00, 0x08, 0x30, 0x6f, 0xf0, 0x00,
    0x00, 0x08, 0x30, 0x10, 0xb0, 0x0a, 0xff, 0xff, 0x30, 0x00, 0xb0, 0x0a, 0x10, 0x06, 0x30, 0x00,
    0xb0, 0x1a, 0x10, 0x00, 0x00, 0x00, 0xb5, 0x8a, 0x10, 0x00, 0x30, 0x00, 0xd9, 0x0a, 0x30, 0x02,
    0xb4, 0x01, 0x90, 0x06, 0xef, 0xfe, 0x80, 0x03, 0x80, 0x00, 0x00, 0x00, 0x00, 0x00, 0x78, 0x07,
    0xff, 0xf7, 0x00, 0x00, 0x04, 0x07, 0x40, 0x47, 0x00, 0x00, 0x00, 0x0b, 0x10, 0x48, 0x00, 0x8f,
    0xf1, 0x95, 0x00, 0x2e, 0xf6, 0x10, 0xb0, 0x5f, 0xff, 0xff, 0x20, 0x00, 0xb0, 0x05, 0x50, 0x19,
    0x00, 0x00, 0xb0, 0x60, 0xa1, 0x82, 0x00, 0x00, 0xb7, 0x70, 0x3d, 0x60, 0x00, 0x00, 0xc8, 0x15,
    0xb6, 0xb7, 0x10, 0x00, 0x51, 0xc8, 0x10, 0x06, 0xb1, 0x02, 0x00, 0x00, 0x03, 0x91, 0x00, 0x06,
    0x90, 0x00, 0x02, 0x87, 0x60, 0x00, 0x63, 0x00, 0x02, 0x90, 0x50, 0x00, 0x02, 0xff, 0xff, 0xff,
    0xf4, 0x9f, 0xe0, 0x10, 0x02, 0x90, 0x10, 0x10, 0xb0, 0xcf, 0xfa, 0xa0, 0x00, 0x00, 0xb0, 0x16,
    0x41, 0xa0, 0x00, 0x00, 0xb0, 0x06, 0x40, 0xb0, 0x00, 0x00, 0xb0, 0x06, 0x40, 0x83, 0x00, 0x00,
    0xb9, 0x38, 0xa9, 0x39, 0x00, 0x02, 0xe4, 0x96, 0x10, 0x0b, 0x87, 0x00, 0x20, 0x00, 0x00, 0x01,
    0x91, 0x09, 0x30, 0x07, 0x10, 0x2a, 0x00, 0x01, 0xb1, 0x13, 0xb0, 0x93, 0x10, 0x00, 0x00, 0xcf,
    0xff, 0xff, 0xf2, 0x7f, 0xf0, 0x11, 0x0b, 0x00, 0x10, 0x32, 0xb0, 0x01, 0x0b, 0x01, 0x10, 0x00,
    0xb0, 0x2f, 0xff, 0xff, 0x70, 0x00, 0xb0, 0x11, 0x0b, 0x01, 0x21, 0x00, 0xb3, 0xff, 0xff, 0xff,
    0xf7, 0x00, 0xb3, 0x60, 0x0b, 0x00, 0x11, 0x02, 0xe9, 0x10, 0x0b, 0x00, 0x00, 0x00, 0x50, 0x00,
    0x0c, 0x00, 0x00, 0x08, 0x40, 0x00, 0x00, 0x00, 0x00, 0x01, 0xa4, 0x6f, 0xff, 0xff, 0x30, 0x00,
    0x11, 0x55, 0x00, 0x08, 0x30, 0x8f, 0xd0, 0x6f, 0xff, 0xff, 0x30, 0x10, 0xb0, 0x00, 0x00, 0x00,
    0x00, 0x00, 0xb0, 0xaf, 0xff, 0xff, 0xa0, 0x00, 0xb0, 0x00, 0x1a, 0x00, 0x00, 0x00, 0xb3, 0xff,
    0xfe, 0xff, 0xf0, 0x00, 0xcb, 0x20, 0x82, 0x50, 0x00, 0x04, 0xd2, 0x29, 0x30, 0x29, 0x40, 0x00,
    0x14, 0xa2, 0x00, 0x01, 0x82, 0x04, 0x10, 0x11, 0x0b, 0x00, 0x10, 0x03, 0xa0, 0xaf, 0xff, 0xff,
    0xf0, 0x00, 0x63, 0x21, 0x0b, 0x00, 0x10, 0x00, 0x12, 0xff, 0xff, 0xff, 0xe1, 0x4e, 0xb0, 0x17,
    0x21, 0x02, 0x90, 0x00, 0xa0, 0x43, 0x86, 0x83, 0x30, 0x00, 0xa0, 0x39, 0x37, 0x40, 0x11, 0x00,
    0xa1, 0xff, 0xff, 0xff, 0xf7, 0x00, 0xbb, 0x20, 0x39, 0x61, 0x11, 0x03, 0xd2, 0x06, 0xa1, 0x3b,
    0x20, 0x00, 0x21, 0xb6, 0x00, 0x02, 0xb0, 0x00, 0x00, 0x00, 0x00, 0x00, 0x00, 0x05, 0x70, 0x00,
    0x00, 0x00, 0x00, 0x00, 0x78, 0x1f, 0xff, 0xff, 0xf3, 0x00, 0x00, 0x1a, 0x15, 0x61, 0x83, 0x00,
    0x00, 0x1a, 0xcf, 0xfc, 0x83, 0x4f, 0xf1, 0x1a, 0x15, 0x51, 0x83, 0x11, 0xb0, 0x1a, 0xff, 0xff,
    0x93, 0x00, 0xb0, 0x29, 0x9f, 0xfa, 0x83, 0x00, 0xb2, 0x48, 0x82, 0x19, 0x83, 0x00, 0xc9, 0x85,
    0x9f, 0xfa, 0x83, 0x01, 0xb1, 0xd1, 0x00, 0x00, 0x83, 0x00, 0x05, 0x70, 0x00, 0x0c, 0xd1, 0x00,
    0x03, 0x80, 0x00, 0x00, 0x00, 0x00, 0x0b, 0xff, 0xff, 0xb0, 0x00, 0x00, 0x56, 0x00, 0x0a, 0x10,
    0x00, 0x02, 0xb0, 0x00, 0x83, 0x00, 0x00, 0x2c, 0xaf, 0xff, 0xff, 0xff, 0x20, 0x02, 0x84, 0x03,
    0x90, 0x0a, 0x20, 0x00, 0x84, 0x03, 0x80, 0x0a, 0x20, 0x00, 0x84, 0x06, 0x50, 0x0a, 0x20, 0x00,
    0x84, 0x3c, 0x29, 0x2a, 0x20, 0x00, 0x59, 0xb2, 0x03, 0xac, 0x30, 0x09, 0xb5, 0x00, 0x00, 0x02,
    0xb2, 0x01, 0x00, 0x01, 0x07, 0x50, 0x00, 0x0b, 0xff, 0xfc, 0x0a, 0x10, 0x00, 0x0a, 0x02, 0x0b,
    0x0e, 0xff, 0xf7, 0x0a, 0x0c, 0x0b, 0x56, 0x07, 0x30, 0x0a, 0x0a, 0x0b, 0xc2, 0x08, 0x10, 0x0a,
    0x0a, 0x0b, 0x1a, 0x0a, 0x00, 0x0a, 0x0a, 0x0b, 0x09, 0x1a, 0x00, 0x0b, 0x47, 0x0a, 0x03, 0xb7,
    0x00, 0x01, 0xa4, 0xa1, 0x01, 0xe5, 0x00, 0x3b, 0x30, 0x3a, 0x3b, 0x3a, 0x71, 0x22, 0x00, 0x04,
    0xa1, 0x00, 0x74, 0x03, 0x10, 0x12, 0x03, 0xa0, 0x00, 0x0a, 0xff, 0xf8, 0x02, 0x90, 0x01, 0x0a,
    0x15, 0x48, 0x02, 0xff, 0xf9, 0x0a, 0x1c, 0x48, 0x02, 0x90, 0x01, 0x0a, 0x1a, 0x48, 0x02, 0x90,
    0x00, 0x0a, 0x1a, 0x48, 0xdf, 0xff, 0xf0, 0x0a, 0x2a, 0x48, 0xb0, 0x00, 0xb0, 0x0b, 0x56, 0x49,
    0xb0, 0x00, 0xb0, 0x03, 0xb5, 0x70, 0xb0, 0x00, 0xb0, 0x19, 0x60, 0x77, 0xdf, 0xff, 0xf0, 0x47,
    0x00, 0x01, 0xc0, 0x00, 0xa1, 0x00, 0x7f, 0xff, 0xff, 0xf6, 0x00, 0x00, 0x65, 0x00, 0x00, 0x75,
    0x00, 0x00, 0x65, 0x00, 0x00, 0x75, 0x00, 0x00, 0x7f, 0xff, 0xff, 0xf6, 0x00, 0x00, 0x10, 0x06,
    0x60, 0x11, 0x00, 0x00, 0x46, 0x06, 0xff, 0xfe, 0x00, 0x00, 0x94, 0x06, 0x60, 0x00, 0x00, 0x01,
    0xb9, 0x06, 0x60, 0x00, 0x00, 0x09, 0x44, 0xa9, 0x60, 0x00, 0x11, 0x3a, 0x00, 0x05, 0x9b, 0xbc,
    0xc3, 0x00, 0x00, 0x00, 0x48, 0x00, 0x00, 0x0a, 0xff, 0xe0, 0xa9, 0xde, 0x60, 0x0a, 0x10, 0xa5,
    0xb1, 0x0a, 0x40, 0x0a, 0xff, 0xe6, 0x18, 0x9a, 0x00, 0x00, 0x29, 0x02, 0x6d, 0xe2, 0x00, 0x06,
    0x2f, 0xd7, 0x64, 0x13, 0x11, 0x0a, 0x29, 0x00, 0xff, 0xff, 0x60, 0x0a, 0x29, 0x00, 0xb0, 0x05,
    0x60, 0x0a, 0x2a, 0x52, 0xb0, 0x05, 0x60, 0x59, 0x31, 0x00, 0xef, 0xff, 0x60, 0x00, 0x00, 0x00,
    0xb0, 0x05, 0x60, 0x00, 0x76, 0x00, 0x01, 0x00, 0x00, 0x00, 0xa1, 0x01, 0x15, 0x80, 0x10, 0x6f,
    0xff, 0xf7, 0xff, 0xff, 0xc0, 0x03, 0x8a, 0x11, 0x0a, 0x00, 0x10, 0x0a, 0x1a, 0x1f, 0xff, 0xff,
    0xf7, 0x3f, 0xff, 0xf3, 0x55, 0x00, 0x10, 0x00, 0x0a, 0x11, 0xbf, 0xff, 0xd0, 0x14, 0x7d, 0xa1,
    0x00, 0x08, 0x10, 0x38, 0x3a, 0x00, 0x73, 0x92, 0x00, 0x00, 0x1a, 0x00, 0x1a, 0xc1, 0x00, 0x00,
    0x19, 0x00, 0x00, 0x69, 0x00, 0x00, 0x49, 0x00, 0x10, 0x00, 0x00, 0x00, 0x84, 0x04, 0xff, 0xff,
    0x60, 0x5f, 0xff, 0xf7, 0x10, 0x09, 0x00, 0x01, 0x8a, 0x10, 0x01, 0xa4, 0x00, 0x06, 0x2a, 0x00,
    0x5a, 0x4a, 0x80, 0x1e, 0xff, 0xf8, 0x70, 0x00, 0x72, 0x02, 0x1a, 0x04, 0xff, 0xff, 0xc0, 0x00,
    0x0b, 0x74, 0x11, 0xa0, 0x10, 0x4b, 0xad, 0x30, 0x01, 0xa0, 0x00, 0x11, 0x0b, 0x01, 0x01, 0xa0,
    0x11, 0x00, 0x0c, 0x0f, 0xff, 0xff, 0xf8, 0x00, 0x00, 0x01, 0x00, 0x00, 0x11, 0x00, 0x05, 0x70,
    0x0c, 0x31, 0x00, 0x0b, 0xff, 0xff, 0x7c, 0x2a, 0x30, 0x11, 0x04, 0x61, 0x0b, 0x01, 0x20, 0x8f,
    0xff, 0xff, 0xff, 0xff, 0xf1, 0x11, 0x2c, 0x00, 0x0a, 0x03, 0x20, 0x0d, 0xff, 0xff, 0xba, 0x1a,
    0x20, 0x00, 0x94, 0x81, 0x17, 0x4a, 0x00, 0x06, 0xff, 0xff, 0x84, 0xd4, 0x00, 0x01, 0x13, 0x81,
    0x33, 0xd0, 0x00, 0x2a, 0x9a, 0xc9, 0x6b, 0x94, 0x20, 0x01, 0x03, 0x82, 0xc4, 0x1b, 0xb5, 0x00,
    0x02, 0x50, 0x20, 0x01, 0x60, 0x00, 0xb2, 0x00, 0x07, 0x20, 0x00, 0x10, 0xb0, 0x10, 0x1b, 0x80,
    0x00, 0x8f, 0xff, 0xd0, 0x93, 0x39, 0x10, 0x14, 0x75, 0x29, 0x60, 0x02, 0xb4, 0x07, 0x47, 0x66,
    0xef, 0xfa, 0x41, 0x3f, 0xff, 0x9e, 0xfe, 0x43, 0xb0, 0x00, 0x47, 0x0a, 0x09, 0x63, 0xa0, 0x01,
    0x7c, 0x6e, 0xfd, 0x63, 0xa0, 0x68, 0x87, 0x0e, 0xfd, 0x73, 0xa0, 0x00, 0x47, 0x0a, 0x09, 0x00,
    0xa0, 0x00, 0x58, 0x0a, 0x6b, 0x1b, 0x70, 0x02, 0x00, 0x00, 0x00, 0x57, 0x00, 0x1b, 0x60, 0x00,
    0x00, 0x56, 0x00, 0x00, 0xb3, 0xff, 0xff, 0xff, 0xf2, 0x00, 0x00, 0x02, 0x00, 0x56, 0x00, 0x5f,
    0xf4, 0x2c, 0x10, 0x56, 0x00, 0x00, 0x74, 0x05, 0xa0, 0x56, 0x00, 0x00, 0x74, 0x00, 0x71, 0x56,
    0x00, 0x00, 0x74, 0x00, 0x00, 0x56, 0x00, 0x00, 0x94, 0x00, 0x05, 0x95, 0x00, 0x1b, 0x8a, 0x94,
    0x28, 0x73, 0x42, 0x24, 0x00, 0x27, 0x9a, 0xaa, 0xa2, 0x09, 0x30, 0x00, 0x00, 0x01, 0x10, 0x01,
    0xc2, 0x5f, 0xff, 0xff, 0x60, 0x00, 0x33, 0x01, 0x00, 0x01, 0x10, 0x00, 0x00, 0x10, 0x00, 0x00,
    0x10, 0x8f, 0xf3, 0xff, 0xff, 0xff, 0xf3, 0x00, 0xb0, 0x11, 0x84, 0x00, 0x10, 0x00, 0xb0, 0x01,
    0xb0, 0x32, 0x00, 0x00, 0xb0, 0x09, 0x30, 0x2b, 0x00, 0x00, 0xb0, 0x7c, 0x79, 0x9c, 0x50, 0x06,
    0xe9, 0x65, 0x21, 0x01, 0x80, 0x29, 0x04, 0xbb, 0xbb, 0xbc, 0xe5, 0x00, 0x00, 0x00, 0x11, 0x11,
    0x10, 0x01, 0x00, 0x00, 0x00, 0x00, 0x00, 0x09, 0x60, 0x1f, 0xee, 0xdc, 0x20, 0x00, 0xa6, 0x0a,
    0x00, 0x00, 0x00, 0x00, 0x02, 0x0a, 0x00, 0x00, 0x00, 0x6f, 0xe0, 0x0f, 0xff, 0xff, 0xf1, 0x00,
    0xb0, 0x1a, 0x00, 0xa1, 0x00, 0x00, 0xb0, 0x29, 0x00, 0xa1, 0x00, 0x00, 0xb0, 0x57, 0x00, 0xa1,
    0x00, 0x00, 0xb0, 0xc2, 0x00, 0xa1, 0x00, 0x08, 0xd8, 0x30, 0x00, 0x92, 0x00, 0x38, 0x05, 0xaa,
    0xaa, 0xbb, 0xc4, 0x0a, 0x30, 0x4f, 0xfe, 0xdb, 0x40, 0x02, 0xc4, 0x47, 0x00, 0x00, 0x00, 0x00,
    0x15, 0x3f, 0xff, 0xff, 0x60, 0x4f, 0xf4, 0x47, 0x10, 0x09, 0x30, 0x00, 0x83, 0x46, 0xa6, 0x2a,
    0x00, 0x00, 0x83, 0x74, 0x09, 0xc2, 0x00, 0x00, 0x83, 0xb1, 0x0a, 0xb6, 0x00, 0x00, 0x87, 0xa4,
    0xc5, 0x0a, 0x60, 0x06, 0xdb, 0x43, 0x20, 0x01, 0x30, 0x3b, 0x03, 0x9c, 0xcc, 0xdd, 0xe4, 0x00,
    0x00, 0x00, 0x00, 0x00, 0x00, 0x01, 0x00, 0x05, 0x90, 0xa2, 0x00, 0x0a, 0x50, 0x14, 0x70, 0x91,
    0x00, 0x00, 0xb3, 0xef, 0xff, 0xff, 0xe0, 0x00, 0x10, 0x03, 0x70, 0x91, 0x00, 0x6f, 0xe0, 0x03,
    0x70, 0x91, 0x00, 0x00, 0xb8, 0xff, 0xff, 0xff, 0xf4, 0x00, 0xb0, 0x06, 0x50, 0x91, 0x00, 0x00,
    0xb0, 0x0b, 0x10, 0x91, 0x00, 0x00, 0xb0, 0x69, 0x00, 0xa2, 0x00, 0x09, 0xda, 0x31, 0x00, 0x31,
    0x00, 0x37, 0x05, 0xbb, 0xbb, 0xcd, 0xe4, 0x1a, 0x10, 0x10, 0x00, 0x01, 0x00, 0x03, 0xc1, 0xaf,
    0xff, 0xff, 0x00, 0x00, 0x10, 0x10, 0x00, 0x01, 0x10, 0x00, 0x05, 0xff, 0xff, 0xff, 0x90, 0xbf,
    0xd0, 0x17, 0x55, 0x60, 0x10, 0x00, 0xc0, 0x07, 0x45, 0x60, 0x00, 0x00, 0xc0, 0x09, 0x25, 0x60,
    0x00, 0x00, 0xc0, 0x0b, 0x05, 0x60, 0x00, 0x00, 0xc0, 0x86, 0x05, 0x81, 0xb1, 0x07, 0xe9, 0x80,
    0x02, 0xee, 0x80, 0x47, 0x04, 0xab, 0xaa, 0xab, 0xc6, 0x00, 0x00, 0x00, 0x01, 0x11, 0x10, 0x02,
    0x00, 0x00, 0x75, 0x00, 0x00, 0x0a, 0x40, 0x00, 0xb0, 0x00, 0x10, 0x01, 0xc7, 0xff, 0xff, 0xff,
    0xe0, 0x00, 0x11, 0x16, 0x1b, 0x00, 0x10, 0x6f, 0xe0, 0xaf, 0xff, 0xff, 0x80, 0x00, 0xb0, 0x21,
    0x0b, 0x00, 0x00, 0x00, 0xb0, 0x00, 0x0b, 0x00, 0x00, 0x00, 0xb4, 0xff, 0xff, 0xff, 0xf1, 0x00,
    0xb0, 0x00, 0x0b, 0x00, 0x00, 0x1a, 0xdb, 0x20, 0x0b, 0x00, 0x00, 0x36, 0x05, 0xbc, 0xcc, 0xdd,
    0xe5, 0x00, 0x00, 0x00, 0x00, 0x00, 0x00, 0x00, 0x00, 0x11, 0x00, 0x01, 0x00, 0x0a, 0x10, 0x5f,
    0xff, 0xff, 0x00, 0x03, 0xb1, 0x47, 0x00, 0x0b, 0x00, 0x00, 0x41, 0x4f, 0xff, 0xff, 0x00, 0x6f,
    0xe0, 0x4f, 0xff, 0xff, 0x00, 0x00, 0xb0, 0x47, 0x00, 0x01, 0x70, 0x00, 0xb0, 0x47, 0x67, 0x4a,
    0x50, 0x00, 0xb0, 0x47, 0x26, 0xc4, 0x00, 0x00, 0xb0, 0x8c, 0x82, 0x1a, 0x80, 0x09, 0xda, 0x20,
    0x00, 0x00, 0x30, 0x37, 0x04, 0xab, 0xbb, 0xcd, 0xe4, 0x01, 0x00, 0x06, 0x00, 0x47, 0x00, 0x06,
    0x70, 0x16, 0x81, 0xa1, 0x00, 0x00, 0xc1, 0x9f, 0xff, 0xff, 0x70, 0x00, 0x20, 0x10, 0x1a, 0x01,
    0x10, 0x7f, 0xf2, 0x10, 0x29, 0x00, 0x00, 0x00, 0x93, 0xff, 0xff, 0xff, 0xe0, 0x00, 0x92, 0x10,
    0x6a, 0x20, 0x10, 0x00, 0x92, 0x02, 0xa1, 0xa4, 0x00, 0x00, 0x92, 0x6a, 0x10, 0x1c, 0x30, 0x05,
    0xdc, 0x81, 0x00, 0x02, 0x21, 0x2a, 0x01, 0x8b, 0xbc, 0xcc, 0xb2, 0x04, 0x00, 0x01, 0x0c, 0x00,
    0x00, 0x07, 0x80, 0x39, 0x0b, 0x00, 0x00, 0x00, 0x81, 0x7f, 0xff, 0xff, 0x60, 0x00, 0x01, 0xd0,
    0x0b, 0x01, 0x10, 0x6f, 0xf6, 0xff, 0xff, 0xff, 0xc0, 0x00, 0xb1, 0x11, 0x92, 0x90, 0x10, 0x00,
    0xb0, 0x04, 0x62, 0x90, 0x10, 0x00, 0xb0, 0x1b, 0x12, 0xa1, 0xb0, 0x00, 0xb0, 0xa3, 0x01, 0xef,
    0x50, 0x06, 0xdb, 0x40, 0x00, 0x00, 0x00, 0x29, 0x12, 0x9d, 0xcc, 0xdd, 0xe5, 0x00, 0x00, 0x00,
    0x01, 0x11, 0x00, 0x00, 0x00, 0x10, 0x00, 0x01, 0x00, 0x1a, 0x11, 0xff, 0xff, 0xf9, 0x00, 0x02,
    0xb1, 0x13, 0x68, 0x10, 0x00, 0x00, 0x10, 0xef, 0xff, 0xff, 0x50, 0x9f, 0xc0, 0xa0, 0x37, 0x06,
    0x50, 0x00, 0xb0, 0xef, 0xff, 0xff, 0x50, 0x00, 0xb0, 0xa0, 0x37, 0x06, 0x50, 0x00, 0xb0, 0xef,
    0xff, 0xff, 0x50, 0x00, 0xb0, 0xa0, 0x37, 0x06, 0x50, 0x05, 0xd6, 0xb0, 0x36, 0x69, 0x10, 0x39,
    0x04, 0x9a, 0x99, 0x9a, 0xc5, 0x00, 0x00, 0x00, 0x11, 0x11, 0x00, 0x8f, 0xff, 0xff, 0x8c, 0xbc,
    0x60, 0x00, 0x95, 0x40, 0x00, 0x04, 0x70, 0x1f, 0xff, 0xf9, 0x00, 0x04, 0x70, 0x19, 0x95, 0x68,
    0x00, 0x04, 0x70, 0x19, 0xa5, 0x68, 0x7f, 0xff, 0x70, 0x1c, 0x84, 0xa8, 0x64, 0x03, 0x70, 0x19,
    0x00, 0x28, 0x64, 0x00, 0x00, 0x1f, 0xff, 0xf8, 0x64, 0x00, 0x10, 0x1f, 0xff, 0xf9, 0x66, 0x01,
    0xa5, 0x29, 0x00, 0x29, 0x2d, 0xff, 0xb1, 0x09, 0x40, 0x00, 0x00, 0x00, 0x00, 0x00, 0xa8, 0xff,
    0xff, 0xff, 0xf7, 0x00, 0x00, 0x00, 0x91, 0xb0, 0x00, 0x46, 0x00, 0xdf, 0xff, 0xff, 0xf0, 0x07,
    0xb1, 0xb0, 0xa0, 0xb0, 0xb0, 0x00, 0x20, 0xb1, 0xa0, 0xb0, 0xb0, 0x00, 0x31, 0xb7, 0x30, 0xcf,
    0xf0, 0x00, 0xb3, 0xcf, 0xff, 0xff, 0xf0, 0x02, 0xb0, 0xb0, 0x00, 0x00, 0xb0, 0x0b, 0x40, 0xcf,
    0xff, 0xff, 0xf0, 0x06, 0x00, 0xc0, 0x00, 0x00, 0x80, 0x00, 0x00, 0x00, 0x14, 0x8a, 0x00, 0x04,
    0xfe, 0xef, 0xfd, 0xa9, 0x20, 0x4f, 0xff, 0xff, 0xff, 0xff, 0xf4, 0x01, 0x11, 0x04, 0x60, 0x14,
    0x10, 0x00, 0xcf, 0xff, 0xff, 0xfd, 0x00, 0x00, 0xcf, 0xff, 0xff, 0xfd, 0x00, 0x00, 0xb0, 0x04,
    0x60, 0x0a, 0x00, 0x00, 0xcf, 0xff, 0xff, 0xea, 0x00, 0x02, 0xff, 0xff, 0xff, 0xff, 0x30, 0x00,
    0x00, 0x04, 0x60, 0x00, 0x00, 0x4f, 0xff, 0xff, 0xff, 0xff, 0xf2, 0x00, 0xaf, 0xff, 0xff, 0xfb,
    0x00, 0x00, 0xaf, 0xff, 0xff, 0xfb, 0x00, 0x00, 0xaf, 0xff, 0xff, 0xfc, 0x00, 0x6f, 0xff, 0xff,
    0xff, 0xff, 0xf6, 0x11, 0xbf, 0xff, 0xff, 0xfd, 0x11, 0x00, 0xbf, 0xff, 0xff, 0xfd, 0x00, 0x00,
    0xbf, 0xff, 0xff, 0xfd, 0x00, 0x00, 0x31, 0x04, 0x60, 0x13, 0x00, 0x05, 0xff, 0xff, 0xff, 0xff,
    0x50, 0x1f, 0xff, 0xff, 0xff, 0xff, 0xf2, 0x00, 0x34, 0x00, 0x00, 0x40, 0x00, 0x00, 0xa6, 0x01,
    0x00, 0xc1, 0x00, 0x04, 0xff, 0xfc, 0x00, 0xb0, 0x00, 0x2d, 0x20, 0x11, 0x00, 0xb0, 0x00, 0x09,
    0xff, 0xfa, 0xee, 0xfe, 0xe6, 0x01, 0x1a, 0x01, 0x10, 0xb0, 0x11, 0x3f, 0xff, 0xfc, 0x00, 0xb0,
    0x00, 0x01, 0x1a, 0x01, 0x00, 0xb0, 0x00, 0x00, 0x0a, 0x17, 0x00, 0xb0, 0x00, 0x00, 0x1d, 0xa2,
    0x00, 0xc0, 0x00, 0x00, 0x38, 0x00, 0x00, 0xd0, 0x00, 0x00, 0x83, 0x00, 0x06, 0x70, 0x10, 0x02,
    0xa0, 0x09, 0x15, 0x51, 0xb1, 0x0b, 0xff, 0xc1, 0x95, 0x58, 0x20, 0x6a, 0x00, 0x19, 0xff, 0xff,
    0xa0, 0x1d, 0xff, 0x8a, 0x13, 0x30, 0xb0, 0x01, 0xa1, 0x1a, 0x16, 0x50, 0xb0, 0x5f, 0xff, 0xda,
    0x16, 0x40, 0xb0, 0x00, 0xa1, 0x1a, 0x19, 0x10, 0xb0, 0x00, 0xa2, 0x57, 0x2b, 0x22, 0x50, 0x00,
    0xbb, 0x33, 0xb3, 0x2a, 0x50, 0x00, 0x91, 0x79, 0x10, 0x00, 0x94, 0x00, 0x00, 0x00, 0x00, 0x00,
    0x00, 0x00, 0xa1, 0x00, 0x84, 0x0b, 0x00, 0x02, 0x80, 0x0c, 0xff, 0xff, 0xf3, 0x09, 0xff, 0x90,
    0x83, 0x0a, 0x00, 0x4b, 0x00, 0x01, 0x83, 0x0a, 0x00, 0x3a, 0xff, 0xbf, 0xff, 0xff, 0xf9, 0x00,
    0x73, 0x04, 0xce, 0xfd, 0x71, 0x3f, 0xff, 0xa5, 0x60, 0x00, 0xb0, 0x00, 0x73, 0x05, 0xff, 0xff,
    0xb0, 0x00, 0x73, 0x45, 0x60, 0x00, 0xb0, 0x00, 0x8b, 0x75, 0xff, 0xff, 0xb0, 0x00, 0x94, 0x06,
    0x60, 0x00, 0xb0, 0x00, 0xa0, 0x00, 0x00, 0xa0, 0x00, 0x03, 0x80, 0x00, 0x3f, 0xff, 0x80, 0x0a,
    0xff, 0xdf, 0x60, 0x91, 0xa0, 0x58, 0x00, 0x08, 0xaf, 0xff, 0xf7, 0x1e, 0xff, 0x36, 0x00, 0x91,
    0xa0, 0x01, 0xb1, 0xbf, 0x8f, 0xfe, 0x70, 0x4f, 0xff, 0x36, 0x8f, 0xff, 0xc0, 0x00, 0xb0, 0x88,
    0x21, 0x90, 0x10, 0x00, 0xb1, 0x3d, 0x9f, 0xff, 0xf2, 0x00, 0xcb, 0x6c, 0xa3, 0xa0, 0x00, 0x02,
    0xd3, 0xb1, 0x27, 0xaa, 0xb6, 0x00, 0x00, 0x00, 0x00, 0x00, 0x00, 0x00, 0x0d, 0x00, 0x00, 0x59,
    0x00, 0x00, 0x0b, 0x00, 0x04, 0xc2, 0x00, 0x00, 0x0b, 0x00, 0x6a, 0x10, 0x00, 0x00, 0x0b, 0x09,
    0x80, 0x00, 0x00, 0x01, 0x0b, 0x01, 0x00, 0x00, 0x10, 0x5f, 0xff, 0xff, 0xff, 0xff, 0xf1, 0x01,
    0x0b, 0x02, 0x90, 0x00, 0x10, 0x00, 0x0b, 0x00, 0x68, 0x00, 0x00, 0x00, 0x0b, 0x04, 0x26, 0xb2,
    0x00, 0x00, 0x0c, 0xa9, 0x10, 0x3c, 0xb1, 0x00, 0x2b, 0x20, 0x00, 0x00, 0x30, 0x09, 0x20, 0x00,
    0x00, 0x00, 0x02, 0xb3, 0xff, 0xff, 0xfb, 0x00, 0x20, 0x03, 0x10, 0x1a, 0x82, 0x00, 0x05, 0x60,
    0x1a, 0x93, 0xff, 0xff, 0xff, 0x9a, 0x91, 0x00, 0x0a, 0x60, 0x1a, 0x91, 0x01, 0x86, 0x60, 0x1a,
    0x91, 0x6a, 0x15, 0x60, 0x1a, 0x97, 0x70, 0x06, 0x60, 0x1a, 0x91, 0x00, 0xbc, 0x30, 0x2a, 0xa1,
    0x00, 0x10, 0x06, 0xd6, 0x0a, 0x20, 0x00, 0x00, 0x00, 0x02, 0xb0, 0xbf, 0xff, 0xf8, 0x64, 0x00,
    0x00, 0x00, 0x38, 0x73, 0x6f, 0xff, 0xf4, 0x38, 0x73, 0x55, 0x00, 0x74, 0x38, 0x73, 0x55, 0x00,
    0x74, 0x38, 0x73, 0x5f, 0xff, 0xf4, 0x38, 0x73, 0x55, 0x00, 0x74, 0x38, 0x73, 0x6f, 0xff, 0xf4,
    0x38, 0x73, 0x00, 0x00, 0x00, 0x38, 0x83, 0x00, 0x00, 0x05, 0xc4, 0x3f, 0xff, 0x4b, 0xff, 0xfe,
    0x20, 0x28, 0x08, 0x0b, 0x00, 0x0a, 0x10, 0x28, 0x18, 0x0b, 0x00, 0x0a, 0x10, 0x28, 0x74, 0x0c,
    0xff, 0xff, 0x10, 0x28, 0x2b, 0x1b, 0x00, 0x0a, 0x10, 0x28, 0x06, 0x6b, 0x00, 0x0a, 0x10, 0x28,
    0x06, 0x6c, 0xff, 0xff, 0x10, 0x28, 0xa9, 0x1b, 0x00, 0x0a, 0x10, 0x28, 0x00, 0x0b, 0x00, 0x0a,
    0x10, 0x39, 0x04, 0xff, 0xff, 0xff, 0xf4, 0x00, 0x00, 0x10, 0x00, 0x00, 0x10, 0x00, 0x00, 0x01,
    0x00, 0x01, 0x10, 0x2f, 0xff, 0x3e, 0xff, 0xff, 0x60, 0x19, 0x08, 0x01, 0x00, 0x01, 0x00, 0x19,
    0x26, 0x10, 0x00, 0x00, 0x10, 0x19, 0x84, 0xaf, 0xff, 0xff, 0xf1, 0x19, 0x1b, 0x11, 0x09, 0x20,
    0x10, 0x19, 0x07, 0x49, 0x49, 0x29, 0x00, 0x1a, 0x3b, 0x59, 0x09, 0x26, 0x70, 0x19, 0x84, 0xb1,
    0x09, 0x20, 0xa1, 0x2a, 0x00, 0x00, 0x0a, 0x10, 0x00, 0x2a, 0x00, 0x00, 0xca, 0x00, 0x00, 0x00,
    0x00, 0x01, 0xa0, 0x00, 0x00, 0x3f, 0xfd, 0x09, 0xb9, 0xeb, 0x10, 0x38, 0x18, 0x78, 0x70, 0x59,
    0x00, 0x38, 0x62, 0x20, 0x5c, 0x90, 0x00, 0x38, 0xb1, 0x27, 0xa6, 0xaa, 0x71, 0x38, 0x5a, 0xa5,
    0x0b, 0x12, 0x60, 0x38, 0x0b, 0x9f, 0xff, 0xff, 0x90, 0x38, 0x4c, 0x1b, 0x0b, 0x01, 0x20, 0x38,
    0x93, 0x3f, 0xff, 0xff, 0xb0, 0x38, 0x00, 0x00, 0x0b, 0x00, 0x00, 0x48, 0x00, 0x00, 0x0c, 0x10,
    0x00, 0x00, 0x00, 0x00, 0x75, 0x00, 0x00, 0x4f, 0xfe, 0x01, 0xa9, 0x00, 0x00, 0x47, 0x17, 0x1a,
    0x22, 0xa2, 0x00, 0x47, 0x74, 0xb3, 0x00, 0x1b, 0x91, 0x48, 0xa5, 0x4f, 0xff, 0xfa, 0x50, 0x47,
    0x77, 0x10, 0x39, 0x01, 0x10, 0x47, 0x0b, 0xbf, 0xff, 0xff, 0x70, 0x47, 0x2c, 0x28, 0x39, 0x23,
    0x10, 0x47, 0x94, 0xa4, 0x39, 0x1b, 0x30, 0x47, 0x0a, 0x50, 0x39, 0x01, 0xa0, 0x57, 0x00, 0x06,
    0xc5, 0x00, 0x00, 0x00, 0x00, 0x02, 0x80, 0x00, 0x00, 0x3f, 0xff, 0x3b, 0xff, 0xf3, 0x00, 0x28,
    0x08, 0x86, 0x03, 0x70, 0x00, 0x28, 0x64, 0x7f, 0xff, 0xff, 0x10, 0x29, 0xc1, 0x02, 0x00, 0x0a,
    0x10, 0x28, 0x4a, 0x1f, 0xff, 0xff, 0x10, 0x28, 0x09, 0x7f, 0xff, 0xff, 0x10, 0x28, 0x2b, 0x23,
    0x49, 0x01, 0x00, 0x28, 0x83, 0xa5, 0x65, 0x35, 0x60, 0x28, 0x02, 0x94, 0x80, 0x45, 0x81, 0x38,
    0x02, 0x12, 0xef, 0xe3, 0x00, 0x00, 0x00, 0x00, 0x00, 0x00, 0x00, 0x00, 0x00, 0x00, 0x63, 0x00,
    0x00, 0x2f, 0xfe, 0x00, 0x2b, 0x00, 0x00, 0x29, 0x07, 0xbf, 0xff, 0xff, 0xc0, 0x19, 0x65, 0xff,
    0xff, 0xff, 0xf2, 0x19, 0xc2, 0x3d, 0xef, 0xed, 0x30, 0x19, 0x3b, 0x29, 0x00, 0x09, 0x20, 0x19,
    0x09, 0x4f, 0xff, 0xff, 0x10, 0x19, 0x4b, 0x3c, 0xef, 0xff, 0x20, 0x19, 0x83, 0xff, 0xff, 0xff,
    0xf3, 0x29, 0x00, 0x00, 0x0b, 0x00, 0x00, 0x29, 0x00, 0x00, 0x0c, 0x00, 0x00, 0x26, 0x00, 0x00,
    0x00, 0x00, 0x00, 0x00, 0x10, 0x3b, 0x50, 0x01, 0x00, 0x06, 0xff, 0xff, 0xff, 0xff, 0x60, 0x00,
    0x17, 0x10, 0x03, 0x71, 0x00, 0x01, 0x04, 0xb0, 0x0a, 0x20, 0x10, 0x5f, 0xff, 0xff, 0xff, 0xff,
    0xf5, 0x01, 0x11, 0x00, 0x00, 0x11, 0x10, 0x00, 0x6f, 0xff, 0xff, 0xf6, 0x00, 0x00, 0x65, 0x00,
    0x00, 0x66, 0x00, 0x00, 0x6f, 0xff, 0xff, 0xf6, 0x00, 0x00, 0x65, 0x00, 0x00, 0x66, 0x00, 0x00,
    0x6f, 0xff, 0xff, 0xf6, 0x00, 0x00, 0x00, 0x00, 0x00, 0x33, 0x00, 0x0c, 0xff, 0xff, 0xff, 0xff,
    0xe0, 0x01, 0x10, 0x1a, 0x10, 0x01, 0x10, 0x00, 0x8f, 0xff, 0xff, 0xfc, 0x00, 0x00, 0x84, 0x02,
    0x30, 0x0c, 0x00, 0x00, 0x84, 0x05, 0x70, 0x0c, 0x00, 0x00, 0x84, 0x06, 0x50, 0x0c, 0x00, 0x00,
    0x84, 0x0a, 0x20, 0x0c, 0x00, 0x00, 0x84, 0x5a, 0x3b, 0x5c, 0x00, 0x00, 0x5b, 0x90, 0x00, 0x7b,
    0x20, 0x09, 0xa4, 0x00, 0x00, 0x03, 0xa0, 0x4f, 0xff, 0xdb, 0xff, 0xff, 0xf1, 0x00, 0x07, 0x51,
    0x05, 0x60, 0x10, 0x03, 0x98, 0x02, 0xef, 0xff, 0x80, 0x8f, 0xff, 0xe7, 0x93, 0x53, 0x80, 0x10,
    0x56, 0xa3, 0x94, 0x73, 0x80, 0x00, 0x56, 0x32, 0x94, 0x63, 0x80, 0x00, 0x56, 0x02, 0x96, 0x53,
    0x80, 0x00, 0x56, 0x02, 0x7b, 0x34, 0x50, 0x02, 0x85, 0x02, 0x96, 0x2a, 0x50, 0x06, 0x81, 0x2c,
    0x40, 0x00, 0x94, 0x00, 0x00, 0x00, 0x00, 0x00, 0x00, 0x00, 0x0c, 0x01, 0x00, 0x00, 0x00, 0x01,
    0x6d, 0xfd, 0x8f, 0xff, 0x30, 0x0b, 0xff, 0xf8, 0x15, 0x85, 0x00, 0x14, 0x47, 0x54, 0x4b, 0x6a,
    0x50, 0x18, 0xa3, 0x38, 0x72, 0x00, 0x20, 0x02, 0x17, 0x59, 0x26, 0x62, 0x00, 0x28, 0x7f, 0xff,
    0xff, 0xd9, 0xc3, 0x00, 0x4f, 0xff, 0xff, 0xc0, 0x00, 0x00, 0x4f, 0xff, 0xff, 0xd9, 0x10, 0x00,
    0x48, 0x57, 0x7c, 0xb1, 0x00, 0x00, 0x6a, 0x40, 0x00, 0x69, 0x00, 0x00, 0x09, 0x20, 0x03, 0xa0,
    0x00, 0x11, 0x01, 0xa0, 0x2a, 0x11, 0x11, 0x5f, 0xff, 0xff, 0xff, 0xff, 0xf5, 0x11, 0x11, 0x0a,
    0x00, 0x11, 0x11, 0x00, 0xaf, 0xff, 0xff, 0xf9, 0x00, 0x00, 0xa1, 0x00, 0x00, 0x48, 0x00, 0x00,
    0xaf, 0xff, 0xff, 0xf8, 0x00, 0x00, 0xa1, 0x00, 0x00, 0x48, 0x00, 0x00, 0xaf, 0xff, 0xff, 0xf8,
    0x00, 0x00, 0xaf, 0xff, 0xff, 0xf8, 0x00, 0x00, 0xb1, 0x00, 0x00, 0x38, 0x00, 0x01, 0x10, 0x0a,
    0x20, 0x01, 0x10, 0x2f, 0xff, 0xff, 0xff, 0xff, 0xf2, 0x01, 0x10, 0x00, 0x00, 0x01, 0x10, 0x00,
    0x1f, 0xff, 0xff, 0xe0, 0x00, 0x01, 0x2f, 0xff, 0xff, 0xe0, 0x00, 0x07, 0xff, 0xff, 0xff, 0xed,
    0x60, 0x07, 0x50, 0x00, 0x00, 0x04, 0x80, 0x06, 0x56, 0xff, 0xff, 0x54, 0x70, 0x06, 0x55, 0x50,
    0x06, 0x54, 0x70, 0x07, 0x56, 0xff, 0xff, 0x55, 0x70, 0x06, 0x40, 0x00, 0x00, 0x8c, 0x40, 0x01,
    0x00, 0x01, 0x00, 0xc0, 0x00, 0x0f, 0xff, 0xfc, 0x00, 0xb5, 0x10, 0x0a, 0x79, 0x89, 0x00, 0xa2,
    0xa0, 0x0a, 0x39, 0x09, 0x10, 0xa0, 0x20, 0x0a, 0xef, 0xfb, 0xdf, 0xff, 0xf2, 0x0f, 0xff, 0xfc,
    0x11, 0xc0, 0x10, 0x00, 0x1a, 0x35, 0x03, 0x93, 0x00, 0x59, 0x86, 0x55, 0x08, 0x27, 0x00, 0x06,
    0x53, 0x49, 0x19, 0x07, 0x20, 0x28, 0x82, 0x84, 0xa2, 0x01, 0xa0, 0x32, 0x21, 0x08, 0x40, 0x00,
    0x74, 0x9a, 0x28, 0x53,
};

static const lv_font_fmt_txt_glyph_dsc_t lv_font_cn_12_glyph_dsc[] = {
    { .bitmap_index = 0, .adv_w = 0, .box_w = 0, .box_h = 0, .ofs_x = 0, .ofs_y = 0 },
    { .bitmap_index = 0, .adv_w = 48, .box_w = 0, .box_h = 0, .ofs_x = 0, .ofs_y = 0 },
    { .bitmap_index = 0, .adv_w = 57, .box_w = 2, .box_h = 10, .ofs_x = 1, .ofs_y = -9 },
    { .bitmap_index = 10, .adv_w = 59, .box_w = 4, .box_h = 3, .ofs_x = 0, .ofs_y = -2 },
    { .bitmap_index = 16, .adv_w = 138, .box_w = 7, .box_h = 9, .ofs_x = 1, .ofs_y = -8 },
    { .bitmap_index = 48, .adv_w = 102, .box_w = 7, .box_h = 11, .ofs_x = 0, .ofs_y = -9 },
    { .bitmap_index = 87, .adv_w = 149, .box_w = 10, .box_h = 10, .ofs_x = 0, .ofs_y = -9 },
    { .bitmap_index = 137, .adv_w = 145, .box_w = 8, .box_h = 10, .ofs_x = 1, .ofs_y = -9 },
    { .bitmap_index = 177, .adv_w = 38, .box_w = 2, .box_h = 3, .ofs_x = 0, .ofs_y = -2 },
    { .bitmap_index = 180, .adv_w = 71, .box_w = 3, .box_h = 11, .ofs_x = 1, .ofs_y = -10 },
    { .bitmap_index = 197, .adv_w = 71, .box_w = 3, .box_h = 11, .ofs_x = 0, .ofs_y = -10 },
    { .bitmap_index = 214, .adv_w = 82, .box_w = 5, .box_h = 5, .ofs_x = 0, .ofs_y = -4 },
    { .bitmap_index = 227, .adv_w = 116, .box_w = 7, .box_h = 6, .ofs_x = 0, .ofs_y = -7 },
    { .bitmap_index = 248, .adv_w = 53, .box_w = 3, .box_h = 2, .ofs_x = 0, .ofs_y = -9 },
    { .bitmap_index = 251, .adv_w = 64, .box_w = 4, .box_h = 1, .ofs_x = 0, .ofs_y = -5 },
    { .bitmap_index = 253, .adv_w = 53, .box_w = 2, .box_h = 2, .ofs_x = 1, .ofs_y = -9 },
    { .bitmap_index = 255, .adv_w = 84, .box_w = 5, .box_h = 10, .ofs_x = 0, .ofs_y = -9 },
    { .bitmap_index = 280, .adv_w = 106, .box_w = 7, .box_h = 10, .ofs_x = 0, .ofs_y = -9 },
    { .bitmap_index = 315, .adv_w = 106, .box_w = 3, .box_h = 8, .ofs_x = 1, .ofs_y = -8 },
    { .bitmap_index = 327, .adv_w = 106, .box_w = 7, .box_h = 9, .ofs_x = 0, .ofs_y = -8 },
    { .bitmap_index = 359, .adv_w = 106, .box_w = 7, .box_h = 10, .ofs_x = 0, .ofs_y = -9 },
    { .bitmap_index = 394, .adv_w = 106, .box_w = 7, .box_h = 9, .ofs_x = 0, .ofs_y = -8 },
    { .bitmap_index = 426, .adv_w = 106, .box_w = 7, .box_h = 9, .ofs_x = 0, .ofs_y = -9 },
    { .bitmap_index = 458, .adv_w = 106, .box_w = 7, .box_h = 10, .ofs_x = 0, .ofs_y = -9 },
    { .bitmap_index = 493, .adv_w = 106, .box_w = 7, .box_h = 8, .ofs_x = 0, .ofs_y = -8 },
    { .bitmap_index = 521, .adv_w = 106, .box_w = 7, .box_h = 10, .ofs_x = 0, .ofs_y = -9 },
    { .bitmap_index = 556, .adv_w = 106, .box_w = 6, .box_h = 10, .ofs_x = 0, .ofs_y = -8 },
    { .bitmap_index = 586, .adv_w = 53, .box_w = 2, .box_h = 8, .ofs_x = 1, .ofs_y = -9 },
    { .bitmap_index = 594, .adv_w = 53, .box_w = 3, .box_h = 8, .ofs_x = 0, .ofs_y = -9 },
    { .bitmap_index = 606, .adv_w = 116, .box_w = 7, .box_h = 6, .ofs_x = 0, .ofs_y = -7 },
    { .bitmap_index = 627, .adv_w = 116, .box_w = 7, .box_h = 4, .ofs_x = 0, .ofs_y = -6 },
    { .bitmap_index = 641, .adv_w = 116, .box_w = 7, .box_h = 6, .ofs_x = 0, .ofs_y = -7 },
    { .bitmap_index = 662, .adv_w = 95, .box_w = 6, .box_h = 9, .ofs_x = 0, .ofs_y = -8 },
    { .bitmap_index = 689, .adv_w = 166, .box_w = 10, .box_h = 10, .ofs_x = 0, .ofs_y = -8 },
    { .bitmap_index = 739, .adv_w = 142, .box_w = 9, .box_h = 9, .ofs_x = 0, .ofs_y = -8 },
    { .bitmap_index = 780, .adv_w = 110, .box_w = 6, .box_h = 8, .ofs_x = 1, .ofs_y = -8 },
    { .bitmap_index = 804, .adv_w = 156, .box_w = 10, .box_h = 10, .ofs_x = 0, .ofs_y = -9 },
    { .bitmap_index = 854, .adv_w = 143, .box_w = 8, .box_h = 8, .ofs_x = 1, .ofs_y = -8 },
    { .bitmap_index = 886, .adv_w = 103, .box_w = 5, .box_h = 8, .ofs_x = 1, .ofs_y = -8 },
    { .bitmap_index = 906, .adv_w = 93, .box_w = 5, .box_h = 8, .ofs_x = 1, .ofs_y = -8 },
    { .bitmap_index = 926, .adv_w = 168, .box_w = 10, .box_h = 10, .ofs_x = 0, .ofs_y = -9 },
    { .bitmap_index = 976, .adv_w = 131, .box_w = 7, .box_h = 8, .ofs_x = 1, .ofs_y = -8 },
    { .bitmap_index = 1004, .adv_w = 44, .box_w = 2, .box_h = 8, .ofs_x = 0, .ofs_y = -8 },
    { .bitmap_index = 1012, .adv_w = 92, .box_w = 5, .box_h = 9, .ofs_x = 0, .ofs_y = -9 },
    { .bitmap_index = 1035, .adv_w = 114, .box_w = 6, .box_h = 8, .ofs_x = 1, .ofs_y = -8 },
    { .bitmap_index = 1059, .adv_w = 89, .box_w = 5, .box_h = 8, .ofs_x = 1, .ofs_y = -8 },
    { .bitmap_index = 1079, .adv_w = 176, .box_w = 11, .box_h = 8, .ofs_x = 0, .ofs_y = -8 },
    { .bitmap_index = 1123, .adv_w = 142, .box_w = 7, .box_h = 8, .ofs_x = 1, .ofs_y = -8 },
    { .bitmap_index = 1151, .adv_w = 167, .box_w = 10, .box_h = 10, .ofs_x = 0, .ofs_y = -9 },
    { .bitmap_index = 1201, .adv_w = 114, .box_w = 6, .box_h = 8, .ofs_x = 1, .ofs_y = -8 },
    { .bitmap_index = 1225, .adv_w = 167, .box_w = 10, .box_h = 10, .ofs_x = 0, .ofs_y = -9 },
    { .bitmap_index = 1275, .adv_w = 116, .box_w = 6, .box_h = 8, .ofs_x = 1, .ofs_y = -8 },
    { .bitmap_index = 1299, .adv_w = 96, .box_w = 6, .box_h = 10, .ofs_x = 0, .ofs_y = -9 },
    { .bitmap_index = 1329, .adv_w = 82, .box_w = 5, .box_h = 8, .ofs_x = 0, .ofs_y = -8 },
    { .bitmap_index = 1349, .adv_w = 126, .box_w = 6, .box_h = 9, .ofs_x = 1, .ofs_y = -9 },
    { .bitmap_index = 1376, .adv_w = 135, .box_w = 8, .box_h = 8, .ofs_x = 0, .ofs_y = -8 },
    { .bitmap_index = 1408, .adv_w = 184, .box_w = 11, .box_h = 8, .ofs_x = 0, .ofs_y = -8 },
    { .bitmap_index = 1452, .adv_w = 117, .box_w = 7, .box_h = 8, .ofs_x = 0, .ofs_y = -8 },
    { .bitmap_index = 1480, .adv_w = 114, .box_w = 7, .box_h = 8, .ofs_x = 0, .ofs_y = -8 },
    { .bitmap_index = 1508, .adv_w = 92, .box_w = 6, .box_h = 8, .ofs_x = 0, .ofs_y = -8 },
    { .bitmap_index = 1532, .adv_w = 68, .box_w = 3, .box_h = 11, .ofs_x = 1, .ofs_y = -10 },
    { .bitmap_index = 1549, .adv_w = 116, .box_w = 7, .box_h = 10, .ofs_x = 0, .ofs_y = -9 },
    { .bitmap_index = 1584, .adv_w = 68, .box_w = 3, .box_h = 11, .ofs_x = 0, .ofs_y = -10 },
    { .bitmap_index = 1601, .adv_w = 129, .box_w = 8, .box_h = 6, .ofs_x = 0, .ofs_y = -6 },
    { .bitmap_index = 1625, .adv_w = 96, .box_w = 6, .box_h = 1, .ofs_x = 0, .ofs_y = -10 },
    { .bitmap_index = 1628, .adv_w = 72, .box_w = 4, .box_h = 2, .ofs_x = 0, .ofs_y = -1 },
    { .bitmap_index = 1632, .adv_w = 131, .box_w = 8, .box_h = 8, .ofs_x = 0, .ofs_y = -9 },
    { .bitmap_index = 1664, .adv_w = 131, .box_w = 8, .box_h = 10, .ofs_x = 0, .ofs_y = -9 },
    { .bitmap_index = 1704, .adv_w = 124, .box_w = 8, .box_h = 7, .ofs_x = 0, .ofs_y = -9 },
    { .bitmap_index = 1732, .adv_w = 132, .box_w = 8, .box_h = 10, .ofs_x = 0, .ofs_y = -9 },
    { .bitmap_index = 1772, .adv_w = 125, .box_w = 8, .box_h = 8, .ofs_x = 0, .ofs_y = -9 },
    { .bitmap_index = 1804, .adv_w = 60, .box_w = 4, .box_h = 9, .ofs_x = 0, .ofs_y = -8 },
    { .bitmap_index = 1822, .adv_w = 129, .box_w = 8, .box_h = 10, .ofs_x = 0, .ofs_y = -11 },
    { .bitmap_index = 1862, .adv_w = 117, .box_w = 7, .box_h = 9, .ofs_x = 0, .ofs_y = -8 },
    { .bitmap_index = 1894, .adv_w = 38, .box_w = 2, .box_h = 9, .ofs_x = 0, .ofs_y = -8 },
    { .bitmap_index = 1903, .adv_w = 39, .box_w = 2, .box_h = 12, .ofs_x = 0, .ofs_y = -11 },
    { .bitmap_index = 1915, .adv_w = 96, .box_w = 6, .box_h = 9, .ofs_x = 0, .ofs_y = -8 },
    { .bitmap_index = 1942, .adv_w = 38, .box_w = 2, .box_h = 9, .ofs_x = 0, .ofs_y = -8 },
    { .bitmap_index = 1951, .adv_w = 180, .box_w = 11, .box_h = 7, .ofs_x = 0, .ofs_y = -8 },
    { .bitmap_index = 1990, .adv_w = 117, .box_w = 7, .box_h = 7, .ofs_x = 0, .ofs_y = -8 },
    { .bitmap_index = 2015, .adv_w = 126, .box_w = 8, .box_h = 8, .ofs_x = 0, .ofs_y = -9 },
    { .bitmap_index = 2047, .adv_w = 131, .box_w = 8, .box_h = 9, .ofs_x = 0, .ofs_y = -11 },
    { .bitmap_index = 2083, .adv_w = 131, .box_w = 8, .box_h = 9, .ofs_x = 0, .ofs_y = -11 },
    { .bitmap_index = 2119, .adv_w = 58, .box_w = 4, .box_h = 7, .ofs_x = 0, .ofs_y = -8 },
    { .bitmap_index = 2133, .adv_w = 74, .box_w = 5, .box_h = 7, .ofs_x = 0, .ofs_y = -9 },
    { .bitmap_index = 2151, .adv_w = 65, .box_w = 4, .box_h = 10, .ofs_x = 0, .ofs_y = -9 },
    { .bitmap_index = 2171, .adv_w = 117, .box_w = 7, .box_h = 7, .ofs_x = 0, .ofs_y = -9 },
    { .bitmap_index = 2196, .adv_w = 106, .box_w = 7, .box_h = 6, .ofs_x = 0, .ofs_y = -8 },
    { .bitmap_index = 2217, .adv_w = 160, .box_w = 10, .box_h = 6, .ofs_x = 0, .ofs_y = -8 },
    { .bitmap_index = 2247, .adv_w = 92, .box_w = 6, .box_h = 6, .ofs_x = 0, .ofs_y = -8 },
    { .bitmap_index = 2265, .adv_w = 103, .box_w = 7, .box_h = 9, .ofs_x = 0, .ofs_y = -11 },
    { .bitmap_index = 2297, .adv_w = 82, .box_w = 6, .box_h = 6, .ofs_x = 0, .ofs_y = -8 },
    { .bitmap_index = 2315, .adv_w = 68, .box_w = 4, .box_h = 11, .ofs_x = 0, .ofs_y = -10 },
    { .bitmap_index = 2337, .adv_w = 92, .box_w = 2, .box_h = 12, .ofs_x = 2, .ofs_y = -11 },
    { .bitmap_index = 2349, .adv_w = 68, .box_w = 4, .box_h = 11, .ofs_x = 0, .ofs_y = -10 },
    { .bitmap_index = 2371, .adv_w = 116, .box_w = 7, .box_h = 2, .ofs_x = 0, .ofs_y = -5 },
    { .bitmap_index = 2378, .adv_w = 192, .box_w = 6, .box_h = 11, .ofs_x = 3, .ofs_y = -10 },
    { .bitmap_index = 2411, .adv_w = 192, .box_w = 12, .box_h = 5, .ofs_x = 0, .ofs_y = -7 },
    { .bitmap_index = 2441, .adv_w = 192, .box_w = 6, .box_h = 11, .ofs_x = 3, .ofs_y = -10 },
    { .bitmap_index = 2474, .adv_w = 192, .box_w = 11, .box_h = 10, .ofs_x = 0, .ofs_y = -10 },
    { .bitmap_index = 2529, .adv_w = 192, .box_w = 12, .box_h = 10, .ofs_x = 0, .ofs_y = -10 },
    { .bitmap_index = 2589, .adv_w = 192, .box_w = 11, .box_h = 10, .ofs_x = 1, .ofs_y = -10 },
    { .bitmap_index = 2644, .adv_w = 192, .box_w = 11, .box_h = 10, .ofs_x = 0, .ofs_y = -10 },
    { .bitmap_index = 2699, .adv_w = 192, .box_w = 10, .box_h = 8, .ofs_x = 1, .ofs_y = -8 },
    { .bitmap_index = 2739, .adv_w = 190, .box_w = 10, .box_h = 8, .ofs_x = 1, .ofs_y = -8 },
    { .bitmap_index = 2779, .adv_w = 192, .box_w = 10, .box_h = 10, .ofs_x = 1, .ofs_y = -10 },
    { .bitmap_index = 2829, .adv_w = 190, .box_w = 10, .box_h = 8, .ofs_x = 1, .ofs_y = -8 },
    { .bitmap_index = 2869, .adv_w = 192, .box_w = 7, .box_h = 9, .ofs_x = 1, .ofs_y = -9 },
    { .bitmap_index = 2901, .adv_w = 192, .box_w = 7, .box_h = 9, .ofs_x = 1, .ofs_y = -9 },
    { .bitmap_index = 2933, .adv_w = 192, .box_w = 7, .box_h = 9, .ofs_x = 1, .ofs_y = -9 },
    { .bitmap_index = 2965, .adv_w = 192, .box_w = 12, .box_h = 1, .ofs_x = 0, .ofs_y = -4 },
    { .bitmap_index = 2971, .adv_w = 192, .box_w = 12, .box_h = 8, .ofs_x = 0, .ofs_y = -9 },
    { .bitmap_index = 3019, .adv_w = 192, .box_w = 12, .box_h = 11, .ofs_x = 0, .ofs_y = -10 },
    { .bitmap_index = 3085, .adv_w = 192, .box_w = 10, .box_h = 10, .ofs_x = 1, .ofs_y = -10 },
    { .bitmap_index = 3135, .adv_w = 192, .box_w = 12, .box_h = 10, .ofs_x = 0, .ofs_y = -10 },
    { .bitmap_index = 3195, .adv_w = 192, .box_w = 12, .box_h = 11, .ofs_x = 0, .ofs_y = -10 },
    { .bitmap_index = 3261, .adv_w = 192, .box_w = 12, .box_h = 11, .ofs_x = 0, .ofs_y = -10 },
    { .bitmap_index = 3327, .adv_w = 192, .box_w = 12, .box_h = 10, .ofs_x = 0, .ofs_y = -10 },
    { .bitmap_index = 3387, .adv_w = 192, .box_w = 10, .box_h = 11, .ofs_x = 1, .ofs_y = -10 },
    { .bitmap_index = 3442, .adv_w = 192, .box_w = 10, .box_h = 12, .ofs_x = 1, .ofs_y = -11 },
    { .bitmap_index = 3502, .adv_w = 192, .box_w = 12, .box_h = 11, .ofs_x = 0, .ofs_y = -10 },
    { .bitmap_index = 3568, .adv_w = 192, .box_w = 12, .box_h = 10, .ofs_x = 0, .ofs_y = -10 },
    { .bitmap_index = 3628, .adv_w = 192, .box_w = 12, .box_h = 8, .ofs_x = 0, .ofs_y = -9 },
    { .bitmap_index = 3676, .adv_w = 192, .box_w = 12, .box_h = 10, .ofs_x = 0, .ofs_y = -10 },
    { .bitmap_index = 3736, .adv_w = 192, .box_w = 12, .box_h = 9, .ofs_x = 0, .ofs_y = -9 },
    { .bitmap_index = 3790, .adv_w = 192, .box_w = 12, .box_h = 12, .ofs_x = 0, .ofs_y = -11 },
    { .bitmap_index = 3862, .adv_w = 192, .box_w = 12, .box_h = 12, .ofs_x = 0, .ofs_y = -11 },
    { .bitmap_index = 3934, .adv_w = 192, .box_w = 12, .box_h = 11, .ofs_x = 0, .ofs_y = -10 },
    { .bitmap_index = 4000, .adv_w = 192, .box_w = 12, .box_h = 11, .ofs_x = 0, .ofs_y = -10 },
    { .bitmap_index = 4066, .adv_w = 192, .box_w = 12, .box_h = 11, .ofs_x = 0, .ofs_y = -10 },
    { .bitmap_index = 4132, .adv_w = 192, .box_w = 12, .box_h = 12, .ofs_x = 0, .ofs_y = -11 },
    { .bitmap_index = 4204, .adv_w = 192, .box_w = 12, .box_h = 11, .ofs_x = 0, .ofs_y = -10 },
    { .bitmap_index = 4270, .adv_w = 192, .box_w = 12, .box_h = 11, .ofs_x = 0, .ofs_y = -10 },
    { .bitmap_index = 4336, .adv_w = 192, .box_w = 12, .box_h = 11, .ofs_x = 0, .ofs_y = -10 },
    { .bitmap_index = 4402, .adv_w = 192, .box_w = 12, .box_h = 11, .ofs_x = 0, .ofs_y = -10 },
    { .bitmap_index = 4468, .adv_w = 192, .box_w = 12, .box_h = 12, .ofs_x = 0, .ofs_y = -11 },
    { .bitmap_index = 4540, .adv_w = 192, .box_w = 12, .box_h = 11, .ofs_x = 0, .ofs_y = -10 },
    { .bitmap_index = 4606, .adv_w = 192, .box_w = 12, .box_h = 11, .ofs_x = 0, .ofs_y = -10 },
    { .bitmap_index = 4672, .adv_w = 192, .box_w = 12, .box_h = 11, .ofs_x = 0, .ofs_y = -10 },
    { .bitmap_index = 4738, .adv_w = 192, .box_w = 12, .box_h = 11, .ofs_x = 0, .ofs_y = -10 },
    { .bitmap_index = 4804, .adv_w = 192, .box_w = 12, .box_h = 11, .ofs_x = 0, .ofs_y = -10 },
    { .bitmap_index = 4870, .adv_w = 192, .box_w = 12, .box_h = 10, .ofs_x = 0, .ofs_y = -10 },
    { .bitmap_index = 4930, .adv_w = 192, .box_w = 12, .box_h = 11, .ofs_x = 0, .ofs_y = -10 },
    { .bitmap_index = 4996, .adv_w = 192, .box_w = 12, .box_h = 11, .ofs_x = 0, .ofs_y = -10 },
    { .bitmap_index = 5062, .adv_w = 192, .box_w = 10, .box_h = 11, .ofs_x = 1, .ofs_y = -10 },
    { .bitmap_index = 5117, .adv_w = 192, .box_w = 10, .box_h = 11, .ofs_x = 1, .ofs_y = -10 },
    { .bitmap_index = 5172, .adv_w = 192, .box_w = 12, .box_h = 10, .ofs_x = 0, .ofs_y = -10 },
    { .bitmap_index = 5232, .adv_w = 192, .box_w = 10, .box_h = 10, .ofs_x = 1, .ofs_y = -10 },
    { .bitmap_index = 5282, .adv_w = 192, .box_w = 12, .box_h = 11, .ofs_x = 0, .ofs_y = -10 },
    { .bitmap_index = 5348, .adv_w = 192, .box_w = 12, .box_h = 12, .ofs_x = 0, .ofs_y = -11 },
    { .bitmap_index = 5420, .adv_w = 192, .box_w = 10, .box_h = 11, .ofs_x = 1, .ofs_y = -10 },
    { .bitmap_index = 5475, .adv_w = 192, .box_w = 12, .box_h = 11, .ofs_x = 0, .ofs_y = -10 },
    { .bitmap_index = 5541, .adv_w = 192, .box_w = 12, .box_h = 11, .ofs_x = 0, .ofs_y = -10 },
    { .bitmap_index = 5607, .adv_w = 192, .box_w = 12, .box_h = 11, .ofs_x = 0, .ofs_y = -10 },
    { .bitmap_index = 5673, .adv_w = 192, .box_w = 12, .box_h = 12, .ofs_x = 0, .ofs_y = -11 },
    { .bitmap_index = 5745, .adv_w = 192, .box_w = 12, .box_h = 11, .ofs_x = 0, .ofs_y = -10 },
    { .bitmap_index = 5811, .adv_w = 192, .box_w = 12, .box_h = 11, .ofs_x = 0, .ofs_y = -10 },
    { .bitmap_index = 5877, .adv_w = 192, .box_w = 12, .box_h = 11, .ofs_x = 0, .ofs_y = -10 },
    { .bitmap_index = 5943, .adv_w = 192, .box_w = 10, .box_h = 11, .ofs_x = 1, .ofs_y = -10 },
    { .bitmap_index = 5998, .adv_w = 192, .box_w = 12, .box_h = 11, .ofs_x = 0, .ofs_y = -10 },
    { .bitmap_index = 6064, .adv_w = 192, .box_w = 12, .box_h = 12, .ofs_x = 0, .ofs_y = -11 },
    { .bitmap_index = 6136, .adv_w = 192, .box_w = 12, .box_h = 11, .ofs_x = 0, .ofs_y = -10 },
    { .bitmap_index = 6202, .adv_w = 192, .box_w = 12, .box_h = 11, .ofs_x = 0, .ofs_y = -10 },
    { .bitmap_index = 6268, .adv_w = 192, .box_w = 12, .box_h = 10, .ofs_x = 0, .ofs_y = -10 },
    { .bitmap_index = 6328, .adv_w = 192, .box_w = 12, .box_h = 12, .ofs_x = 0, .ofs_y = -11 },
    { .bitmap_index = 6400, .adv_w = 192, .box_w = 12, .box_h = 11, .ofs_x = 0, .ofs_y = -10 },
    { .bitmap_index = 6466, .adv_w = 192, .box_w = 12, .box_h = 11, .ofs_x = 0, .ofs_y = -10 },
    { .bitmap_index = 6532, .adv_w = 192, .box_w = 12, .box_h = 12, .ofs_x = 0, .ofs_y = -11 },
    { .bitmap_index = 6604, .adv_w = 192, .box_w = 12, .box_h = 11, .ofs_x = 0, .ofs_y = -10 },
    { .bitmap_index = 6670, .adv_w = 192, .box_w = 10, .box_h = 11, .ofs_x = 1, .ofs_y = -10 },
    { .bitmap_index = 6725, .adv_w = 192, .box_w = 12, .box_h = 10, .ofs_x = 0, .ofs_y = -10 },
    { .bitmap_index = 6785, .adv_w = 192, .box_w = 12, .box_h = 10, .ofs_x = 0, .ofs_y = -10 },
    { .bitmap_index = 6845, .adv_w = 192, .box_w = 12, .box_h = 10, .ofs_x = 0, .ofs_y = -10 },
    { .bitmap_index = 6905, .adv_w = 192, .box_w = 12, .box_h = 10, .ofs_x = 0, .ofs_y = -10 },
    { .bitmap_index = 6965, .adv_w = 192, .box_w = 12, .box_h = 11, .ofs_x = 0, .ofs_y = -10 },
    { .bitmap_index = 7031, .adv_w = 192, .box_w = 12, .box_h = 10, .ofs_x = 0, .ofs_y = -10 },
    { .bitmap_index = 7091, .adv_w = 192, .box_w = 12, .box_h = 11, .ofs_x = 0, .ofs_y = -10 },
    { .bitmap_index = 7157, .adv_w = 192, .box_w = 12, .box_h = 10, .ofs_x = 0, .ofs_y = -10 },
    { .bitmap_index = 7217, .adv_w = 192, .box_w = 12, .box_h = 11, .ofs_x = 0, .ofs_y = -10 },
    { .bitmap_index = 7283, .adv_w = 192, .box_w = 12, .box_h = 11, .ofs_x = 0, .ofs_y = -10 },
    { .bitmap_index = 7349, .adv_w = 192, .box_w = 12, .box_h = 10, .ofs_x = 0, .ofs_y = -10 },
    { .bitmap_index = 7409, .adv_w = 192, .box_w = 12, .box_h = 12, .ofs_x = 0, .ofs_y = -11 },
    { .bitmap_index = 7481, .adv_w = 192, .box_w = 10, .box_h = 11, .ofs_x = 1, .ofs_y = -10 },
    { .bitmap_index = 7536, .adv_w = 192, .box_w = 12, .box_h = 11, .ofs_x = 0, .ofs_y = -11 },
    { .bitmap_index = 7602, .adv_w = 192, .box_w = 10, .box_h = 11, .ofs_x = 1, .ofs_y = -10 },
    { .bitmap_index = 7657, .adv_w = 192, .box_w = 10, .box_h = 11, .ofs_x = 1, .ofs_y = -10 },
    { .bitmap_index = 7712, .adv_w = 192, .box_w = 12, .box_h = 11, .ofs_x = 0, .ofs_y = -10 },
    { .bitmap_index = 7778, .adv_w = 192, .box_w = 10, .box_h = 10, .ofs_x = 1, .ofs_y = -10 },
    { .bitmap_index = 7828, .adv_w = 192, .box_w = 12, .box_h = 11, .ofs_x = 0, .ofs_y = -11 },
    { .bitmap_index = 7894, .adv_w = 192, .box_w = 10, .box_h = 11, .ofs_x = 1, .ofs_y = -11 },
    { .bitmap_index = 7949, .adv_w = 192, .box_w = 10, .box_h = 10, .ofs_x = 1, .ofs_y = -10 },
    { .bitmap_index = 7999, .adv_w = 192, .box_w = 10, .box_h = 11, .ofs_x = 1, .ofs_y = -11 },
    { .bitmap_index = 8054, .adv_w = 192, .box_w = 10, .box_h = 10, .ofs_x = 1, .ofs_y = -10 },
    { .bitmap_index = 8104, .adv_w = 192, .box_w = 10, .box_h = 10, .ofs_x = 1, .ofs_y = -10 },
    { .bitmap_index = 8154, .adv_w = 192, .box_w = 10, .box_h = 11, .ofs_x = 1, .ofs_y = -10 },
    { .bitmap_index = 8209, .adv_w = 192, .box_w = 12, .box_h = 11, .ofs_x = 0, .ofs_y = -10 },
    { .bitmap_index = 8275, .adv_w = 192, .box_w = 12, .box_h = 11, .ofs_x = 0, .ofs_y = -10 },
    { .bitmap_index = 8341, .adv_w = 192, .box_w = 12, .box_h = 11, .ofs_x = 0, .ofs_y = -10 },
    { .bitmap_index = 8407, .adv_w = 192, .box_w = 12, .box_h = 11, .ofs_x = 0, .ofs_y = -10 },
    { .bitmap_index = 8473, .adv_w = 192, .box_w = 12, .box_h = 11, .ofs_x = 0, .ofs_y = -10 },
    { .bitmap_index = 8539, .adv_w = 192, .box_w = 12, .box_h = 12, .ofs_x = 0, .ofs_y = -11 },
    { .bitmap_index = 8611, .adv_w = 192, .box_w = 12, .box_h = 11, .ofs_x = 0, .ofs_y = -10 },
    { .bitmap_index = 8677, .adv_w = 192, .box_w = 12, .box_h = 11, .ofs_x = 0, .ofs_y = -10 },
    { .bitmap_index = 8743, .adv_w = 192, .box_w = 12, .box_h = 11, .ofs_x = 0, .ofs_y = -10 },
    { .bitmap_index = 8809, .adv_w = 192, .box_w = 12, .box_h = 11, .ofs_x = 0, .ofs_y = -10 },
    { .bitmap_index = 8875, .adv_w = 192, .box_w = 12, .box_h = 11, .ofs_x = 0, .ofs_y = -10 },
    { .bitmap_index = 8941, .adv_w = 192, .box_w = 10, .box_h = 11, .ofs_x = 1, .ofs_y = -10 },
    { .bitmap_index = 8996, .adv_w = 192, .box_w = 12, .box_h = 11, .ofs_x = 0, .ofs_y = -10 },
    { .bitmap_index = 9062, .adv_w = 192, .box_w = 12, .box_h = 10, .ofs_x = 0, .ofs_y = -10 },
    { .bitmap_index = 9122, .adv_w = 192, .box_w = 12, .box_h = 11, .ofs_x = 0, .ofs_y = -10 },
    { .bitmap_index = 9188, .adv_w = 192, .box_w = 12, .box_h = 11, .ofs_x = 0, .ofs_y = -10 },
    { .bitmap_index = 9254, .adv_w = 192, .box_w = 12, .box_h = 11, .ofs_x = 0, .ofs_y = -10 },
    { .bitmap_index = 9320, .adv_w = 192, .box_w = 12, .box_h = 12, .ofs_x = 0, .ofs_y = -11 },
    { .bitmap_index = 9392, .adv_w = 192, .box_w = 12, .box_h = 11, .ofs_x = 0, .ofs_y = -10 },
    { .bitmap_index = 9458, .adv_w = 192, .box_w = 10, .box_h = 11, .ofs_x = 1, .ofs_y = -10 },
    { .bitmap_index = 9513, .adv_w = 192, .box_w = 12, .box_h = 12, .ofs_x = 0, .ofs_y = -11 },
    { .bitmap_index = 9585, .adv_w = 192, .box_w = 12, .box_h = 11, .ofs_x = 0, .ofs_y = -10 },
    { .bitmap_index = 9651, .adv_w = 192, .box_w = 12, .box_h = 11, .ofs_x = 0, .ofs_y = -10 },
    { .bitmap_index = 9717, .adv_w = 192, .box_w = 12, .box_h = 11, .ofs_x = 0, .ofs_y = -10 },
    { .bitmap_index = 9783, .adv_w = 192, .box_w = 12, .box_h = 10, .ofs_x = 0, .ofs_y = -10 },
    { .bitmap_index = 9843, .adv_w = 192, .box_w = 12, .box_h = 11, .ofs_x = 0, .ofs_y = -10 },
    { .bitmap_index = 9909, .adv_w = 192, .box_w = 12, .box_h = 11, .ofs_x = 0, .ofs_y = -10 },
    { .bitmap_index = 9975, .adv_w = 192, .box_w = 12, .box_h = 11, .ofs_x = 0, .ofs_y = -10 },
    { .bitmap_index = 10041, .adv_w = 192, .box_w = 12, .box_h = 10, .ofs_x = 0, .ofs_y = -10 },
    { .bitmap_index = 10101, .adv_w = 192, .box_w = 12, .box_h = 11, .ofs_x = 0, .ofs_y = -11 },
    { .bitmap_index = 10167, .adv_w = 192, .box_w = 10, .box_h = 11, .ofs_x = 1, .ofs_y = -10 },
    { .bitmap_index = 10222, .adv_w = 192, .box_w = 12, .box_h = 9, .ofs_x = 0, .ofs_y = -9 },
    { .bitmap_index = 10276, .adv_w = 192, .box_w = 12, .box_h = 11, .ofs_x = 0, .ofs_y = -10 },
    { .bitmap_index = 10342, .adv_w = 192, .box_w = 10, .box_h = 11, .ofs_x = 1, .ofs_y = -11 },
    { .bitmap_index = 10397, .adv_w = 192, .box_w = 12, .box_h = 11, .ofs_x = 0, .ofs_y = -10 },
    { .bitmap_index = 10463, .adv_w = 192, .box_w = 10, .box_h = 11, .ofs_x = 1, .ofs_y = -10 },
    { .bitmap_index = 10518, .adv_w = 192, .box_w = 12, .box_h = 11, .ofs_x = 0, .ofs_y = -10 },
    { .bitmap_index = 10584, .adv_w = 192, .box_w = 12, .box_h = 10, .ofs_x = 0, .ofs_y = -10 },
    { .bitmap_index = 10644, .adv_w = 192, .box_w = 12, .box_h = 11, .ofs_x = 0, .ofs_y = -10 },
    { .bitmap_index = 10710, .adv_w = 192, .box_w = 12, .box_h = 12, .ofs_x = 0, .ofs_y = -11 },
    { .bitmap_index = 10782, .adv_w = 192, .box_w = 12, .box_h = 11, .ofs_x = 0, .ofs_y = -10 },
    { .bitmap_index = 10848, .adv_w = 192, .box_w = 12, .box_h = 11, .ofs_x = 0, .ofs_y = -10 },
    { .bitmap_index = 10914, .adv_w = 192, .box_w = 12, .box_h = 10, .ofs_x = 0, .ofs_y = -10 },
    { .bitmap_index = 10974, .adv_w = 192, .box_w = 12, .box_h = 11, .ofs_x = 0, .ofs_y = -11 },
    { .bitmap_index = 11040, .adv_w = 192, .box_w = 12, .box_h = 12, .ofs_x = 0, .ofs_y = -11 },
    { .bitmap_index = 11112, .adv_w = 192, .box_w = 12, .box_h = 10, .ofs_x = 0, .ofs_y = -10 },
    { .bitmap_index = 11172, .adv_w = 192, .box_w = 12, .box_h = 11, .ofs_x = 0, .ofs_y = -10 },
    { .bitmap_index = 11238, .adv_w = 192, .box_w = 12, .box_h = 11, .ofs_x = 0, .ofs_y = -10 },
    { .bitmap_index = 11304, .adv_w = 192, .box_w = 12, .box_h = 11, .ofs_x = 0, .ofs_y = -10 },
    { .bitmap_index = 11370, .adv_w = 192, .box_w = 12, .box_h = 12, .ofs_x = 0, .ofs_y = -11 },
    { .bitmap_index = 11442, .adv_w = 192, .box_w = 12, .box_h = 11, .ofs_x = 0, .ofs_y = -10 },
    { .bitmap_index = 11508, .adv_w = 192, .box_w = 12, .box_h = 11, .ofs_x = 0, .ofs_y = -10 },
    { .bitmap_index = 11574, .adv_w = 192, .box_w = 12, .box_h = 12, .ofs_x = 0, .ofs_y = -11 },
    { .bitmap_index = 11646, .adv_w = 192, .box_w = 12, .box_h = 11, .ofs_x = 0, .ofs_y = -10 },
    { .bitmap_index = 11712, .adv_w = 192, .box_w = 12, .box_h = 11, .ofs_x = 0, .ofs_y = -10 },
    { .bitmap_index = 11778, .adv_w = 192, .box_w = 12, .box_h = 12, .ofs_x = 0, .ofs_y = -11 },
    { .bitmap_index = 11850, .adv_w = 192, .box_w = 12, .box_h = 11, .ofs_x = 0, .ofs_y = -10 },
    { .bitmap_index = 11916, .adv_w = 192, .box_w = 10, .box_h = 11, .ofs_x = 1, .ofs_y = -10 },
    { .bitmap_index = 11971, .adv_w = 192, .box_w = 12, .box_h = 10, .ofs_x = 0, .ofs_y = -10 },
    { .bitmap_index = 12031, .adv_w = 192, .box_w = 12, .box_h = 11, .ofs_x = 0, .ofs_y = -10 },
    { .bitmap_index = 12097, .adv_w = 192, .box_w = 12, .box_h = 11, .ofs_x = 0, .ofs_y = -10 },
    { .bitmap_index = 12163, .adv_w = 192, .box_w = 12, .box_h = 11, .ofs_x = 0, .ofs_y = -10 },
    { .bitmap_index = 12229, .adv_w = 192, .box_w = 12, .box_h = 11, .ofs_x = 0, .ofs_y = -10 },
    { .bitmap_index = 12295, .adv_w = 192, .box_w = 12, .box_h = 11, .ofs_x = 0, .ofs_y = -10 },
    { .bitmap_index = 12361, .adv_w = 192, .box_w = 12, .box_h = 11, .ofs_x = 0, .ofs_y = -10 },
    { .bitmap_index = 12427, .adv_w = 192, .box_w = 12, .box_h = 11, .ofs_x = 0, .ofs_y = -10 },
    { .bitmap_index = 12493, .adv_w = 192, .box_w = 12, .box_h = 11, .ofs_x = 0, .ofs_y = -10 },
    { .bitmap_index = 12559, .adv_w = 192, .box_w = 12, .box_h = 11, .ofs_x = 0, .ofs_y = -10 },
    { .bitmap_index = 12625, .adv_w = 192, .box_w = 12, .box_h = 11, .ofs_x = 0, .ofs_y = -10 },
    { .bitmap_index = 12691, .adv_w = 192, .box_w = 12, .box_h = 11, .ofs_x = 0, .ofs_y = -10 },
    { .bitmap_index = 12757, .adv_w = 192, .box_w = 12, .box_h = 11, .ofs_x = 0, .ofs_y = -10 },
    { .bitmap_index = 12823, .adv_w = 192, .box_w = 12, .box_h = 11, .ofs_x = 0, .ofs_y = -10 },
    { .bitmap_index = 12889, .adv_w = 192, .box_w = 12, .box_h = 12, .ofs_x = 0, .ofs_y = -11 },
    { .bitmap_index = 12961, .adv_w = 192, .box_w = 12, .box_h = 11, .ofs_x = 0, .ofs_y = -10 },
    { .bitmap_index = 13027, .adv_w = 192, .box_w = 12, .box_h = 11, .ofs_x = 0, .ofs_y = -10 },
    { .bitmap_index = 13093, .adv_w = 192, .box_w = 12, .box_h = 12, .ofs_x = 0, .ofs_y = -10 },
    { .bitmap_index = 13165, .adv_w = 192, .box_w = 12, .box_h = 11, .ofs_x = 0, .ofs_y = -10 },
    { .bitmap_index = 13231, .adv_w = 192, .box_w = 12, .box_h = 11, .ofs_x = 0, .ofs_y = -10 },
    { .bitmap_index = 13297, .adv_w = 192, .box_w = 12, .box_h = 11, .ofs_x = 0, .ofs_y = -10 },
    { .bitmap_index = 13363, .adv_w = 192, .box_w = 12, .box_h = 10, .ofs_x = 0, .ofs_y = -10 },
    { .bitmap_index = 13423, .adv_w = 192, .box_w = 8, .box_h = 11, .ofs_x = 2, .ofs_y = -11 },
    { .bitmap_index = 13467, .adv_w = 192, .box_w = 10, .box_h = 12, .ofs_x = 1, .ofs_y = -11 },
    { .bitmap_index = 13527, .adv_w = 192, .box_w = 12, .box_h = 10, .ofs_x = 0, .ofs_y = -10 },
    { .bitmap_index = 13587, .adv_w = 192, .box_w = 12, .box_h = 11, .ofs_x = 0, .ofs_y = -10 },
    { .bitmap_index = 13653, .adv_w = 192, .box_w = 12, .box_h = 10, .ofs_x = 0, .ofs_y = -10 },
    { .bitmap_index = 13713, .adv_w = 192, .box_w = 12, .box_h = 10, .ofs_x = 0, .ofs_y = -10 },
    { .bitmap_index = 13773, .adv_w = 192, .box_w = 12, .box_h = 11, .ofs_x = 0, .ofs_y = -10 },
    { .bitmap_index = 13839, .adv_w = 192, .box_w = 12, .box_h = 12, .ofs_x = 0, .ofs_y = -11 },
    { .bitmap_index = 13911, .adv_w = 192, .box_w = 10, .box_h = 11, .ofs_x = 1, .ofs_y = -10 },
    { .bitmap_index = 13966, .adv_w = 192, .box_w = 12, .box_h = 10, .ofs_x = 0, .ofs_y = -10 },
    { .bitmap_index = 14026, .adv_w = 192, .box_w = 12, .box_h = 10, .ofs_x = 0, .ofs_y = -10 },
    { .bitmap_index = 14086, .adv_w = 192, .box_w = 10, .box_h = 10, .ofs_x = 1, .ofs_y = -10 },
    { .bitmap_index = 14136, .adv_w = 192, .box_w = 12, .box_h = 11, .ofs_x = 0, .ofs_y = -10 },
    { .bitmap_index = 14202, .adv_w = 192, .box_w = 12, .box_h = 11, .ofs_x = 0, .ofs_y = -10 },
    { .bitmap_index = 14268, .adv_w = 192, .box_w = 12, .box_h = 11, .ofs_x = 0, .ofs_y = -10 },
    { .bitmap_index = 14334, .adv_w = 192, .box_w = 12, .box_h = 11, .ofs_x = 0, .ofs_y = -10 },
    { .bitmap_index = 14400, .adv_w = 192, .box_w = 12, .box_h = 11, .ofs_x = 0, .ofs_y = -10 },
    { .bitmap_index = 14466, .adv_w = 192, .box_w = 12, .box_h = 11, .ofs_x = 0, .ofs_y = -10 },
    { .bitmap_index = 14532, .adv_w = 192, .box_w = 12, .box_h = 11, .ofs_x = 0, .ofs_y = -10 },
    { .bitmap_index = 14598, .adv_w = 192, .box_w = 12, .box_h = 11, .ofs_x = 0, .ofs_y = -10 },
    { .bitmap_index = 14664, .adv_w = 192, .box_w = 12, .box_h = 11, .ofs_x = 0, .ofs_y = -10 },
    { .bitmap_index = 14730, .adv_w = 192, .box_w = 12, .box_h = 11, .ofs_x = 0, .ofs_y = -10 },
    { .bitmap_index = 14796, .adv_w = 192, .box_w = 12, .box_h = 11, .ofs_x = 0, .ofs_y = -10 },
    { .bitmap_index = 14862, .adv_w = 192, .box_w = 12, .box_h = 11, .ofs_x = 0, .ofs_y = -10 },
    { .bitmap_index = 14928, .adv_w = 192, .box_w = 12, .box_h = 12, .ofs_x = 0, .ofs_y = -10 },
    { .bitmap_index = 15000, .adv_w = 192, .box_w = 12, .box_h = 12, .ofs_x = 0, .ofs_y = -11 },
    { .bitmap_index = 15072, .adv_w = 192, .box_w = 12, .box_h = 12, .ofs_x = 0, .ofs_y = -11 },
    { .bitmap_index = 15144, .adv_w = 192, .box_w = 12, .box_h = 11, .ofs_x = 0, .ofs_y = -10 },
    { .bitmap_index = 15210, .adv_w = 192, .box_w = 12, .box_h = 11, .ofs_x = 0, .ofs_y = -10 },
    { .bitmap_index = 15276, .adv_w = 192, .box_w = 12, .box_h = 11, .ofs_x = 0, .ofs_y = -10 },
    { .bitmap_index = 15342, .adv_w = 192, .box_w = 12, .box_h = 10, .ofs_x = 0, .ofs_y = -9 },
    { .bitmap_index = 15402, .adv_w = 192, .box_w = 12, .box_h = 9, .ofs_x = 0, .ofs_y = -9 },
    { .bitmap_index = 15456, .adv_w = 192, .box_w = 12, .box_h = 11, .ofs_x = 0, .ofs_y = -10 },
    { .bitmap_index = 15522, .adv_w = 192, .box_w = 12, .box_h = 10, .ofs_x = 0, .ofs_y = -10 },
    { .bitmap_index = 15582, .adv_w = 192, .box_w = 12, .box_h = 11, .ofs_x = 0, .ofs_y = -10 },
    { .bitmap_index = 15648, .adv_w = 192, .box_w = 10, .box_h = 11, .ofs_x = 1, .ofs_y = -10 },
    { .bitmap_index = 15703, .adv_w = 192, .box_w = 10, .box_h = 11, .ofs_x = 1, .ofs_y = -10 },
    { .bitmap_index = 15758, .adv_w = 192, .box_w = 10, .box_h = 11, .ofs_x = 1, .ofs_y = -11 },
    { .bitmap_index = 15813, .adv_w = 192, .box_w = 12, .box_h = 12, .ofs_x = 0, .ofs_y = -11 },
    { .bitmap_index = 15885, .adv_w = 192, .box_w = 12, .box_h = 11, .ofs_x = 0, .ofs_y = -10 },
    { .bitmap_index = 15951, .adv_w = 192, .box_w = 12, .box_h = 11, .ofs_x = 0, .ofs_y = -10 },
    { .bitmap_index = 16017, .adv_w = 192, .box_w = 12, .box_h = 11, .ofs_x = 0, .ofs_y = -10 },
    { .bitmap_index = 16083, .adv_w = 192, .box_w = 12, .box_h = 11, .ofs_x = 0, .ofs_y = -10 },
    { .bitmap_index = 16149, .adv_w = 192, .box_w = 12, .box_h = 10, .ofs_x = 0, .ofs_y = -10 },
    { .bitmap_index = 16209, .adv_w = 192, .box_w = 12, .box_h = 11, .ofs_x = 0, .ofs_y = -10 },
    { .bitmap_index = 16275, .adv_w = 192, .box_w = 12, .box_h = 11, .ofs_x = 0, .ofs_y = -10 },
    { .bitmap_index = 16341, .adv_w = 192, .box_w = 12, .box_h = 11, .ofs_x = 0, .ofs_y = -10 },
    { .bitmap_index = 16407, .adv_w = 192, .box_w = 12, .box_h = 11, .ofs_x = 0, .ofs_y = -10 },
    { .bitmap_index = 16473, .adv_w = 192, .box_w = 12, .box_h = 11, .ofs_x = 0, .ofs_y = -10 },
    { .bitmap_index = 16539, .adv_w = 192, .box_w = 12, .box_h = 11, .ofs_x = 0, .ofs_y = -10 },
    { .bitmap_index = 16605, .adv_w = 192, .box_w = 12, .box_h = 12, .ofs_x = 0, .ofs_y = -10 },
    { .bitmap_index = 16677, .adv_w = 192, .box_w = 12, .box_h = 11, .ofs_x = 0, .ofs_y = -10 },
    { .bitmap_index = 16743, .adv_w = 192, .box_w = 10, .box_h = 12, .ofs_x = 1, .ofs_y = -11 },
    { .bitmap_index = 16803, .adv_w = 192, .box_w = 12, .box_h = 11, .ofs_x = 0, .ofs_y = -11 },
    { .bitmap_index = 16869, .adv_w = 192, .box_w = 12, .box_h = 10, .ofs_x = 0, .ofs_y = -10 },
    { .bitmap_index = 16929, .adv_w = 192, .box_w = 12, .box_h = 11, .ofs_x = 0, .ofs_y = -10 },
    { .bitmap_index = 16995, .adv_w = 192, .box_w = 12, .box_h = 11, .ofs_x = 0, .ofs_y = -10 },
    { .bitmap_index = 17061, .adv_w = 192, .box_w = 12, .box_h = 11, .ofs_x = 0, .ofs_y = -10 },
    { .bitmap_index = 17127, .adv_w = 192, .box_w = 12, .box_h = 10, .ofs_x = 0, .ofs_y = -10 },
    { .bitmap_index = 17187, .adv_w = 192, .box_w = 12, .box_h = 11, .ofs_x = 0, .ofs_y = -10 },
    { .bitmap_index = 17253, .adv_w = 192, .box_w = 10, .box_h = 10, .ofs_x = 1, .ofs_y = -10 },
    { .bitmap_index = 17303, .adv_w = 192, .box_w = 10, .box_h = 11, .ofs_x = 1, .ofs_y = -10 },
    { .bitmap_index = 17358, .adv_w = 192, .box_w = 12, .box_h = 11, .ofs_x = 0, .ofs_y = -10 },
    { .bitmap_index = 17424, .adv_w = 192, .box_w = 10, .box_h = 12, .ofs_x = 1, .ofs_y = -11 },
    { .bitmap_index = 17484, .adv_w = 192, .box_w = 12, .box_h = 11, .ofs_x = 0, .ofs_y = -11 },
    { .bitmap_index = 17550, .adv_w = 192, .box_w = 12, .box_h = 11, .ofs_x = 0, .ofs_y = -11 },
    { .bitmap_index = 17616, .adv_w = 192, .box_w = 12, .box_h = 11, .ofs_x = 0, .ofs_y = -11 },
    { .bitmap_index = 17682, .adv_w = 192, .box_w = 12, .box_h = 11, .ofs_x = 0, .ofs_y = -10 },
    { .bitmap_index = 17748, .adv_w = 192, .box_w = 12, .box_h = 11, .ofs_x = 0, .ofs_y = -10 },
    { .bitmap_index = 17814, .adv_w = 192, .box_w = 12, .box_h = 10, .ofs_x = 0, .ofs_y = -10 },
    { .bitmap_index = 17874, .adv_w = 192, .box_w = 12, .box_h = 11, .ofs_x = 0, .ofs_y = -10 },
    { .bitmap_index = 17940, .adv_w = 192, .box_w = 12, .box_h = 11, .ofs_x = 0, .ofs_y = -10 },
    { .bitmap_index = 18006, .adv_w = 192, .box_w = 12, .box_h = 10, .ofs_x = 0, .ofs_y = -10 },
    { .bitmap_index = 18066, .adv_w = 192, .box_w = 12, .box_h = 11, .ofs_x = 0, .ofs_y = -10 },
    { .bitmap_index = 18132, .adv_w = 192, .box_w = 12, .box_h = 12, .ofs_x = 0, .ofs_y = -11 },
    { .bitmap_index = 18204, .adv_w = 192, .box_w = 12, .box_h = 11, .ofs_x = 0, .ofs_y = -10 },
    { .bitmap_index = 18270, .adv_w = 192, .box_w = 12, .box_h = 10, .ofs_x = 0, .ofs_y = -9 },
    { .bitmap_index = 18330, .adv_w = 192, .box_w = 12, .box_h = 11, .ofs_x = 0, .ofs_y = -10 },
    { .bitmap_index = 18396, .adv_w = 192, .box_w = 12, .box_h = 11, .ofs_x = 0, .ofs_y = -10 },
    { .bitmap_index = 18462, .adv_w = 192, .box_w = 12, .box_h = 12, .ofs_x = 0, .ofs_y = -11 },
    { .bitmap_index = 18534, .adv_w = 192, .box_w = 12, .box_h = 11, .ofs_x = 0, .ofs_y = -10 },
    { .bitmap_index = 18600, .adv_w = 192, .box_w = 12, .box_h = 11, .ofs_x = 0, .ofs_y = -10 },
    { .bitmap_index = 18666, .adv_w = 192, .box_w = 12, .box_h = 11, .ofs_x = 0, .ofs_y = -10 },
    { .bitmap_index = 18732, .adv_w = 192, .box_w = 12, .box_h = 11, .ofs_x = 0, .ofs_y = -10 },
    { .bitmap_index = 18798, .adv_w = 192, .box_w = 11, .box_h = 11, .ofs_x = 1, .ofs_y = -10 },
    { .bitmap_index = 18859, .adv_w = 192, .box_w = 12, .box_h = 11, .ofs_x = 0, .ofs_y = -10 },
    { .bitmap_index = 18925, .adv_w = 192, .box_w = 12, .box_h = 11, .ofs_x = 0, .ofs_y = -10 },
    { .bitmap_index = 18991, .adv_w = 192, .box_w = 12, .box_h = 11, .ofs_x = 0, .ofs_y = -10 },
    { .bitmap_index = 19057, .adv_w = 192, .box_w = 12, .box_h = 11, .ofs_x = 0, .ofs_y = -10 },
    { .bitmap_index = 19123, .adv_w = 192, .box_w = 12, .box_h = 11, .ofs_x = 0, .ofs_y = -10 },
    { .bitmap_index = 19189, .adv_w = 192, .box_w = 12, .box_h = 10, .ofs_x = 0, .ofs_y = -10 },
    { .bitmap_index = 19249, .adv_w = 192, .box_w = 12, .box_h = 11, .ofs_x = 0, .ofs_y = -10 },
    { .bitmap_index = 19315, .adv_w = 192, .box_w = 12, .box_h = 11, .ofs_x = 0, .ofs_y = -10 },
    { .bitmap_index = 19381, .adv_w = 192, .box_w = 12, .box_h = 11, .ofs_x = 0, .ofs_y = -10 },
    { .bitmap_index = 19447, .adv_w = 192, .box_w = 12, .box_h = 11, .ofs_x = 0, .ofs_y = -11 },
    { .bitmap_index = 19513, .adv_w = 192, .box_w = 8, .box_h = 11, .ofs_x = 2, .ofs_y = -10 },
    { .bitmap_index = 19557, .adv_w = 192, .box_w = 12, .box_h = 11, .ofs_x = 0, .ofs_y = -10 },
    { .bitmap_index = 19623, .adv_w = 192, .box_w = 12, .box_h = 11, .ofs_x = 0, .ofs_y = -10 },
    { .bitmap_index = 19689, .adv_w = 192, .box_w = 12, .box_h = 11, .ofs_x = 0, .ofs_y = -10 },
    { .bitmap_index = 19755, .adv_w = 192, .box_w = 12, .box_h = 11, .ofs_x = 0, .ofs_y = -10 },
    { .bitmap_index = 19821, .adv_w = 192, .box_w = 12, .box_h = 12, .ofs_x = 0, .ofs_y = -11 },
    { .bitmap_index = 19893, .adv_w = 192, .box_w = 12, .box_h = 11, .ofs_x = 0, .ofs_y = -11 },
    { .bitmap_index = 19959, .adv_w = 192, .box_w = 12, .box_h = 11, .ofs_x = 0, .ofs_y = -10 },
    { .bitmap_index = 20025, .adv_w = 192, .box_w = 12, .box_h = 10, .ofs_x = 0, .ofs_y = -9 },
    { .bitmap_index = 20085, .adv_w = 192, .box_w = 12, .box_h = 11, .ofs_x = 0, .ofs_y = -10 },
    { .bitmap_index = 20151, .adv_w = 192, .box_w = 12, .box_h = 11, .ofs_x = 0, .ofs_y = -10 },
    { .bitmap_index = 20217, .adv_w = 192, .box_w = 12, .box_h = 11, .ofs_x = 0, .ofs_y = -10 },
    { .bitmap_index = 20283, .adv_w = 192, .box_w = 12, .box_h = 10, .ofs_x = 0, .ofs_y = -10 },
    { .bitmap_index = 20343, .adv_w = 192, .box_w = 12, .box_h = 11, .ofs_x = 0, .ofs_y = -10 },
    { .bitmap_index = 20409, .adv_w = 192, .box_w = 12, .box_h = 11, .ofs_x = 0, .ofs_y = -10 },
    { .bitmap_index = 20475, .adv_w = 192, .box_w = 12, .box_h = 11, .ofs_x = 0, .ofs_y = -10 },
    { .bitmap_index = 20541, .adv_w = 192, .box_w = 12, .box_h = 11, .ofs_x = 0, .ofs_y = -10 },
    { .bitmap_index = 20607, .adv_w = 192, .box_w = 12, .box_h = 11, .ofs_x = 0, .ofs_y = -10 },
    { .bitmap_index = 20673, .adv_w = 192, .box_w = 12, .box_h = 11, .ofs_x = 0, .ofs_y = -10 },
    { .bitmap_index = 20739, .adv_w = 192, .box_w = 12, .box_h = 11, .ofs_x = 0, .ofs_y = -10 },
    { .bitmap_index = 20805, .adv_w = 192, .box_w = 12, .box_h = 11, .ofs_x = 0, .ofs_y = -10 },
    { .bitmap_index = 20871, .adv_w = 192, .box_w = 12, .box_h = 11, .ofs_x = 0, .ofs_y = -10 },
    { .bitmap_index = 20937, .adv_w = 192, .box_w = 12, .box_h = 12, .ofs_x = 0, .ofs_y = -11 },
    { .bitmap_index = 21009, .adv_w = 192, .box_w = 12, .box_h = 11, .ofs_x = 0, .ofs_y = -10 },
    { .bitmap_index = 21075, .adv_w = 192, .box_w = 12, .box_h = 11, .ofs_x = 0, .ofs_y = -10 },
    { .bitmap_index = 21141, .adv_w = 192, .box_w = 12, .box_h = 12, .ofs_x = 0, .ofs_y = -11 },
    { .bitmap_index = 21213, .adv_w = 192, .box_w = 12, .box_h = 11, .ofs_x = 0, .ofs_y = -10 },
    { .bitmap_index = 21279, .adv_w = 192, .box_w = 12, .box_h = 11, .ofs_x = 0, .ofs_y = -10 },
    { .bitmap_index = 21345, .adv_w = 192, .box_w = 12, .box_h = 11, .ofs_x = 0, .ofs_y = -10 },
    { .bitmap_index = 21411, .adv_w = 192, .box_w = 12, .box_h = 11, .ofs_x = 0, .ofs_y = -10 },
    { .bitmap_index = 21477, .adv_w = 192, .box_w = 12, .box_h = 10, .ofs_x = 0, .ofs_y = -10 },
    { .bitmap_index = 21537, .adv_w = 192, .box_w = 12, .box_h = 11, .ofs_x = 0, .ofs_y = -10 },
    { .bitmap_index = 21603, .adv_w = 192, .box_w = 12, .box_h = 11, .ofs_x = 0, .ofs_y = -10 },
    { .bitmap_index = 21669, .adv_w = 192, .box_w = 12, .box_h = 12, .ofs_x = 0, .ofs_y = -11 },
    { .bitmap_index = 21741, .adv_w = 192, .box_w = 12, .box_h = 12, .ofs_x = 0, .ofs_y = -11 },
    { .bitmap_index = 21813, .adv_w = 192, .box_w = 12, .box_h = 11, .ofs_x = 0, .ofs_y = -10 },
    { .bitmap_index = 21879, .adv_w = 192, .box_w = 12, .box_h = 11, .ofs_x = 0, .ofs_y = -10 },
    { .bitmap_index = 21945, .adv_w = 192, .box_w = 12, .box_h = 12, .ofs_x = 0, .ofs_y = -11 },
    { .bitmap_index = 22017, .adv_w = 192, .box_w = 12, .box_h = 11, .ofs_x = 0, .ofs_y = -10 },
    { .bitmap_index = 22083, .adv_w = 192, .box_w = 12, .box_h = 11, .ofs_x = 0, .ofs_y = -11 },
    { .bitmap_index = 22149, .adv_w = 192, .box_w = 12, .box_h = 11, .ofs_x = 0, .ofs_y = -10 },
    { .bitmap_index = 22215, .adv_w = 192, .box_w = 12, .box_h = 12, .ofs_x = 0, .ofs_y = -11 },
    { .bitmap_index = 22287, .adv_w = 192, .box_w = 12, .box_h = 12, .ofs_x = 0, .ofs_y = -11 },
    { .bitmap_index = 22359, .adv_w = 192, .box_w = 12, .box_h = 11, .ofs_x = 0, .ofs_y = -10 },
    { .bitmap_index = 22425, .adv_w = 192, .box_w = 12, .box_h = 11, .ofs_x = 0, .ofs_y = -10 },
    { .bitmap_index = 22491, .adv_w = 192, .box_w = 12, .box_h = 12, .ofs_x = 0, .ofs_y = -11 },
    { .bitmap_index = 22563, .adv_w = 192, .box_w = 12, .box_h = 12, .ofs_x = 0, .ofs_y = -11 },
    { .bitmap_index = 22635, .adv_w = 192, .box_w = 12, .box_h = 10, .ofs_x = 0, .ofs_y = -10 },
    { .bitmap_index = 22695, .adv_w = 192, .box_w = 12, .box_h = 11, .ofs_x = 0, .ofs_y = -10 },
    { .bitmap_index = 22761, .adv_w = 192, .box_w = 12, .box_h = 11, .ofs_x = 0, .ofs_y = -10 },
    { .bitmap_index = 22827, .adv_w = 192, .box_w = 12, .box_h = 10, .ofs_x = 0, .ofs_y = -10 },
    { .bitmap_index = 22887, .adv_w = 192, .box_w = 12, .box_h = 11, .ofs_x = 0, .ofs_y = -10 },
    { .bitmap_index = 22953, .adv_w = 192, .box_w = 12, .box_h = 12, .ofs_x = 0, .ofs_y = -11 },
    { .bitmap_index = 23025, .adv_w = 192, .box_w = 12, .box_h = 11, .ofs_x = 0, .ofs_y = -10 },
    { .bitmap_index = 23091, .adv_w = 192, .box_w = 12, .box_h = 12, .ofs_x = 0, .ofs_y = -11 },
    { .bitmap_index = 23163, .adv_w = 192, .box_w = 12, .box_h = 11, .ofs_x = 0, .ofs_y = -10 },
    { .bitmap_index = 23229, .adv_w = 192, .box_w = 10, .box_h = 11, .ofs_x = 1, .ofs_y = -10 },
    { .bitmap_index = 23284, .adv_w = 192, .box_w = 10, .box_h = 11, .ofs_x = 1, .ofs_y = -10 },
    { .bitmap_index = 23339, .adv_w = 192, .box_w = 12, .box_h = 11, .ofs_x = 0, .ofs_y = -11 },
    { .bitmap_index = 23405, .adv_w = 192, .box_w = 12, .box_h = 11, .ofs_x = 0, .ofs_y = -10 },
    { .bitmap_index = 23471, .adv_w = 192, .box_w = 12, .box_h = 11, .ofs_x = 0, .ofs_y = -10 },
    { .bitmap_index = 23537, .adv_w = 192, .box_w = 12, .box_h = 11, .ofs_x = 0, .ofs_y = -10 },
    { .bitmap_index = 23603, .adv_w = 192, .box_w = 12, .box_h = 12, .ofs_x = 0, .ofs_y = -11 },
    { .bitmap_index = 23675, .adv_w = 192, .box_w = 12, .box_h = 12, .ofs_x = 0, .ofs_y = -11 },
    { .bitmap_index = 23747, .adv_w = 192, .box_w = 12, .box_h = 12, .ofs_x = 0, .ofs_y = -11 },
    { .bitmap_index = 23819, .adv_w = 192, .box_w = 12, .box_h = 10, .ofs_x = 0, .ofs_y = -10 },
    { .bitmap_index = 23879, .adv_w = 192, .box_w = 12, .box_h = 11, .ofs_x = 0, .ofs_y = -11 },
    { .bitmap_index = 23945, .adv_w = 192, .box_w = 12, .box_h = 11, .ofs_x = 0, .ofs_y = -10 },
    { .bitmap_index = 24011, .adv_w = 192, .box_w = 12, .box_h = 11, .ofs_x = 0, .ofs_y = -10 },
    { .bitmap_index = 24077, .adv_w = 192, .box_w = 12, .box_h = 11, .ofs_x = 0, .ofs_y = -10 },
    { .bitmap_index = 24143, .adv_w = 192, .box_w = 12, .box_h = 11, .ofs_x = 0, .ofs_y = -10 },
    { .bitmap_index = 24209, .adv_w = 192, .box_w = 2, .box_h = 3, .ofs_x = 2, .ofs_y = -10 },
};

static const uint16_t lv_font_cn_12_unicode_list[] = { 0x0000, 0x0020, 0x0021, 0x0022, 0x0023, 0x0024, 0x0025, 0x0026, 0x0027, 0x0028, 0x0029, 0x002a, 0x002b, 0x002c, 0x002d, 0x002e, 0x002f, 0x0030, 0x0031, 0x0032, 0x0033, 0x0034, 0x0035, 0x0036, 0x0037, 0x0038, 0x0039, 0x003a, 0x003b, 0x003c, 0x003d, 0x003e, 0x003f, 0x0040, 0x0041, 0x0042, 0x0043, 0x0044, 0x0045, 0x0046, 0x0047, 0x0048, 0x0049, 0x004a, 0x004b, 0x004c, 0x004d, 0x004e, 0x004f, 0x0050, 0x0051, 0x0052, 0x0053, 0x0054, 0x0055, 0x0056, 0x0057, 0x0058, 0x0059, 0x005a, 0x005b, 0x005c, 0x005d, 0x005e, 0x005f, 0x0060, 0x0061, 0x0062, 0x0063, 0x0064, 0x0065, 0x0066, 0x0067, 0x0068, 0x0069, 0x006a, 0x006b, 0x006c, 0x006d, 0x006e, 0x006f, 0x0070, 0x0071, 0x0072, 0x0073, 0x0074, 0x0075, 0x0076, 0x0077, 0x0078, 0x0079, 0x007a, 0x007b, 0x007c, 0x007d, 0x007e, 0x2191, 0x2192, 0x2193, 0x2196, 0x2197, 0x2198, 0x2199, 0x25b2, 0x25b6, 0x25bc, 0x25c0, 0x26a0, 0x2713, 0x2717, 0x4e00, 0x4e09, 0x4e0a, 0x4e0b, 0x4e0d, 0x4e0e, 0x4e1c, 0x4e22, 0x4e2d, 0x4e34, 0x4e3b, 0x4e58, 0x4e8c, 0x4e8e, 0x4e94, 0x4eae, 0x4eca, 0x4ef6, 0x4f11, 0x4f4d, 0x4f4e, 0x4f59, 0x4f7f, 0x4fdd, 0x4fe1, 0x503c, 0x504f, 0x505c, 0x50a8, 0x5145, 0x514b, 0x5165, 0x5168, 0x516d, 0x5173, 0x5185, 0x518c, 0x5199, 0x51c6, 0x51cf, 0x51fa, 0x5206, 0x5207, 0x5217, 0x5220, 0x5242, 0x524d, 0x5269, 0x529b, 0x529f, 0x52a0, 0x52a8, 0x5316, 0x5317, 0x5347, 0x5348, 0x5355, 0x5357, 0x5361, 0x5373, 0x5382, 0x5386, 0x538b, 0x539f, 0x53c2, 0x53cc, 0x53d1, 0x53d6, 0x53f2, 0x53f3, 0x53f7, 0x5408, 0x540d, 0x540e, 0x5411, 0x542f, 0x544a, 0x5468, 0x5668, 0x56db, 0x56de, 0x56e0, 0x56fa, 0x56fd, 0x56fe, 0x5728, 0x5730, 0x574f, 0x578b, 0x57fa, 0x5835, 0x585e, 0x5904, 0x5907, 0x590d, 0x5916, 0x591a, 0x5927, 0x5929, 0x5931, 0x5934, 0x597d, 0x59cb, 0x5b58, 0x5b89, 0x5b9a, 0x5bbd, 0x5bc6, 0x5bf9, 0x5bfc, 0x5c0f, 0x5c11, 0x5c14, 0x5c3d, 0x5c4f, 0x5c9b, 0x5de5, 0x5de6, 0x5df2, 0x5e03, 0x5e38, 0x5e55, 0x5e73, 0x5e74, 0x5e8f, 0x5ea6, 0x5efa, 0x5f00, 0x5f02, 0x5f0f, 0x5f55, 0x5f85, 0x5fd7, 0x5feb, 0x6001, 0x603b, 0x6062, 0x606f, 0x60c5, 0x6162, 0x6210, 0x6216, 0x6237, 0x624b, 0x62a5, 0x62e9, 0x6309, 0x6362, 0x636e, 0x6392, 0x63a5, 0x63d0, 0x641c, 0x6444, 0x6469, 0x6536, 0x6539, 0x6545, 0x6570, 0x6574, 0x6577, 0x65ad, 0x65b0, 0x65b9, 0x65e0, 0x65e5, 0x65e7, 0x65e9, 0x65f6, 0x661f, 0x663e, 0x665a, 0x6682, 0x66f2, 0x66f4, 0x6700, 0x6708, 0x6709, 0x671f, 0x672c, 0x673a, 0x6746, 0x6761, 0x677f, 0x6784, 0x67e5, 0x6807, 0x6821, 0x6848, 0x6863, 0x68b0, 0x68c0, 0x68c9, 0x6a21, 0x6b21, 0x6b62, 0x6b63, 0x6b65, 0x6b7b, 0x6bcf, 0x6bd4, 0x6beb, 0x6c0f, 0x6c14, 0x6c34, 0x6c60, 0x6ce2, 0x6ce8, 0x6cf5, 0x6d3b, 0x6d41, 0x6d4f, 0x6d88, 0x6df1, 0x6e29, 0x6ee4, 0x6fc0, 0x7247, 0x7248, 0x7259, 0x7269, 0x72b6, 0x7387, 0x73af, 0x7406, 0x7528, 0x7535, 0x767b, 0x767d, 0x767e, 0x770b, 0x7720, 0x7801, 0x7840, 0x786c, 0x786e, 0x78b3, 0x793a, 0x79d2, 0x7a0b, 0x7a33, 0x7acb, 0x7b14, 0x7b49, 0x7ba1, 0x7cbe, 0x7cd6, 0x7cfb, 0x7d20, 0x7d22, 0x7ebf, 0x7ed3, 0x7edf, 0x7ee7, 0x7eed, 0x7f6e, 0x80aa, 0x80f0, 0x80f6, 0x8102, 0x81ea, 0x82af, 0x836f, 0x83dc, 0x84dd, 0x85cf, 0x86cb, 0x87ba, 0x8840, 0x884c, 0x8868, 0x88c5, 0x897f, 0x89c4, 0x89c8, 0x89e3, 0x8b66, 0x8ba1, 0x8ba4, 0x8bae, 0x8bb0, 0x8bbe, 0x8bd5, 0x8be6, 0x8bef, 0x8bfb, 0x8c03, 0x8d1f, 0x8d25, 0x8d34, 0x8db3, 0x8def, 0x8f6c, 0x8f7b, 0x8f7d, 0x8f93, 0x8fc7, 0x8fd0, 0x8fd1, 0x8fd4, 0x8fdb, 0x8fdc, 0x8fde, 0x9000, 0x9001, 0x9009, 0x901a, 0x914d, 0x9152, 0x91cd, 0x91cf, 0x9488, 0x9501, 0x9519, 0x952e, 0x957f, 0x95ed, 0x95f4, 0x963b, 0x9645, 0x964d, 0x9664, 0x9690, 0x969c, 0x97f3, 0x9875, 0x9884, 0x9910, 0x9996, 0x9ad8, 0x9ed8, 0xff0c };

static const lv_font_fmt_txt_cmap_t lv_font_cn_12_cmap = {
    .range_start = 0,
    .range_length = 65293,
    .glyph_id_start = 0,
    .unicode_list = lv_font_cn_12_unicode_list,
    .glyph_id_ofs_list = NULL,
    .list_length = 442,
    .type = LV_FONT_FMT_TXT_CMAP_SPARSE_TINY,
};

static const lv_font_fmt_txt_dsc_t lv_font_cn_12_dsc = {
    .glyph_bitmap = lv_font_cn_12_glyph_bitmap,
    .glyph_dsc = lv_font_cn_12_glyph_dsc,
    .cmaps = &lv_font_cn_12_cmap,
    .kern_dsc = NULL,
    .kern_scale = 0,
    .cmap_num = 1,
    .bpp = 4,
    .kern_classes = 0,
    .bitmap_format = LV_FONT_FMT_TXT_PLAIN,
    .stride = 0,
};

lv_font_t lv_font_cn_12 = {
    .get_glyph_dsc = lv_font_get_glyph_dsc_fmt_txt,
    .get_glyph_bitmap = lv_font_get_bitmap_fmt_txt,
    .line_height = 13,
    .base_line = 11,
    .subpx = LV_FONT_SUBPX_NONE,
    .underline_position = -1,
    .underline_thickness = 1,
    .dsc = &lv_font_cn_12_dsc,
};
