/* Auto-generated Chinese font (lv_font_cn_16) - LVGL fmt_txt, bpp=4 */
#include "lvgl.h"

static const uint8_t lv_font_cn_16_glyph_bitmap[] = {
    0x3e, 0x03, 0xe0, 0x3e, 0x03, 0xe0, 0x3e, 0x03, 0xe0, 0x3e, 0x03, 0xe0, 0x3c, 0x00, 0x00, 0x39,
    0x18, 0xf4, 0x03, 0x00, 0x98, 0x09, 0x88, 0x70, 0x88, 0x86, 0x07, 0x77, 0x60, 0x76, 0x00, 0x08,
    0x50, 0x1c, 0x00, 0x00, 0x0a, 0x30, 0x3a, 0x00, 0x00, 0x0c, 0x10, 0x58, 0x00, 0x00, 0x0d, 0x00,
    0x76, 0x00, 0x1f, 0xff, 0xff, 0xff, 0xf1, 0x00, 0x3a, 0x00, 0xb2, 0x00, 0x00, 0x67, 0x00, 0xd0,
    0x00, 0x8f, 0xff, 0xff, 0xff, 0x90, 0x00, 0xb2, 0x04, 0x90, 0x00, 0x00, 0xd0, 0x06, 0x70, 0x00,
    0x00, 0xc0, 0x08, 0x50, 0x00, 0x02, 0xa0, 0x0a, 0x30, 0x00, 0x00, 0x03, 0xe0, 0x00, 0x00, 0x00,
    0x3e, 0x00, 0x00, 0x02, 0xad, 0xfa, 0x30, 0x01, 0xea, 0x7e, 0x9f, 0x50, 0x5d, 0x03, 0xe0, 0x41,
    0x02, 0xe5, 0x3e, 0x00, 0x00, 0x03, 0xdc, 0xe0, 0x00, 0x00, 0x00, 0x8f, 0xa2, 0x00, 0x00, 0x03,
    0xfc, 0xe3, 0x00, 0x00, 0x3e, 0x09, 0xe0, 0x02, 0x03, 0xe0, 0x3f, 0x16, 0xe5, 0x3e, 0x2b, 0xa0,
    0x06, 0xce, 0xfd, 0x70, 0x00, 0x00, 0x3e, 0x00, 0x00, 0x00, 0x03, 0xe0, 0x00, 0x00, 0x00, 0x34,
    0x20, 0x13, 0x6d, 0x70, 0x00, 0xa6, 0x5d, 0xff, 0xec, 0xc0, 0x00, 0x67, 0x00, 0x58, 0x00, 0x83,
    0x00, 0x09, 0x70, 0x05, 0xb0, 0x48, 0x00, 0x00, 0x6e, 0x76, 0xe8, 0x1b, 0x00, 0x00, 0x00, 0xaf,
    0xfb, 0x19, 0x40, 0x00, 0x00, 0x00, 0x12, 0x04, 0x90, 0x00, 0x00, 0x00, 0x00, 0x01, 0xc1, 0x4d,
    0xeb, 0x10, 0x00, 0x00, 0x95, 0x1e, 0x40, 0x8b, 0x00, 0x00, 0x4a, 0x05, 0xa0, 0x00, 0xe0, 0x00,
    0x1c, 0x10, 0x3d, 0x00, 0x3d, 0x00, 0x09, 0x60, 0x00, 0x9d, 0xae, 0x40, 0x04, 0xb0, 0x00, 0x00,
    0x35, 0x20, 0x00, 0x00, 0x00, 0x00, 0x00, 0x00, 0x00, 0x07, 0xef, 0xb1, 0x00, 0x00, 0x03, 0xe4,
    0x2a, 0xa0, 0x00, 0x00, 0x4e, 0x00, 0x8a, 0x00, 0x00, 0x00, 0xc9, 0x5e, 0x30, 0x00, 0x00, 0x02,
    0xfe, 0x50, 0x00, 0x00, 0x00, 0xad, 0xe5, 0x00, 0x00, 0x00, 0xac, 0x14, 0xe4, 0x00, 0x10, 0x5e,
    0x10, 0x05, 0xe5, 0xa9, 0x08, 0x90, 0x00, 0x07, 0xfc, 0x10, 0x6d, 0x10, 0x06, 0xeb, 0xe4, 0x00,
    0xbe, 0xce, 0xd4, 0x06, 0xe3, 0x00, 0x35, 0x30, 0x00, 0x01, 0x00, 0xf2, 0xe1, 0xd1, 0xd0, 0x08,
    0xb0, 0xd5, 0x3f, 0x17, 0xb0, 0xa8, 0x0c, 0x60, 0xd5, 0x0e, 0x40, 0xe4, 0x0d, 0x50, 0xc6, 0x09,
    0x80, 0x6c, 0x03, 0xf1, 0x0d, 0x60, 0xd6, 0x06, 0xc0, 0x2f, 0x10, 0xd5, 0x0a, 0x80, 0x7a, 0x06,
    0xb0, 0x5c, 0x06, 0xc0, 0x6b, 0x08, 0xa0, 0xa8, 0x0d, 0x52, 0xf1, 0x7b, 0x00, 0x00, 0x1d, 0x00,
    0x01, 0x91, 0xb2, 0x90, 0x05, 0xbd, 0xa4, 0x00, 0x6b, 0xdb, 0x40, 0x19, 0x1b, 0x29, 0x00, 0x01,
    0xd0, 0x00, 0x00, 0x00, 0xa6, 0x00, 0x00, 0x00, 0x0a, 0x60, 0x00, 0x00, 0x00, 0xa6, 0x00, 0x00,
    0x00, 0x0a, 0x60, 0x00, 0x2f, 0xff, 0xff, 0xff, 0xc0, 0x00, 0x0a, 0x60, 0x00, 0x00, 0x00, 0xa6,
    0x00, 0x00, 0x00, 0x0a, 0x60, 0x00, 0x1c, 0x27, 0xb0, 0xb2, 0x00, 0x7f, 0xff, 0xc0, 0x39, 0x17,
    0xf4, 0x03, 0x00, 0x00, 0x00, 0x0d, 0x50, 0x00, 0x03, 0xf1, 0x00, 0x00, 0x8a, 0x00, 0x00, 0x0d,
    0x50, 0x00, 0x03, 0xe1, 0x00, 0x00, 0x8a, 0x00, 0x00, 0x0d, 0x50, 0x00, 0x03, 0xe0, 0x00, 0x00,
    0x9a, 0x00, 0x00, 0x0d, 0x40, 0x00, 0x04, 0xe0, 0x00, 0x00, 0x99, 0x00, 0x00, 0x0e, 0x40, 0x00,
    0x04, 0xe0, 0x00, 0x00, 0x00, 0x00, 0x00, 0x00, 0x00, 0x08, 0xef, 0xd5, 0x00, 0x07, 0xe4, 0x26,
    0xe4, 0x00, 0xe4, 0x00, 0x07, 0xc0, 0x4d, 0x00, 0x00, 0x1f, 0x16, 0xa0, 0x00, 0x00, 0xc4, 0x79,
    0x00, 0x00, 0x0b, 0x57, 0x90, 0x00, 0x00, 0xb5, 0x6a, 0x00, 0x00, 0x0c, 0x43, 0xd0, 0x00, 0x01,
    0xf1, 0x0e, 0x30, 0x00, 0x6b, 0x00, 0x6d, 0x30, 0x5e, 0x30, 0x00, 0x7d, 0xfc, 0x40, 0x00, 0x6f,
    0xf3, 0x00, 0xe3, 0x00, 0xe3, 0x00, 0xe3, 0x00, 0xe3, 0x00, 0xe3, 0x00, 0xe3, 0x00, 0xe3, 0x00,
    0xe3, 0x00, 0xe3, 0x00, 0xe3, 0x00, 0x28, 0xa8, 0x20, 0x00, 0x3e, 0xa7, 0xae, 0x40, 0x0c, 0x70,
    0x00, 0x7d, 0x02, 0xf1, 0x00, 0x01, 0xf1, 0x13, 0x00, 0x00, 0x2f, 0x00, 0x00, 0x00, 0x09, 0xa0,
    0x00, 0x00, 0x06, 0xe1, 0x00, 0x00, 0x04, 0xe3, 0x00, 0x00, 0x04, 0xe5, 0x00, 0x00, 0x03, 0xe5,
    0x00, 0x00, 0x03, 0xe6, 0x00, 0x00, 0x02, 0xef, 0xff, 0xff, 0xf4, 0x00, 0x4b, 0xca, 0x20, 0x00,
    0x5e, 0x74, 0x9e, 0x20, 0x0d, 0x60, 0x00, 0xb7, 0x00, 0x10, 0x00, 0x0b, 0x80, 0x00, 0x00, 0x17,
    0xe3, 0x00, 0x00, 0x4f, 0xf8, 0x00, 0x00, 0x00, 0x26, 0xd8, 0x00, 0x00, 0x00, 0x03, 0xf1, 0x00,
    0x00, 0x00, 0x0e, 0x34, 0xd0, 0x00, 0x01, 0xf1, 0x0b, 0x80, 0x01, 0xb7, 0x00, 0x19, 0xcc, 0xc6,
    0x00, 0x00, 0x00, 0x00, 0x81, 0x00, 0x00, 0x00, 0x3f, 0x10, 0x00, 0x00, 0x1d, 0xf1, 0x00, 0x00,
    0x09, 0xcf, 0x10, 0x00, 0x04, 0xe3, 0xf1, 0x00, 0x01, 0xe5, 0x1f, 0x10, 0x00, 0xaa, 0x01, 0xf1,
    0x00, 0x5d, 0x10, 0x1f, 0x10, 0x2e, 0xed, 0xef, 0xff, 0x72, 0x33, 0x21, 0x2f, 0x10, 0x00, 0x00,
    0x01, 0xf1, 0x00, 0x00, 0x00, 0x1f, 0x10, 0x00, 0x3f, 0xff, 0xfd, 0x00, 0x06, 0xa0, 0x00, 0x00,
    0x00, 0x97, 0x00, 0x00, 0x00, 0x0c, 0x64, 0x20, 0x00, 0x00, 0xfd, 0xce, 0xb1, 0x00, 0x12, 0x00,
    0x1b, 0xb0, 0x00, 0x00, 0x00, 0x2f, 0x10, 0x00, 0x00, 0x01, 0xf2, 0x3e, 0x10, 0x00, 0x6e, 0x00,
    0xbb, 0x21, 0x6e, 0x60, 0x01, 0x9e, 0xfc, 0x50, 0x00, 0x00, 0x00, 0x77, 0x00, 0x00, 0x02, 0xe4,
    0x00, 0x00, 0x0c, 0x90, 0x00, 0x00, 0x7d, 0x10, 0x00, 0x02, 0xf4, 0x00, 0x00, 0x0c, 0xec, 0xc6,
    0x00, 0x6f, 0xa6, 0x9f, 0x70, 0xb9, 0x00, 0x06, 0xe0, 0xd4, 0x00, 0x01, 0xf2, 0xb5, 0x00, 0x02,
    0xf1, 0x4d, 0x20, 0x1b, 0x80, 0x06, 0xdd, 0xd7, 0x00, 0x00, 0x00, 0x00, 0x00, 0xdf, 0xff, 0xff,
    0xf3, 0x00, 0x00, 0x09, 0x90, 0x00, 0x00, 0x3e, 0x10, 0x00, 0x00, 0xb7, 0x00, 0x00, 0x04, 0xd0,
    0x00, 0x00, 0x0d, 0x50, 0x00, 0x00, 0x6c, 0x00, 0x00, 0x01, 0xe4, 0x00, 0x00, 0x08, 0xa0, 0x00,
    0x00, 0x2e, 0x20, 0x00, 0x00, 0x68, 0x00, 0x00, 0x00, 0x00, 0x28, 0xa8, 0x10, 0x00, 0x3e, 0x96,
    0x9e, 0x20, 0x0b, 0x70, 0x00, 0x99, 0x00, 0xd5, 0x00, 0x06, 0xb0, 0x08, 0xc1, 0x01, 0xd7, 0x00,
    0x0a, 0xec, 0xe9, 0x00, 0x05, 0xe8, 0x58, 0xe4, 0x02, 0xf3, 0x00, 0x04, 0xe1, 0x6c, 0x00, 0x00,
    0x0d, 0x46, 0xd0, 0x00, 0x01, 0xe3, 0x1e, 0x70, 0x01, 0xac, 0x00, 0x3d, 0xec, 0xec, 0x20, 0x00,
    0x03, 0x53, 0x00, 0x00, 0x00, 0x00, 0x10, 0x00, 0x00, 0x8e, 0xfd, 0x50, 0x09, 0xf9, 0x7b, 0xf3,
    0x1f, 0x50, 0x00, 0xba, 0x3e, 0x00, 0x00, 0x5c, 0x1f, 0x10, 0x00, 0x6a, 0x08, 0xa0, 0x02, 0xd5,
    0x00, 0x7b, 0xae, 0xb0, 0x00, 0x00, 0x5e, 0x20, 0x00, 0x01, 0xe6, 0x00, 0x00, 0x09, 0xb0, 0x00,
    0x00, 0x4e, 0x20, 0x00, 0x00, 0x86, 0x00, 0x00, 0x39, 0x17, 0xf4, 0x03, 0x00, 0x00, 0x00, 0x00,
    0x00, 0x00, 0x03, 0x91, 0x7f, 0x40, 0x30, 0x39, 0x17, 0xf4, 0x03, 0x00, 0x00, 0x00, 0x00, 0x00,
    0x04, 0x02, 0xf2, 0x89, 0x0b, 0x10, 0x00, 0x00, 0x00, 0x16, 0xb0, 0x00, 0x02, 0x8e, 0xb4, 0x00,
    0x3a, 0xe9, 0x20, 0x01, 0xce, 0x81, 0x00, 0x00, 0x1c, 0xd7, 0x10, 0x00, 0x00, 0x04, 0xae, 0x92,
    0x00, 0x00, 0x00, 0x28, 0xeb, 0x40, 0x00, 0x00, 0x01, 0x6b, 0x2f, 0xff, 0xff, 0xff, 0xc0, 0x00,
    0x00, 0x00, 0x00, 0x00, 0x00, 0x00, 0x00, 0x00, 0x00, 0x00, 0x00, 0x00, 0x2f, 0xff, 0xff, 0xff,
    0xc0, 0x3b, 0x40, 0x00, 0x00, 0x00, 0x6d, 0xc6, 0x00, 0x00, 0x00, 0x04, 0xbe, 0x82, 0x00, 0x00,
    0x00, 0x3a, 0xe9, 0x00, 0x00, 0x02, 0x9e, 0x90, 0x00, 0x4b, 0xe8, 0x20, 0x06, 0xdc, 0x61, 0x00,
    0x03, 0xb4, 0x00, 0x00, 0x00, 0x02, 0xae, 0xeb, 0x20, 0x1e, 0x81, 0x18, 0xe1, 0x6d, 0x00, 0x00,
    0xe5, 0x57, 0x00, 0x01, 0xe5, 0x00, 0x00, 0x0a, 0xd1, 0x00, 0x00, 0xae, 0x30, 0x00, 0x05, 0xf3,
    0x00, 0x00, 0x09, 0xa0, 0x00, 0x00, 0x06, 0x50, 0x00, 0x00, 0x00, 0x00, 0x00, 0x00, 0x00, 0x00,
    0x00, 0x00, 0x0b, 0xa0, 0x00, 0x00, 0x00, 0x00, 0x00, 0x00, 0x00, 0x00, 0x06, 0xaa, 0xaa, 0x81,
    0x00, 0x01, 0xa5, 0x00, 0x00, 0x2a, 0x40, 0x0a, 0x20, 0x00, 0x00, 0x00, 0x91, 0x55, 0x01, 0xae,
    0xe6, 0xd0, 0x28, 0x90, 0x0c, 0xa2, 0x2d, 0xb0, 0x09, 0x90, 0x4e, 0x10, 0x07, 0x80, 0x09, 0x90,
    0x6b, 0x00, 0x08, 0x50, 0x27, 0x90, 0x4d, 0x00, 0x0c, 0x30, 0x81, 0x55, 0x0b, 0x94, 0x7f, 0x58,
    0x30, 0x0a, 0x20, 0x55, 0x16, 0x51, 0x60, 0x02, 0xa5, 0x00, 0x00, 0x2b, 0x40, 0x00, 0x06, 0xba,
    0x9b, 0x92, 0x00, 0x00, 0x00, 0x00, 0x10, 0x00, 0x00, 0x00, 0x00, 0x06, 0x50, 0x00, 0x00, 0x00,
    0x00, 0x0d, 0xb0, 0x00, 0x00, 0x00, 0x00, 0x5e, 0xf3, 0x00, 0x00, 0x00, 0x00, 0xc9, 0xaa, 0x00,
    0x00, 0x00, 0x03, 0xf2, 0x3f, 0x20, 0x00, 0x00, 0x0a, 0xa0, 0x0c, 0x80, 0x00, 0x00, 0x2f, 0x30,
    0x05, 0xe1, 0x00, 0x00, 0x9f, 0xff, 0xff, 0xf7, 0x00, 0x01, 0xe3, 0x00, 0x00, 0x5d, 0x00, 0x07,
    0xc0, 0x00, 0x00, 0x0d, 0x50, 0x0e, 0x50, 0x00, 0x00, 0x07, 0xc0, 0x6d, 0x00, 0x00, 0x00, 0x01,
    0xe3, 0x9f, 0xfe, 0xb4, 0x00, 0x98, 0x01, 0x5e, 0x20, 0x98, 0x00, 0x0d, 0x50, 0x98, 0x02, 0x7d,
    0x10, 0x9f, 0xff, 0xf6, 0x00, 0x98, 0x01, 0x5d, 0x90, 0x98, 0x00, 0x03, 0xf2, 0x98, 0x00, 0x00,
    0xe4, 0x98, 0x00, 0x02, 0xf2, 0x98, 0x00, 0x3c, 0xa0, 0x9f, 0xff, 0xd7, 0x00, 0x00, 0x01, 0x6b,
    0xee, 0xc7, 0x10, 0x00, 0x02, 0xdd, 0x63, 0x35, 0xbe, 0x40, 0x01, 0xda, 0x10, 0x00, 0x00, 0x7c,
    0x00, 0x8c, 0x00, 0x00, 0x00, 0x00, 0x00, 0x0e, 0x50, 0x00, 0x00, 0x00, 0x00, 0x01, 0xf2, 0x00,
    0x00, 0x00, 0x00, 0x00, 0x1f, 0x20, 0x00, 0x00, 0x00, 0x00, 0x00, 0xe4, 0x00, 0x00, 0x00, 0x00,
    0x00, 0x09, 0xa0, 0x00, 0x00, 0x00, 0x00, 0x00, 0x2e, 0x70, 0x00, 0x00, 0x04, 0x90, 0x00, 0x4e,
    0xa4, 0x11, 0x38, 0xe6, 0x00, 0x00, 0x18, 0xce, 0xed, 0x93, 0x00, 0x9f, 0xff, 0xec, 0x92, 0x00,
    0x09, 0x80, 0x12, 0x49, 0xe6, 0x00, 0x98, 0x00, 0x00, 0x04, 0xf3, 0x09, 0x80, 0x00, 0x00, 0x08,
    0xa0, 0x98, 0x00, 0x00, 0x00, 0x3e, 0x09, 0x80, 0x00, 0x00, 0x02, 0xf1, 0x98, 0x00, 0x00, 0x00,
    0x3f, 0x09, 0x80, 0x00, 0x00, 0x07, 0xb0, 0x98, 0x00, 0x00, 0x02, 0xe5, 0x09, 0x80, 0x01, 0x27,
    0xe8, 0x00, 0x9f, 0xff, 0xfe, 0xb5, 0x00, 0x00, 0x9f, 0xff, 0xff, 0xf9, 0x80, 0x00, 0x00, 0x98,
    0x00, 0x00, 0x09, 0x80, 0x00, 0x00, 0x9f, 0xff, 0xff, 0xe9, 0x80, 0x00, 0x00, 0x98, 0x00, 0x00,
    0x09, 0x80, 0x00, 0x00, 0x98, 0x00, 0x00, 0x09, 0x80, 0x00, 0x00, 0x9f, 0xff, 0xff, 0xe0, 0x9f,
    0xff, 0xff, 0x29, 0x80, 0x00, 0x00, 0x98, 0x00, 0x00, 0x09, 0x80, 0x00, 0x00, 0x9f, 0xff, 0xff,
    0x29, 0x80, 0x00, 0x00, 0x98, 0x00, 0x00, 0x09, 0x80, 0x00, 0x00, 0x98, 0x00, 0x00, 0x09, 0x80,
    0x00, 0x00, 0x98, 0x00, 0x00, 0x00, 0x00, 0x00, 0x6b, 0xee, 0xd9, 0x30, 0x00, 0x00, 0x2c, 0xe8,
    0x43, 0x5a, 0xf8, 0x00, 0x01, 0xcb, 0x10, 0x00, 0x00, 0x3d, 0x30, 0x07, 0xd1, 0x00, 0x00, 0x00,
    0x00, 0x00, 0x0d, 0x60, 0x00, 0x00, 0x00, 0x00, 0x00, 0x0f, 0x30, 0x00, 0x00, 0x00, 0x00, 0x00,
    0x1f, 0x30, 0x00, 0x00, 0x00, 0x00, 0x00, 0x0d, 0x60, 0x00, 0x00, 0xcf, 0xff, 0xf2, 0x08, 0xd0,
    0x00, 0x00, 0x00, 0x05, 0xe0, 0x01, 0xda, 0x00, 0x00, 0x00, 0x1c, 0x80, 0x00, 0x2d, 0xc5, 0x10,
    0x26, 0xda, 0x00, 0x00, 0x01, 0x6b, 0xef, 0xeb, 0x50, 0x00, 0x98, 0x00, 0x00, 0x09, 0x89, 0x80,
    0x00, 0x00, 0x98, 0x98, 0x00, 0x00, 0x09, 0x89, 0x80, 0x00, 0x00, 0x98, 0x9f, 0xff, 0xff, 0xff,
    0x89, 0x80, 0x00, 0x00, 0x98, 0x98, 0x00, 0x00, 0x09, 0x89, 0x80, 0x00, 0x00, 0x98, 0x98, 0x00,
    0x00, 0x09, 0x89, 0x80, 0x00, 0x00, 0x98, 0x98, 0x00, 0x00, 0x09, 0x80, 0xc6, 0xc6, 0xc6, 0xc6,
    0xc6, 0xc6, 0xc6, 0xc6, 0xc6, 0xc6, 0xc6, 0x00, 0x00, 0x0d, 0x50, 0x00, 0x00, 0xd5, 0x00, 0x00,
    0x0d, 0x50, 0x00, 0x00, 0xd5, 0x00, 0x00, 0x0d, 0x50, 0x00, 0x00, 0xd5, 0x00, 0x00, 0x0d, 0x50,
    0x00, 0x00, 0xd5, 0x00, 0x00, 0x0d, 0x40, 0x20, 0x01, 0xf3, 0x2e, 0x95, 0xbd, 0x00, 0x29, 0xb9,
    0x20, 0x99, 0x00, 0x06, 0xe3, 0x09, 0x90, 0x08, 0xd2, 0x00, 0x99, 0x09, 0xc1, 0x00, 0x09, 0x9a,
    0xb1, 0x00, 0x00, 0x9f, 0xa0, 0x00, 0x00, 0x09, 0xfb, 0x00, 0x00, 0x00, 0x99, 0xba, 0x00, 0x00,
    0x09, 0x91, 0xca, 0x00, 0x00, 0x99, 0x01, 0xca, 0x00, 0x09, 0x90, 0x01, 0xca, 0x00, 0x99, 0x00,
    0x01, 0xca, 0x00, 0x98, 0x00, 0x00, 0x98, 0x00, 0x00, 0x98, 0x00, 0x00, 0x98, 0x00, 0x00, 0x98,
    0x00, 0x00, 0x98, 0x00, 0x00, 0x98, 0x00, 0x00, 0x98, 0x00, 0x00, 0x98, 0x00, 0x00, 0x98, 0x00,
    0x00, 0x9f, 0xff, 0xff, 0x00, 0x71, 0x00, 0x00, 0x00, 0x04, 0x40, 0x00, 0xb7, 0x00, 0x00, 0x00,
    0x0c, 0x60, 0x00, 0xde, 0x10, 0x00, 0x00, 0x4f, 0x80, 0x00, 0xfb, 0x70, 0x00, 0x00, 0xcb, 0xa0,
    0x02, 0xe2, 0xe1, 0x00, 0x05, 0xd4, 0xd0, 0x05, 0xb0, 0x98, 0x00, 0x0c, 0x51, 0xf0, 0x07, 0x90,
    0x2e, 0x10, 0x5c, 0x00, 0xe2, 0x09, 0x70, 0x09, 0x90, 0xd5, 0x00, 0xc4, 0x0b, 0x50, 0x02, 0xe7,
    0xc0, 0x00, 0xa7, 0x0e, 0x30, 0x00, 0x8f, 0x40, 0x00, 0x89, 0x1f, 0x10, 0x00, 0x1b, 0x00, 0x00,
    0x6b, 0x83, 0x00, 0x00, 0x00, 0xb7, 0x9d, 0x20, 0x00, 0x00, 0xb7, 0x9e, 0xd1, 0x00, 0x00, 0xb7,
    0x99, 0xac, 0x10, 0x00, 0xb7, 0x99, 0x0b, 0xb0, 0x00, 0xb7, 0x99, 0x01, 0xca, 0x00, 0xb7, 0x99,
    0x00, 0x1d, 0x80, 0xb7, 0x99, 0x00, 0x02, 0xd7, 0xb7, 0x99, 0x00, 0x00, 0x2e, 0xe7, 0x99, 0x00,
    0x00, 0x03, 0xe7, 0x99, 0x00, 0x00, 0x00, 0x46, 0x00, 0x00, 0x38, 0xaa, 0x82, 0x00, 0x00, 0x01,
    0xae, 0x96, 0x7a, 0xf8, 0x00, 0x00, 0xbc, 0x10, 0x00, 0x02, 0xd9, 0x00, 0x6d, 0x10, 0x00, 0x00,
    0x02, 0xe4, 0x0c, 0x60, 0x00, 0x00, 0x00, 0x08, 0xb0, 0xf3, 0x00, 0x00, 0x00, 0x00, 0x4e, 0x1f,
    0x20, 0x00, 0x00, 0x00, 0x03, 0xf0, 0xe4, 0x00, 0x00, 0x00, 0x00, 0x5d, 0x0a, 0x90, 0x00, 0x00,
    0x00, 0x0a, 0x80, 0x3e, 0x40, 0x00, 0x00, 0x05, 0xe2, 0x00, 0x6f, 0x71, 0x00, 0x18, 0xe4, 0x00,
    0x00, 0x4c, 0xfd, 0xdf, 0xb3, 0x00, 0x00, 0x00, 0x02, 0x44, 0x20, 0x00, 0x00, 0x9f, 0xff, 0xeb,
    0x40, 0x98, 0x00, 0x27, 0xe2, 0x98, 0x00, 0x00, 0xb8, 0x98, 0x00, 0x00, 0xb7, 0x98, 0x00, 0x16,
    0xf3, 0x9f, 0xff, 0xeb, 0x40, 0x98, 0x00, 0x00, 0x00, 0x98, 0x00, 0x00, 0x00, 0x98, 0x00, 0x00,
    0x00, 0x98, 0x00, 0x00, 0x00, 0x98, 0x00, 0x00, 0x00, 0x00, 0x00, 0x00, 0x00, 0x00, 0x00, 0x00,
    0x00, 0x18, 0xdf, 0xfd, 0x71, 0x00, 0x00, 0x3e, 0xd6, 0x34, 0x7d, 0xd2, 0x00, 0x1e, 0xa0, 0x00,
    0x00, 0x1b, 0xd1, 0x09, 0xd0, 0x00, 0x00, 0x00, 0x1d, 0x70, 0xe6, 0x00, 0x00, 0x00, 0x00, 0x7c,
    0x1f, 0x20, 0x00, 0x00, 0x00, 0x03, 0xe1, 0xf2, 0x00, 0x00, 0x00, 0x00, 0x3e, 0x0d, 0x50, 0x00,
    0x0a, 0x90, 0x06, 0xc0, 0x8b, 0x00, 0x00, 0x2e, 0x60, 0xc7, 0x01, 0xd7, 0x00, 0x00, 0x4e, 0xac,
    0x00, 0x02, 0xda, 0x31, 0x14, 0xdf, 0x40, 0x00, 0x01, 0x7c, 0xee, 0xc6, 0xab, 0x00, 0x00, 0x00,
    0x00, 0x00, 0x01, 0xe6, 0x8f, 0xff, 0xeb, 0x40, 0x89, 0x00, 0x16, 0xe3, 0x89, 0x00, 0x00, 0xa9,
    0x89, 0x00, 0x00, 0xa9, 0x89, 0x00, 0x16, 0xf4, 0x8f, 0xff, 0xeb, 0x40, 0x89, 0x5e, 0x20, 0x00,
    0x89, 0x07, 0xd1, 0x00, 0x89, 0x00, 0xab, 0x00, 0x89, 0x00, 0x1c, 0x90, 0x89, 0x00, 0x02, 0xe6,
    0x01, 0x9d, 0xc5, 0x00, 0xbb, 0x47, 0xf6, 0x0f, 0x30, 0x05, 0x20, 0xe5, 0x00, 0x00, 0x06, 0xe5,
    0x00, 0x00, 0x06, 0xf8, 0x00, 0x00, 0x04, 0xea, 0x00, 0x00, 0x02, 0xe7, 0x00, 0x00, 0x07, 0xd6,
    0x60, 0x00, 0x6d, 0x4e, 0x61, 0x4d, 0x70, 0x4b, 0xed, 0x60, 0xbf, 0xff, 0xff, 0x80, 0x03, 0xf0,
    0x00, 0x00, 0x3f, 0x00, 0x00, 0x03, 0xf0, 0x00, 0x00, 0x3f, 0x00, 0x00, 0x03, 0xf0, 0x00, 0x00,
    0x3f, 0x00, 0x00, 0x03, 0xf0, 0x00, 0x00, 0x3f, 0x00, 0x00, 0x03, 0xf0, 0x00, 0x00, 0x3f, 0x00,
    0x00, 0x89, 0x00, 0x00, 0x1f, 0x18, 0x90, 0x00, 0x01, 0xf1, 0x89, 0x00, 0x00, 0x1f, 0x18, 0x90,
    0x00, 0x01, 0xf1, 0x89, 0x00, 0x00, 0x1f, 0x18, 0x90, 0x00, 0x01, 0xf1, 0x89, 0x00, 0x00, 0x1f,
    0x18, 0x90, 0x00, 0x02, 0xf0, 0x7a, 0x00, 0x00, 0x3e, 0x04, 0xe1, 0x00, 0x09, 0xa0, 0x0a, 0xd6,
    0x6a, 0xe3, 0x00, 0x05, 0xab, 0x92, 0x00, 0x4e, 0x10, 0x00, 0x00, 0x0c, 0x70, 0xc7, 0x00, 0x00,
    0x03, 0xe1, 0x05, 0xd0, 0x00, 0x00, 0xa8, 0x00, 0x0d, 0x50, 0x00, 0x2f, 0x20, 0x00, 0x7c, 0x00,
    0x09, 0xa0, 0x00, 0x01, 0xe3, 0x01, 0xe3, 0x00, 0x00, 0x08, 0xa0, 0x7b, 0x00, 0x00, 0x00, 0x2f,
    0x2e, 0x40, 0x00, 0x00, 0x00, 0xad, 0xd0, 0x00, 0x00, 0x00, 0x03, 0xf6, 0x00, 0x00, 0x00, 0x00,
    0x0a, 0x00, 0x00, 0x00, 0x2f, 0x10, 0x00, 0x09, 0x10, 0x00, 0x0b, 0x70, 0xc6, 0x00, 0x01, 0xf6,
    0x00, 0x01, 0xf2, 0x08, 0xa0, 0x00, 0x7e, 0xc0, 0x00, 0x5d, 0x00, 0x3e, 0x00, 0x0d, 0x5e, 0x30,
    0x09, 0x80, 0x00, 0xe4, 0x04, 0xd0, 0x89, 0x00, 0xd4, 0x00, 0x09, 0x80, 0xb7, 0x02, 0xe1, 0x3e,
    0x00, 0x00, 0x5c, 0x2f, 0x10, 0x0b, 0x77, 0xa0, 0x00, 0x01, 0xfa, 0xa0, 0x00, 0x5d, 0xc5, 0x00,
    0x00, 0x0b, 0xf4, 0x00, 0x00, 0xef, 0x10, 0x00, 0x00, 0x7c, 0x00, 0x00, 0x08, 0xb0, 0x00, 0x00,
    0x02, 0x60, 0x00, 0x00, 0x27, 0x00, 0x00, 0x1d, 0x70, 0x00, 0x0a, 0xa0, 0x04, 0xe2, 0x00, 0x5e,
    0x10, 0x00, 0x9b, 0x01, 0xe6, 0x00, 0x00, 0x1e, 0x59, 0xb0, 0x00, 0x00, 0x05, 0xee, 0x20, 0x00,
    0x00, 0x01, 0xeb, 0x00, 0x00, 0x00, 0x08, 0xce, 0x50, 0x00, 0x00, 0x3f, 0x36, 0xe1, 0x00, 0x00,
    0xc8, 0x00, 0xb9, 0x00, 0x07, 0xd0, 0x00, 0x2e, 0x40, 0x2e, 0x30, 0x00, 0x07, 0xd1, 0x3e, 0x30,
    0x00, 0x0a, 0xa0, 0x8c, 0x00, 0x05, 0xe1, 0x01, 0xd7, 0x01, 0xd6, 0x00, 0x04, 0xe2, 0x9b, 0x00,
    0x00, 0x09, 0xce, 0x20, 0x00, 0x00, 0x1e, 0x80, 0x00, 0x00, 0x00, 0xc5, 0x00, 0x00, 0x00, 0x0c,
    0x50, 0x00, 0x00, 0x00, 0xc5, 0x00, 0x00, 0x00, 0x0c, 0x50, 0x00, 0x00, 0x00, 0xc5, 0x00, 0x00,
    0x1f, 0xff, 0xff, 0xc0, 0x00, 0x01, 0xe4, 0x00, 0x00, 0x7c, 0x00, 0x00, 0x0e, 0x50, 0x00, 0x06,
    0xd0, 0x00, 0x00, 0xd5, 0x00, 0x00, 0x6d, 0x00, 0x00, 0x0d, 0x60, 0x00, 0x05, 0xd0, 0x00, 0x00,
    0xc7, 0x00, 0x00, 0x5f, 0xff, 0xff, 0xc0, 0xbf, 0xdb, 0x50, 0xb5, 0x0b, 0x50, 0xb5, 0x0b, 0x50,
    0xb5, 0x0b, 0x50, 0xb5, 0x0b, 0x50, 0xb5, 0x0b, 0x50, 0xb5, 0x0b, 0x50, 0xbf, 0xd0, 0x3e, 0x10,
    0x00, 0x00, 0x00, 0x0a, 0x80, 0x00, 0x00, 0x00, 0x02, 0xe1, 0x00, 0x00, 0x00, 0x00, 0x99, 0x00,
    0x00, 0x00, 0x00, 0x2e, 0x20, 0x00, 0x00, 0x00, 0x08, 0xa0, 0x00, 0x00, 0x00, 0x01, 0xe3, 0x00,
    0x00, 0x00, 0x00, 0x7b, 0x00, 0x00, 0x00, 0x00, 0x1e, 0x30, 0x00, 0x00, 0x00, 0x06, 0xb0, 0x00,
    0x00, 0x00, 0x00, 0xd4, 0x00, 0x00, 0x00, 0x00, 0x5c, 0x00, 0x00, 0x00, 0x00, 0x0c, 0x50, 0x00,
    0x00, 0x00, 0x04, 0xd0, 0x4f, 0xf5, 0x00, 0xb5, 0x00, 0xb5, 0x00, 0xb5, 0x00, 0xb5, 0x00, 0xb5,
    0x00, 0xb5, 0x00, 0xb5, 0x00, 0xb5, 0x00, 0xb5, 0x00, 0xb5, 0x00, 0xb5, 0x00, 0xb5, 0x00, 0xb5,
    0x4f, 0xf5, 0x00, 0x00, 0x5f, 0x20, 0x00, 0x00, 0x00, 0xc9, 0x90, 0x00, 0x00, 0x05, 0xa1, 0xd2,
    0x00, 0x00, 0x0c, 0x30, 0x79, 0x00, 0x00, 0x5a, 0x00, 0x1d, 0x20, 0x00, 0xc3, 0x00, 0x07, 0x90,
    0x05, 0xa0, 0x00, 0x01, 0xd2, 0x0c, 0x30, 0x00, 0x00, 0x79, 0xff, 0xff, 0xff, 0xff, 0x08, 0xd1,
    0x00, 0x06, 0xc1, 0x00, 0x04, 0x9a, 0x71, 0x35, 0x00, 0xad, 0x76, 0xad, 0x8a, 0x08, 0xc1, 0x00,
    0x04, 0xfa, 0x0e, 0x40, 0x00, 0x00, 0x9a, 0x2f, 0x00, 0x00, 0x00, 0x6a, 0x2f, 0x10, 0x00, 0x00,
    0x7a, 0x0d, 0x60, 0x00, 0x00, 0xca, 0x04, 0xe4, 0x00, 0x09, 0xea, 0x00, 0x5e, 0xcb, 0xe9, 0x6a,
    0x00, 0x00, 0x44, 0x20, 0x00, 0xb6, 0x00, 0x00, 0x00, 0x00, 0xb6, 0x00, 0x00, 0x00, 0x00, 0xb6,
    0x00, 0x00, 0x00, 0x00, 0xb6, 0x4b, 0xed, 0x91, 0x00, 0xbb, 0xe8, 0x57, 0xdd, 0x10, 0xbf, 0x30,
    0x00, 0x1c, 0xa0, 0xb8, 0x00, 0x00, 0x04, 0xf0, 0xb5, 0x00, 0x00, 0x00, 0xf2, 0xb6, 0x00, 0x00,
    0x01, 0xf1, 0xbc, 0x00, 0x00, 0x07, 0xa0, 0xbb, 0x90, 0x00, 0x5d, 0x20, 0x84, 0x5b, 0xbc, 0xa2,
    0x00, 0x00, 0x00, 0x00, 0x00, 0x00, 0x00, 0x18, 0xdf, 0xe9, 0x20, 0x01, 0xda, 0x31, 0x28, 0xe3,
    0x0a, 0x90, 0x00, 0x00, 0x41, 0x0f, 0x20, 0x00, 0x00, 0x00, 0x2f, 0x00, 0x00, 0x00, 0x00, 0x1f,
    0x20, 0x00, 0x00, 0x00, 0x0a, 0xa0, 0x00, 0x00, 0x41, 0x02, 0xda, 0x20, 0x28, 0xe3, 0x00, 0x19,
    0xdf, 0xd9, 0x20, 0x00, 0x00, 0x00, 0x00, 0x6b, 0x00, 0x00, 0x00, 0x00, 0x6b, 0x00, 0x00, 0x00,
    0x00, 0x6b, 0x00, 0x18, 0xde, 0xb4, 0x6b, 0x01, 0xdd, 0x76, 0x9f, 0xab, 0x0a, 0xd1, 0x00, 0x04,
    0xfb, 0x1f, 0x40, 0x00, 0x00, 0x9b, 0x2f, 0x00, 0x00, 0x00, 0x6b, 0x1f, 0x10, 0x00, 0x00, 0x6b,
    0x0b, 0x60, 0x00, 0x00, 0xbb, 0x02, 0xd4, 0x00, 0x19, 0xcb, 0x00, 0x2a, 0xcb, 0xb5, 0x48, 0x00,
    0x00, 0x00, 0x00, 0x00, 0x00, 0x04, 0x88, 0x61, 0x00, 0x00, 0x9d, 0x87, 0xbd, 0x30, 0x07, 0xc1,
    0x00, 0x06, 0xd0, 0x0e, 0x40, 0x00, 0x00, 0xc5, 0x2f, 0xff, 0xff, 0xff, 0xf8, 0x2f, 0x10, 0x00,
    0x00, 0x00, 0x0c, 0x60, 0x00, 0x01, 0xc1, 0x03, 0xe7, 0x21, 0x4d, 0x80, 0x00, 0x3a, 0xee, 0xc6,
    0x00, 0x00, 0x14, 0x10, 0x1e, 0xca, 0x03, 0xd0, 0x00, 0x4c, 0x00, 0x6f, 0xff, 0x90, 0x4c, 0x00,
    0x04, 0xc0, 0x00, 0x4c, 0x00, 0x04, 0xc0, 0x00, 0x4c, 0x00, 0x04, 0xc0, 0x00, 0x4c, 0x00, 0x00,
    0x06, 0xbc, 0xa3, 0x37, 0x01, 0xce, 0x86, 0x9e, 0xac, 0x09, 0xd1, 0x00, 0x03, 0xfc, 0x0e, 0x40,
    0x00, 0x00, 0x8c, 0x1f, 0x10, 0x00, 0x00, 0x5c, 0x0e, 0x20, 0x00, 0x00, 0x7c, 0x09, 0x90, 0x00,
    0x01, 0xdb, 0x01, 0xca, 0x43, 0x5c, 0xab, 0x00, 0x06, 0xab, 0x82, 0x6a, 0x08, 0x40, 0x00, 0x00,
    0xb6, 0x04, 0xe7, 0x10, 0x3a, 0xc1, 0x00, 0x3a, 0xef, 0xd8, 0x10, 0xc5, 0x00, 0x00, 0x00, 0xc5,
    0x00, 0x00, 0x00, 0xc5, 0x00, 0x00, 0x00, 0xc5, 0x3a, 0xca, 0x20, 0xca, 0xe6, 0x5a, 0xe1, 0xce,
    0x20, 0x00, 0xc6, 0xc7, 0x00, 0x00, 0x89, 0xc5, 0x00, 0x00, 0x79, 0xc5, 0x00, 0x00, 0x7a, 0xc5,
    0x00, 0x00, 0x7a, 0xc5, 0x00, 0x00, 0x7a, 0xc5, 0x00, 0x00, 0x7a, 0x1a, 0x33, 0xf6, 0x00, 0x00,
    0x71, 0x0e, 0x20, 0xe2, 0x0e, 0x20, 0xe2, 0x0e, 0x20, 0xe2, 0x0e, 0x20, 0xe2, 0x1a, 0x32, 0xf6,
    0x00, 0x00, 0x61, 0x0e, 0x30, 0xe3, 0x0e, 0x30, 0xe3, 0x0e, 0x30, 0xe3, 0x0e, 0x30, 0xe3, 0x0e,
    0x34, 0xf2, 0xaa, 0x00, 0xe2, 0x00, 0x00, 0x0e, 0x20, 0x00, 0x00, 0xe2, 0x00, 0x00, 0x0e, 0x20,
    0x03, 0xa3, 0xe2, 0x04, 0xe6, 0x0e, 0x26, 0xe5, 0x00, 0xe9, 0xe3, 0x00, 0x0e, 0xf5, 0x00, 0x00,
    0xe9, 0xe3, 0x00, 0x0e, 0x25, 0xe4, 0x00, 0xe2, 0x04, 0xe5, 0x0e, 0x20, 0x03, 0xe6, 0xe2, 0xe2,
    0xe2, 0xe2, 0xe2, 0xe2, 0xe2, 0xe2, 0xe2, 0xe2, 0xe2, 0xe2, 0x62, 0x39, 0xa6, 0x00, 0x5a, 0xa4,
    0x0c, 0x9c, 0x66, 0xd7, 0x7b, 0x67, 0xe5, 0xcd, 0x10, 0x03, 0xeb, 0x00, 0x06, 0xbc, 0x70, 0x00,
    0x0f, 0x40, 0x00, 0x4d, 0xc5, 0x00, 0x00, 0xf2, 0x00, 0x03, 0xec, 0x50, 0x00, 0x0f, 0x10, 0x00,
    0x3e, 0xc4, 0x00, 0x00, 0xf1, 0x00, 0x03, 0xec, 0x40, 0x00, 0x0f, 0x10, 0x00, 0x3e, 0xc4, 0x00,
    0x00, 0xf1, 0x00, 0x03, 0xe0, 0x62, 0x28, 0xb8, 0x10, 0xc8, 0xd6, 0x5a, 0xd1, 0xce, 0x20, 0x00,
    0xc6, 0xc7, 0x00, 0x00, 0x89, 0xc5, 0x00, 0x00, 0x79, 0xc5, 0x00, 0x00, 0x7a, 0xc5, 0x00, 0x00,
    0x7a, 0xc5, 0x00, 0x00, 0x7a, 0xc5, 0x00, 0x00, 0x7a, 0x00, 0x05, 0x9a, 0x71, 0x00, 0x00, 0xad,
    0x86, 0xae, 0x40, 0x08, 0xd1, 0x00, 0x06, 0xe1, 0x0e, 0x40, 0x00, 0x00, 0xb7, 0x2f, 0x00, 0x00,
    0x00, 0x89, 0x2f, 0x10, 0x00, 0x00, 0x89, 0x0d, 0x60, 0x00, 0x01, 0xd5, 0x05, 0xe4, 0x00, 0x1a,
    0xc0, 0x00, 0x5e, 0xdc, 0xeb, 0x10, 0x00, 0x00, 0x45, 0x20, 0x00, 0x73, 0x39, 0xcb, 0x60, 0x00,
    0xc9, 0xe9, 0x68, 0xeb, 0x00, 0xcf, 0x30, 0x00, 0x1d, 0x80, 0xc8, 0x00, 0x00, 0x05, 0xe0, 0xc4,
    0x00, 0x00, 0x01, 0xf1, 0xc5, 0x00, 0x00, 0x02, 0xf0, 0xca, 0x00, 0x00, 0x07, 0xa0, 0xcd, 0x80,
    0x00, 0x5e, 0x20, 0xc5, 0x7d, 0xbc, 0xc3, 0x00, 0xc5, 0x00, 0x21, 0x00, 0x00, 0xc5, 0x00, 0x00,
    0x00, 0x00, 0xc5, 0x00, 0x00, 0x00, 0x00, 0x00, 0x07, 0xbc, 0x92, 0x36, 0x01, 0xcd, 0x86, 0x9e,
    0x9a, 0x09, 0xd1, 0x00, 0x04, 0xfa, 0x1f, 0x40, 0x00, 0x00, 0x9a, 0x2f, 0x00, 0x00, 0x00, 0x6a,
    0x1f, 0x10, 0x00, 0x00, 0x6a, 0x0c, 0x60, 0x00, 0x00, 0xba, 0x03, 0xe4, 0x00, 0x19, 0xda, 0x00,
    0x3c, 0xcb, 0xd7, 0x6a, 0x00, 0x00, 0x22, 0x00, 0x6a, 0x00, 0x00, 0x00, 0x00, 0x6a, 0x00, 0x00,
    0x00, 0x00, 0x6a, 0x27, 0x2a, 0x63, 0xec, 0x72, 0x3f, 0x60, 0x03, 0xf1, 0x00, 0x3f, 0x00, 0x03,
    0xe0, 0x00, 0x3e, 0x00, 0x03, 0xe0, 0x00, 0x3e, 0x00, 0x00, 0x05, 0xde, 0x80, 0x1e, 0x43, 0xa3,
    0x2d, 0x00, 0x00, 0x0c, 0xa1, 0x00, 0x01, 0xae, 0x50, 0x00, 0x03, 0xe3, 0x00, 0x00, 0x97, 0x49,
    0x12, 0xd4, 0x19, 0xed, 0x60, 0x00, 0xc4, 0x00, 0x00, 0xc4, 0x00, 0x00, 0xc4, 0x00, 0x00, 0xc4,
    0x00, 0x5f, 0xff, 0xf0, 0x00, 0xc4, 0x00, 0x00, 0xc4, 0x00, 0x00, 0xc4, 0x00, 0x00, 0xc4, 0x00,
    0x00, 0xc4, 0x00, 0x00, 0xc5, 0x00, 0x00, 0x8f, 0x90, 0xe3, 0x00, 0x00, 0x98, 0xe3, 0x00, 0x00,
    0x98, 0xe3, 0x00, 0x00, 0x98, 0xe3, 0x00, 0x00, 0x98, 0xd3, 0x00, 0x00, 0x98, 0xd3, 0x00, 0x00,
    0xc8, 0xa8, 0x00, 0x05, 0xf8, 0x3e, 0x85, 0x8c, 0xa8, 0x03, 0x9a, 0x71, 0x44, 0x5c, 0x00, 0x00,
    0x1e, 0x30, 0xd5, 0x00, 0x07, 0xa0, 0x05, 0xc0, 0x01, 0xe3, 0x00, 0x0d, 0x40, 0x6b, 0x00, 0x00,
    0x6b, 0x0d, 0x30, 0x00, 0x00, 0xd9, 0xb0, 0x00, 0x00, 0x06, 0xf4, 0x00, 0x00, 0x00, 0x0a, 0x00,
    0x00, 0xb6, 0x00, 0x00, 0x90, 0x00, 0x02, 0xe1, 0x4d, 0x00, 0x03, 0xf6, 0x00, 0x09, 0x80, 0x0c,
    0x50, 0x0a, 0xbd, 0x00, 0x1e, 0x20, 0x05, 0xb0, 0x2e, 0x1c, 0x50, 0x79, 0x00, 0x00, 0xd3, 0x88,
    0x05, 0xc0, 0xe2, 0x00, 0x00, 0x7a, 0xe2, 0x00, 0xda, 0xa0, 0x00, 0x00, 0x1e, 0x90, 0x00, 0x6f,
    0x30, 0x00, 0x00, 0x08, 0x20, 0x00, 0x0a, 0x00, 0x00, 0x4e, 0x20, 0x06, 0xd1, 0x08, 0xc0, 0x3e,
    0x30, 0x00, 0xb9, 0xd6, 0x00, 0x00, 0x2e, 0xb0, 0x00, 0x00, 0x5e, 0xe2, 0x00, 0x02, 0xe3, 0x8b,
    0x00, 0x0c, 0x70, 0x0c, 0x80, 0x9b, 0x00, 0x02, 0xe4, 0x7a, 0x00, 0x00, 0x1e, 0x21, 0xe3, 0x00,
    0x07, 0xa0, 0x08, 0xa0, 0x00, 0xd4, 0x00, 0x1e, 0x20, 0x6c, 0x00, 0x00, 0x99, 0x0c, 0x50, 0x00,
    0x02, 0xe6, 0xd0, 0x00, 0x00, 0x0a, 0xf6, 0x00, 0x00, 0x00, 0x5e, 0x00, 0x00, 0x00, 0x0a, 0x70,
    0x00, 0x00, 0x02, 0xe1, 0x00, 0x00, 0x00, 0x98, 0x00, 0x00, 0x00, 0x7f, 0xff, 0xff, 0x60, 0x00,
    0x07, 0xb0, 0x00, 0x03, 0xe2, 0x00, 0x00, 0xc5, 0x00, 0x00, 0x8a, 0x00, 0x00, 0x3d, 0x10, 0x00,
    0x1d, 0x40, 0x00, 0x09, 0xff, 0xff, 0xf9, 0x00, 0x2c, 0xf2, 0x00, 0x9d, 0x40, 0x00, 0xb8, 0x00,
    0x00, 0xc8, 0x00, 0x00, 0xc7, 0x00, 0x00, 0xe6, 0x00, 0x17, 0xf2, 0x00, 0x6f, 0x50, 0x00, 0x18,
    0xd1, 0x00, 0x00, 0xe5, 0x00, 0x00, 0xc7, 0x00, 0x00, 0xc8, 0x00, 0x00, 0xb8, 0x00, 0x00, 0x9b,
    0x10, 0x00, 0x2c, 0xf2, 0xc4, 0xc4, 0xc4, 0xc4, 0xc4, 0xc4, 0xc4, 0xc4, 0xc4, 0xc4, 0xc4, 0xc4,
    0xc4, 0xc4, 0xc4, 0xc4, 0x7e, 0x90, 0x00, 0x27, 0xf3, 0x00, 0x00, 0xe5, 0x00, 0x00, 0xe6, 0x00,
    0x00, 0xd6, 0x00, 0x00, 0xc8, 0x00, 0x00, 0x7e, 0x40, 0x00, 0x0a, 0xf0, 0x00, 0x5e, 0x40, 0x00,
    0xb8, 0x00, 0x00, 0xd6, 0x00, 0x00, 0xe6, 0x00, 0x00, 0xe5, 0x00, 0x03, 0xf3, 0x00, 0x7e, 0x90,
    0x00, 0x07, 0xdc, 0x71, 0x00, 0x32, 0xb5, 0x6c, 0xfb, 0xcb, 0x00, 0x00, 0x03, 0x76, 0x00, 0x1b,
    0x20, 0x00, 0x00, 0x09, 0x40, 0x6d, 0x20, 0x00, 0x0a, 0xb1, 0x00, 0x7d, 0x20, 0x0a, 0xc1, 0x00,
    0x00, 0x7d, 0x2a, 0xc1, 0x00, 0x00, 0x00, 0x8f, 0xc1, 0x00, 0x00, 0x00, 0x08, 0xfc, 0x10, 0x00,
    0x00, 0x07, 0xd2, 0xac, 0x10, 0x00, 0x07, 0xd2, 0x00, 0xac, 0x10, 0x06, 0xd2, 0x00, 0x00, 0xab,
    0x10, 0xb2, 0x00, 0x00, 0x00, 0x94, 0xff, 0xff, 0xff, 0xff, 0xff, 0xff, 0xff, 0xff, 0x4e, 0x60,
    0x01, 0xdb, 0x00, 0x08, 0xe3, 0x5f, 0x70, 0x01, 0xec, 0x00, 0x09, 0xf4, 0x02, 0x00, 0x00, 0x11,
    0x00, 0x00, 0x10, 0x00, 0x04, 0x50, 0x00, 0x00, 0x1d, 0xd1, 0x00, 0x00, 0x8f, 0xf8, 0x00, 0x03,
    0xff, 0xff, 0x20, 0x0c, 0xff, 0xff, 0xa0, 0x16, 0x6b, 0xa6, 0x61, 0x00, 0x08, 0x80, 0x00, 0x00,
    0x08, 0x80, 0x00, 0x00, 0x08, 0x80, 0x00, 0x00, 0x08, 0x80, 0x00, 0x00, 0x08, 0x80, 0x00, 0x00,
    0x08, 0x80, 0x00, 0x00, 0x08, 0x80, 0x00, 0x00, 0x08, 0x80, 0x00, 0x00, 0x08, 0x80, 0x00, 0x00,
    0x00, 0x00, 0x00, 0x00, 0xa1, 0x00, 0x00, 0x00, 0x00, 0x00, 0x00, 0x00, 0xee, 0x50, 0x00, 0x00,
    0x00, 0x00, 0x00, 0x00, 0xef, 0xfa, 0x10, 0x4f, 0xff, 0xff, 0xff, 0xff, 0xff, 0xff, 0xc0, 0x00,
    0x00, 0x00, 0x00, 0x00, 0xef, 0xd6, 0x00, 0x00, 0x00, 0x00, 0x00, 0x00, 0xb5, 0x00, 0x00, 0x00,
    0x07, 0x90, 0x00, 0x00, 0x07, 0x90, 0x00, 0x00, 0x07, 0x90, 0x00, 0x00, 0x07, 0x90, 0x00, 0x00,
    0x07, 0x90, 0x00, 0x00, 0x07, 0x90, 0x00, 0x00, 0x07, 0x90, 0x00, 0x00, 0x07, 0x90, 0x00, 0x00,
    0x07, 0x90, 0x00, 0x0c, 0xff, 0xff, 0xe2, 0x03, 0xff, 0xff, 0x60, 0x00, 0x8f, 0xfb, 0x00, 0x00,
    0x1d, 0xe2, 0x00, 0x00, 0x04, 0x50, 0x00, 0x75, 0x00, 0x00, 0x00, 0x00, 0x00, 0x00, 0x3f, 0xd5,
    0x00, 0x00, 0x00, 0x00, 0x00, 0x0c, 0xff, 0xd1, 0x00, 0x00, 0x00, 0x00, 0x05, 0xff, 0x70, 0x00,
    0x00, 0x00, 0x00, 0x00, 0xd8, 0xc2, 0x00, 0x00, 0x00, 0x00, 0x00, 0x20, 0x3c, 0x20, 0x00, 0x00,
    0x00, 0x00, 0x00, 0x03, 0xc1, 0x00, 0x00, 0x00, 0x00, 0x00, 0x00, 0x4c, 0x10, 0x00, 0x00, 0x00,
    0x00, 0x00, 0x04, 0xc1, 0x00, 0x00, 0x00, 0x00, 0x00, 0x00, 0x4c, 0x10, 0x00, 0x00, 0x00, 0x00,
    0x00, 0x05, 0xb1, 0x00, 0x00, 0x00, 0x00, 0x00, 0x00, 0x5b, 0x10, 0x00, 0x00, 0x00, 0x00, 0x00,
    0x05, 0xb0, 0x00, 0x00, 0x00, 0x00, 0x00, 0x00, 0x66, 0x00, 0x00, 0x00, 0x00, 0x00, 0x00, 0x66,
    0x00, 0x00, 0x00, 0x00, 0x00, 0x6d, 0xf2, 0x00, 0x00, 0x00, 0x00, 0x2d, 0xff, 0xa0, 0x00, 0x00,
    0x00, 0x00, 0x08, 0xff, 0x30, 0x00, 0x00, 0x00, 0x00, 0x3c, 0x9c, 0x00, 0x00, 0x00, 0x00, 0x02,
    0xc2, 0x01, 0x00, 0x00, 0x00, 0x00, 0x2c, 0x30, 0x00, 0x00, 0x00, 0x00, 0x02, 0xc3, 0x00, 0x00,
    0x00, 0x00, 0x00, 0x2c, 0x30, 0x00, 0x00, 0x00, 0x00, 0x01, 0xc3, 0x00, 0x00, 0x00, 0x00, 0x00,
    0x1c, 0x40, 0x00, 0x00, 0x00, 0x00, 0x01, 0xc4, 0x00, 0x00, 0x00, 0x00, 0x00, 0x1c, 0x40, 0x00,
    0x00, 0x00, 0x00, 0x00, 0x75, 0x00, 0x00, 0x00, 0x00, 0x00, 0x00, 0x75, 0x00, 0x00, 0x00, 0x00,
    0x00, 0x00, 0x0a, 0x60, 0x00, 0x00, 0x00, 0x00, 0x00, 0x00, 0xa6, 0x00, 0x00, 0x00, 0x00, 0x00,
    0x00, 0x09, 0x70, 0x00, 0x00, 0x00, 0x00, 0x00, 0x00, 0x88, 0x00, 0x00, 0x00, 0x00, 0x00, 0x00,
    0x08, 0x80, 0x00, 0x00, 0x00, 0x00, 0x00, 0x00, 0x79, 0x00, 0x00, 0x00, 0x00, 0x00, 0x00, 0x06,
    0xa0, 0x00, 0x00, 0x00, 0x00, 0x00, 0x00, 0x6a, 0x39, 0x00, 0x00, 0x00, 0x00, 0x00, 0x08, 0xff,
    0x20, 0x00, 0x00, 0x00, 0x00, 0x2e, 0xff, 0x90, 0x00, 0x00, 0x00, 0x00, 0x01, 0x8e, 0xf2, 0x00,
    0x00, 0x00, 0x00, 0x00, 0x01, 0x66, 0x00, 0x00, 0x00, 0x00, 0x00, 0x00, 0x66, 0x00, 0x00, 0x00,
    0x00, 0x00, 0x07, 0x90, 0x00, 0x00, 0x00, 0x00, 0x00, 0x79, 0x00, 0x00, 0x00, 0x00, 0x00, 0x08,
    0x80, 0x00, 0x00, 0x00, 0x00, 0x00, 0x97, 0x00, 0x00, 0x00, 0x00, 0x00, 0x09, 0x70, 0x00, 0x00,
    0x00, 0x00, 0x00, 0xa6, 0x00, 0x00, 0x00, 0x00, 0x00, 0x0a, 0x50, 0x00, 0x00, 0x00, 0x00, 0x93,
    0xa5, 0x00, 0x00, 0x00, 0x00, 0x03, 0xff, 0x70, 0x00, 0x00, 0x00, 0x00, 0x0a, 0xff, 0xd1, 0x00,
    0x00, 0x00, 0x00, 0x3f, 0xe7, 0x10, 0x00, 0x00, 0x00, 0x00, 0x76, 0x00, 0x00, 0x00, 0x00, 0x00,
    0x00, 0x00, 0x00, 0x00, 0x63, 0x00, 0x00, 0x00, 0x00, 0x00, 0x01, 0xec, 0x00, 0x00, 0x00, 0x00,
    0x00, 0x08, 0xff, 0x60, 0x00, 0x00, 0x00, 0x00, 0x2f, 0xff, 0xe1, 0x00, 0x00, 0x00, 0x00, 0xbf,
    0xff, 0xf9, 0x00, 0x00, 0x00, 0x04, 0xff, 0xff, 0xff, 0x30, 0x00, 0x00, 0x0d, 0xff, 0xff, 0xff,
    0xc0, 0x00, 0x00, 0x7f, 0xff, 0xff, 0xff, 0xf6, 0x00, 0x01, 0xef, 0xff, 0xff, 0xff, 0xfe, 0x10,
    0x09, 0xff, 0xff, 0xff, 0xff, 0xff, 0x80, 0x3f, 0xff, 0xff, 0xff, 0xff, 0xff, 0xf3, 0x96, 0x00,
    0x00, 0x00, 0x00, 0x00, 0xbf, 0xd6, 0x00, 0x00, 0x00, 0x00, 0xbf, 0xff, 0xe7, 0x10, 0x00, 0x00,
    0xbf, 0xff, 0xff, 0xe7, 0x10, 0x00, 0xbf, 0xff, 0xff, 0xff, 0xe8, 0x10, 0xbf, 0xff, 0xff, 0xff,
    0xff, 0xe2, 0xbf, 0xff, 0xff, 0xff, 0xe8, 0x10, 0xbf, 0xff, 0xff, 0xe7, 0x10, 0x00, 0xbf, 0xff,
    0xe7, 0x10, 0x00, 0x00, 0xbf, 0xd6, 0x00, 0x00, 0x00, 0x00, 0x96, 0x00, 0x00, 0x00, 0x00, 0x00,
    0x4f, 0xff, 0xff, 0xff, 0xff, 0xff, 0xf4, 0x0b, 0xff, 0xff, 0xff, 0xff, 0xff, 0xc0, 0x04, 0xff,
    0xff, 0xff, 0xff, 0xff, 0x40, 0x00, 0xbf, 0xff, 0xff, 0xff, 0xfc, 0x00, 0x00, 0x4f, 0xff, 0xff,
    0xff, 0xf4, 0x00, 0x00, 0x0b, 0xff, 0xff, 0xff, 0xc0, 0x00, 0x00, 0x04, 0xff, 0xff, 0xff, 0x40,
    0x00, 0x00, 0x00, 0xbf, 0xff, 0xfc, 0x00, 0x00, 0x00, 0x00, 0x4f, 0xff, 0xf4, 0x00, 0x00, 0x00,
    0x00, 0x0b, 0xff, 0xb0, 0x00, 0x00, 0x00, 0x00, 0x04, 0xff, 0x40, 0x00, 0x00, 0x00, 0x00, 0x00,
    0xbb, 0x00, 0x00, 0x00, 0x00, 0x00, 0x00, 0x44, 0x00, 0x00, 0x00, 0x00, 0x00, 0x00, 0x00, 0x01,
    0x77, 0x00, 0x00, 0x00, 0x01, 0x8e, 0xf9, 0x00, 0x00, 0x01, 0x8e, 0xff, 0xf9, 0x00, 0x02, 0x8e,
    0xff, 0xff, 0xf9, 0x02, 0x9f, 0xff, 0xff, 0xff, 0xf9, 0x4e, 0xff, 0xff, 0xff, 0xff, 0xf9, 0x02,
    0x9f, 0xff, 0xff, 0xff, 0xf9, 0x00, 0x02, 0x9e, 0xff, 0xff, 0xf9, 0x00, 0x00, 0x01, 0x8e, 0xff,
    0xf9, 0x00, 0x00, 0x00, 0x01, 0x8e, 0xf9, 0x00, 0x00, 0x00, 0x00, 0x01, 0x77, 0x00, 0x00, 0x00,
    0x80, 0x00, 0x00, 0x00, 0x00, 0x00, 0x4e, 0x60, 0x00, 0x00, 0x00, 0x00, 0x0c, 0x3c, 0x10, 0x00,
    0x00, 0x00, 0x06, 0x90, 0x77, 0x00, 0x00, 0x00, 0x01, 0xd1, 0xe0, 0xc1, 0x00, 0x00, 0x00, 0x77,
    0x0d, 0x06, 0x90, 0x00, 0x00, 0x1d, 0x00, 0xc0, 0x0c, 0x20, 0x00, 0x09, 0x60, 0x0b, 0x00, 0x4a,
    0x00, 0x03, 0xc0, 0x00, 0x60, 0x00, 0xb3, 0x00, 0xb4, 0x00, 0x05, 0x00, 0x03, 0xb0, 0x4b, 0x00,
    0x00, 0x60, 0x00, 0x0a, 0x5a, 0xdd, 0xdd, 0xdd, 0xdd, 0xdd, 0xdb, 0x00, 0x00, 0x00, 0x00, 0x19,
    0xd4, 0x00, 0x00, 0x00, 0x00, 0xbf, 0x40, 0x00, 0x00, 0x00, 0x08, 0xf6, 0x00, 0x00, 0x00, 0x00,
    0x4f, 0x90, 0x00, 0x00, 0x00, 0x00, 0xdd, 0x10, 0x00, 0x00, 0x00, 0x08, 0xf5, 0x00, 0x00, 0x00,
    0x00, 0x2f, 0xa0, 0x00, 0x00, 0x6e, 0x80, 0x9f, 0x30, 0x00, 0x00, 0x4f, 0xf9, 0xfa, 0x00, 0x00,
    0x00, 0x06, 0xff, 0xf3, 0x00, 0x00, 0x00, 0x00, 0x00, 0x00, 0x00, 0x04, 0xce, 0x90, 0x00, 0x00,
    0x00, 0x04, 0xff, 0xe3, 0x00, 0x00, 0x00, 0x02, 0xef, 0xe3, 0x00, 0x00, 0x00, 0x00, 0xbf, 0xf5,
    0x00, 0x00, 0x00, 0x00, 0x6f, 0xf9, 0x00, 0x00, 0x00, 0x00, 0x2e, 0xfd, 0x10, 0x00, 0x00, 0x00,
    0x09, 0xff, 0x40, 0x00, 0x01, 0xbe, 0x72, 0xff, 0xb0, 0x00, 0x00, 0x5f, 0xff, 0xef, 0xf3, 0x00,
    0x00, 0x00, 0xbf, 0xff, 0xfb, 0x00, 0x00, 0x00, 0x01, 0xcf, 0xff, 0x40, 0x00, 0x00, 0x00, 0x00,
    0x7a, 0x00, 0x06, 0xc0, 0x00, 0x7f, 0x60, 0x4f, 0x60, 0x00, 0x4f, 0xd2, 0xeb, 0x00, 0x00, 0x1f,
    0xfe, 0xf2, 0x00, 0x00, 0x0c, 0xff, 0x80, 0x00, 0x00, 0x0a, 0xff, 0x10, 0x00, 0x00, 0x4f, 0xff,
    0x00, 0x00, 0x02, 0xef, 0xff, 0x40, 0x00, 0x1d, 0xf9, 0x9f, 0xb0, 0x00, 0x04, 0x40, 0x09, 0xcb,
    0x90, 0xe0, 0x0e, 0x0c, 0x66, 0xd0, 0x29, 0xa2, 0x00, 0x1f, 0xff, 0xff, 0xff, 0xff, 0xff, 0xff,
    0xf1, 0x0b, 0xff, 0xff, 0xff, 0xff, 0xff, 0x90, 0x00, 0x00, 0x00, 0x00, 0x00, 0x00, 0x00, 0x00,
    0x00, 0x00, 0x00, 0x00, 0x00, 0x00, 0x00, 0x00, 0x00, 0x00, 0x00, 0x00, 0x00, 0x00, 0x00, 0x00,
    0x00, 0x00, 0x00, 0x00, 0x00, 0x9f, 0xff, 0xff, 0xff, 0xfb, 0x00, 0x00, 0x00, 0x00, 0x00, 0x00,
    0x00, 0x00, 0x00, 0x00, 0x00, 0x00, 0x00, 0x00, 0x00, 0x00, 0x00, 0x00, 0x00, 0x00, 0x00, 0x00,
    0x11, 0x00, 0x00, 0x00, 0x00, 0x00, 0x11, 0xff, 0xff, 0xff, 0xff, 0xff, 0xff, 0xff, 0x00, 0x00,
    0x00, 0xe4, 0x00, 0x00, 0x00, 0x00, 0x00, 0x00, 0xf1, 0x00, 0x00, 0x00, 0x00, 0x00, 0x00, 0xf1,
    0x00, 0x00, 0x00, 0x00, 0x00, 0x00, 0xf1, 0x00, 0x00, 0x00, 0x00, 0x00, 0x00, 0xf1, 0x00, 0x01,
    0x10, 0x00, 0x00, 0x00, 0xff, 0xff, 0xff, 0xb0, 0x00, 0x00, 0x00, 0xf1, 0x00, 0x01, 0x10, 0x00,
    0x00, 0x00, 0xf1, 0x00, 0x00, 0x00, 0x00, 0x00, 0x00, 0xf1, 0x00, 0x00, 0x00, 0x00, 0x00, 0x00,
    0xf1, 0x00, 0x00, 0x00, 0x00, 0x00, 0x00, 0xf1, 0x00, 0x00, 0x00, 0x00, 0x00, 0x00, 0xf1, 0x00,
    0x00, 0x00, 0x11, 0x10, 0x00, 0xf1, 0x00, 0x00, 0x11, 0xef, 0xff, 0xff, 0xff, 0xff, 0xff, 0xfe,
    0xaf, 0xff, 0xff, 0xff, 0xff, 0xff, 0xfa, 0x11, 0x00, 0x00, 0xd2, 0x00, 0x01, 0x11, 0x00, 0x00,
    0x00, 0xd2, 0x00, 0x00, 0x00, 0x00, 0x00, 0x00, 0xd2, 0x00, 0x00, 0x00, 0x00, 0x00, 0x00, 0xd2,
    0x88, 0x00, 0x00, 0x00, 0x00, 0x00, 0xd2, 0x0a, 0x90, 0x00, 0x00, 0x00, 0x00, 0xd2, 0x00, 0xa9,
    0x00, 0x00, 0x00, 0x00, 0xd2, 0x00, 0x0b, 0x90, 0x00, 0x00, 0x00, 0xd2, 0x00, 0x01, 0x50, 0x00,
    0x00, 0x00, 0xd2, 0x00, 0x00, 0x00, 0x00, 0x00, 0x00, 0xd2, 0x00, 0x00, 0x00, 0x00, 0x00, 0x00,
    0xe2, 0x00, 0x00, 0x00, 0x00, 0x00, 0x00, 0xf3, 0x00, 0x00, 0x00, 0x08, 0x73, 0x10, 0x00, 0x00,
    0x00, 0x14, 0xa2, 0x0a, 0xff, 0xff, 0xff, 0xff, 0xff, 0xff, 0xf2, 0x01, 0x10, 0x00, 0x03, 0xe1,
    0x00, 0x01, 0x10, 0x00, 0x00, 0x00, 0x0c, 0x90, 0x00, 0x00, 0x00, 0x00, 0x00, 0x01, 0xa8, 0x92,
    0xb2, 0x00, 0x00, 0x00, 0x00, 0x3b, 0x46, 0x90, 0x9d, 0x20, 0x00, 0x00, 0x18, 0xd3, 0x06, 0x90,
    0x08, 0xe2, 0x00, 0x07, 0xeb, 0x10, 0x06, 0x90, 0x00, 0x8d, 0x20, 0x06, 0x50, 0x00, 0x06, 0x90,
    0x00, 0x0a, 0xc0, 0x00, 0x00, 0x00, 0x06, 0x90, 0x00, 0x00, 0x20, 0x00, 0x00, 0x00, 0x06, 0x90,
    0x00, 0x00, 0x00, 0x00, 0x00, 0x00, 0x06, 0xa0, 0x00, 0x00, 0x00, 0x00, 0x00, 0x00, 0x07, 0xb0,
    0x00, 0x00, 0x00, 0x00, 0x0c, 0x60, 0x00, 0x00, 0x00, 0x00, 0x00, 0x0d, 0x30, 0x00, 0x00, 0x00,
    0x12, 0x00, 0x0d, 0xff, 0xff, 0xff, 0xff, 0xfd, 0x00, 0x0e, 0x10, 0x00, 0x00, 0x01, 0x12, 0x00,
    0x0f, 0x00, 0x00, 0x00, 0x01, 0x20, 0x00, 0x2f, 0x14, 0x7a, 0xdf, 0xff, 0xf0, 0x00, 0x12, 0x11,
    0x00, 0x00, 0x03, 0xe0, 0x00, 0x00, 0x00, 0x00, 0x00, 0x04, 0xd0, 0x11, 0x00, 0x00, 0x00, 0x12,
    0x14, 0xc0, 0xdf, 0xff, 0xff, 0xff, 0xff, 0x66, 0xb0, 0x21, 0x10, 0x00, 0x01, 0x12, 0x18, 0x90,
    0x00, 0x00, 0x00, 0x00, 0x00, 0x0c, 0x70, 0x00, 0x00, 0x00, 0x00, 0x01, 0x8f, 0x40, 0x00, 0x00,
    0x00, 0x0c, 0xef, 0xfa, 0x00, 0x00, 0x00, 0x00, 0x07, 0xc9, 0x40, 0x00, 0x00, 0x07, 0xff, 0xff,
    0xff, 0xff, 0x50, 0x00, 0x00, 0x06, 0xa0, 0x00, 0x00, 0x0c, 0x40, 0x00, 0x00, 0x06, 0xa0, 0x00,
    0x00, 0x0c, 0x30, 0x00, 0x00, 0x06, 0xa0, 0x00, 0x00, 0x0c, 0x30, 0x00, 0x00, 0x06, 0xff, 0xff,
    0xff, 0xff, 0x30, 0x00, 0x00, 0x06, 0xa0, 0x00, 0x00, 0x0c, 0x30, 0x00, 0x00, 0x06, 0xa0, 0x00,
    0x00, 0x0c, 0x30, 0x00, 0x00, 0x06, 0xa0, 0x00, 0x00, 0x0c, 0x30, 0x00, 0x00, 0x06, 0xff, 0xff,
    0xff, 0xff, 0x30, 0x00, 0x00, 0x06, 0xa0, 0x00, 0x00, 0x0c, 0x30, 0x00, 0x00, 0x06, 0xa0, 0x00,
    0x00, 0x0c, 0x30, 0x00, 0x01, 0x06, 0xa0, 0x00, 0x00, 0x0c, 0x31, 0x20, 0x1f, 0xff, 0xff, 0xff,
    0xff, 0xff, 0xff, 0xf1, 0x00, 0x13, 0x10, 0x4d, 0x00, 0x0e, 0x40, 0x00, 0x00, 0x2e, 0x10, 0x3c,
    0x00, 0x0e, 0x20, 0x00, 0x00, 0x2d, 0x00, 0x3c, 0x00, 0x0d, 0x20, 0x00, 0x00, 0x1d, 0x00, 0x2c,
    0x00, 0x0d, 0x20, 0x00, 0x11, 0x1d, 0x00, 0x2c, 0x00, 0x0d, 0x20, 0x11, 0x7f, 0xff, 0xff, 0xff,
    0xff, 0xff, 0xff, 0xf7, 0x11, 0x1d, 0x00, 0x2c, 0x00, 0x0d, 0x21, 0x11, 0x00, 0x1d, 0x00, 0x2c,
    0x00, 0x0d, 0x20, 0x00, 0x00, 0x1d, 0x00, 0x2c, 0x00, 0x0d, 0x20, 0x00, 0x00, 0x1d, 0x00, 0x2c,
    0x00, 0x0d, 0x20, 0x00, 0x00, 0x1d, 0x00, 0x2f, 0xff, 0xff, 0x20, 0x00, 0x00, 0x1d, 0x00, 0x00,
    0x00, 0x00, 0x00, 0x00, 0x00, 0x1d, 0x00, 0x00, 0x00, 0x00, 0x00, 0x00, 0x00, 0x2f, 0xff, 0xff,
    0xff, 0xff, 0xff, 0x70, 0x00, 0x00, 0x00, 0x0c, 0x50, 0x00, 0x00, 0x00, 0x01, 0x10, 0x00, 0x6c,
    0x00, 0x00, 0x01, 0x10, 0x0b, 0xff, 0xff, 0xff, 0xff, 0xff, 0xff, 0xd0, 0x01, 0x10, 0x06, 0xa0,
    0x00, 0x00, 0x01, 0x10, 0x00, 0x00, 0x1d, 0x10, 0xc4, 0x00, 0x00, 0x00, 0x00, 0x00, 0xb4, 0x00,
    0xd1, 0x00, 0x00, 0x00, 0x00, 0x08, 0x80, 0x00, 0xd1, 0x00, 0x00, 0x00, 0x00, 0x4f, 0xff, 0xff,
    0xff, 0xff, 0xfd, 0x00, 0x00, 0x00, 0x11, 0x00, 0xd1, 0x01, 0x11, 0x00, 0x00, 0x00, 0xab, 0x00,
    0xd1, 0x25, 0x00, 0x00, 0x00, 0x08, 0xb1, 0x00, 0xd1, 0x3d, 0x90, 0x00, 0x01, 0x9c, 0x10, 0x00,
    0xd1, 0x01, 0xac, 0x10, 0x1c, 0xa1, 0x00, 0x33, 0xe1, 0x00, 0x09, 0xd1, 0x02, 0x00, 0x00, 0xae,
    0xa0, 0x00, 0x00, 0x40, 0x00, 0x00, 0x00, 0x00, 0x02, 0x48, 0xc4, 0x00, 0x00, 0x8e, 0xdd, 0xee,
    0xfe, 0xcb, 0xa7, 0x00, 0x00, 0x00, 0x00, 0x06, 0x80, 0x00, 0x00, 0x00, 0x00, 0x11, 0x10, 0x06,
    0x80, 0x00, 0x11, 0x00, 0x00, 0x9f, 0xff, 0xff, 0xff, 0xff, 0xf9, 0x00, 0x00, 0x11, 0x10, 0x06,
    0x80, 0x01, 0x11, 0x00, 0x00, 0x00, 0x00, 0x06, 0x80, 0x00, 0x00, 0x00, 0x01, 0x10, 0x00, 0x06,
    0x80, 0x00, 0x01, 0x10, 0x1f, 0xff, 0xff, 0xff, 0xff, 0xff, 0xff, 0xf1, 0x02, 0x10, 0x00, 0xa8,
    0x01, 0xa2, 0x11, 0x20, 0x00, 0x00, 0x1a, 0x70, 0x00, 0x6d, 0x10, 0x00, 0x00, 0x02, 0xc5, 0x00,
    0x00, 0x06, 0xc1, 0x00, 0x00, 0x6e, 0xb9, 0xab, 0xbc, 0xcc, 0xda, 0x00, 0x00, 0x27, 0x54, 0x32,
    0x10, 0x00, 0x1b, 0x10, 0x0c, 0xff, 0xff, 0xff, 0xff, 0xff, 0xfa, 0x02, 0x50, 0x0a, 0x40, 0x4b,
    0x00, 0x42, 0x01, 0xc6, 0x0a, 0x40, 0x4b, 0x03, 0xe5, 0x00, 0x1d, 0x3a, 0x40, 0x4b, 0x3c, 0x30,
    0x00, 0x11, 0x0a, 0x40, 0x4b, 0x01, 0x00, 0x01, 0xff, 0xff, 0xff, 0xff, 0xff, 0xff, 0x01, 0xe0,
    0x00, 0x00, 0x00, 0x00, 0x00, 0x01, 0xe0, 0x00, 0x00, 0x00, 0x00, 0x00, 0x01, 0xd0, 0x00, 0x00,
    0x00, 0x00, 0x00, 0x03, 0xc0, 0x00, 0x00, 0x00, 0x00, 0x00, 0x06, 0xa0, 0x00, 0x00, 0x00, 0x00,
    0x00, 0x0b, 0x70, 0x00, 0x00, 0x00, 0x00, 0x00, 0x4f, 0x20, 0x00, 0x00, 0x00, 0x00, 0x00, 0x78,
    0x00, 0x00, 0x00, 0x00, 0x00, 0x00, 0x00, 0x00, 0x00, 0x07, 0x80, 0x00, 0x00, 0x00, 0x00, 0x00,
    0x00, 0x1e, 0xa0, 0x00, 0x00, 0x00, 0x00, 0x00, 0x00, 0xa8, 0x87, 0x00, 0x00, 0x00, 0x00, 0x00,
    0x07, 0xc0, 0x0a, 0x70, 0x00, 0x00, 0x00, 0x00, 0x7c, 0x10, 0x00, 0xa9, 0x00, 0x00, 0x00, 0x1a,
    0xb1, 0x08, 0x80, 0x08, 0xc3, 0x00, 0x17, 0xe8, 0x00, 0x09, 0x70, 0x00, 0x5d, 0xb1, 0x08, 0x30,
    0x00, 0x09, 0x70, 0x00, 0x01, 0x50, 0x00, 0x00, 0x00, 0x08, 0x70, 0x00, 0x00, 0x00, 0x00, 0x00,
    0x00, 0x08, 0x70, 0x00, 0x00, 0x00, 0x00, 0x00, 0x00, 0x08, 0x70, 0x00, 0x00, 0x00, 0x00, 0x00,
    0x00, 0x08, 0x70, 0x00, 0x00, 0x00, 0x00, 0x00, 0x00, 0x09, 0x70, 0x00, 0x00, 0x00, 0x00, 0x00,
    0x00, 0x09, 0x80, 0x00, 0x00, 0x00, 0x00, 0x00, 0x00, 0x0a, 0x90, 0x00, 0x00, 0x00, 0x00, 0x00,
    0x08, 0xa0, 0x00, 0x00, 0x00, 0x00, 0x07, 0x90, 0x00, 0x00, 0x00, 0x00, 0x07, 0x90, 0x01, 0x12,
    0xbe, 0xef, 0xff, 0xff, 0xff, 0xfd, 0xd3, 0x00, 0x07, 0x90, 0x00, 0x3d, 0xc3, 0x00, 0x07, 0x90,
    0x00, 0x3d, 0xc3, 0x00, 0x07, 0x90, 0x00, 0x3d, 0xc3, 0x00, 0x07, 0x90, 0x00, 0x3d, 0xdf, 0xff,
    0xff, 0xff, 0xff, 0xfd, 0xd3, 0x00, 0x07, 0x90, 0x00, 0x3d, 0x51, 0x00, 0x07, 0x90, 0x00, 0x14,
    0x00, 0x00, 0x07, 0x90, 0x00, 0x00, 0x00, 0x00, 0x07, 0x90, 0x00, 0x00, 0x00, 0x00, 0x08, 0x90,
    0x00, 0x00, 0x00, 0x00, 0x09, 0xa0, 0x00, 0x00, 0x00, 0x0a, 0x30, 0x07, 0x90, 0x00, 0x00, 0x22,
    0x0c, 0x30, 0x0b, 0x20, 0x00, 0x00, 0x87, 0x0c, 0x30, 0x3f, 0xff, 0xff, 0xe7, 0x77, 0x0c, 0x30,
    0xb3, 0x00, 0x00, 0x11, 0x77, 0x0c, 0x36, 0xa0, 0x67, 0x00, 0x00, 0x77, 0x0c, 0x6e, 0x20, 0x18,
    0xc3, 0x00, 0x77, 0x0c, 0x32, 0x00, 0x00, 0x3c, 0x10, 0x77, 0x0c, 0x35, 0xff, 0xff, 0xff, 0xf1,
    0x77, 0x0c, 0x34, 0xa0, 0x0d, 0x00, 0xd1, 0x77, 0x0c, 0x34, 0xa0, 0x0d, 0x00, 0xd1, 0x87, 0x0c,
    0x34, 0xa0, 0x0d, 0x00, 0xd1, 0x00, 0x0c, 0x34, 0xa0, 0x0d, 0x00, 0xd1, 0x00, 0x0c, 0x34, 0xff,
    0xff, 0xff, 0xf1, 0x00, 0x0c, 0x35, 0xa0, 0x00, 0x00, 0xd2, 0x00, 0x00, 0x02, 0x30, 0x00, 0x00,
    0x31, 0x00, 0x00, 0x2b, 0x10, 0x00, 0x00, 0x00, 0x00, 0x00, 0x07, 0xd1, 0x00, 0x00, 0x00, 0x02,
    0x10, 0x00, 0x7a, 0x00, 0x11, 0x20, 0x3f, 0xff, 0xff, 0xff, 0xff, 0xff, 0xe0, 0x01, 0x10, 0x00,
    0x88, 0x00, 0x01, 0x10, 0x00, 0x00, 0x00, 0x88, 0x00, 0x00, 0x00, 0x00, 0x00, 0x00, 0x88, 0x00,
    0x00, 0x00, 0x00, 0x21, 0x00, 0x88, 0x01, 0x11, 0x00, 0x00, 0xef, 0xff, 0xff, 0xff, 0xfb, 0x00,
    0x00, 0x11, 0x00, 0x88, 0x00, 0x11, 0x00, 0x00, 0x00, 0x00, 0x88, 0x00, 0x00, 0x00, 0x00, 0x00,
    0x00, 0x88, 0x00, 0x00, 0x00, 0x11, 0x10, 0x00, 0x88, 0x00, 0x01, 0x11, 0xcf, 0xff, 0xff, 0xff,
    0xff, 0xff, 0xfc, 0x00, 0x00, 0x00, 0xa3, 0x00, 0x06, 0x80, 0x00, 0x00, 0x3c, 0x10, 0x4c, 0x00,
    0x1d, 0x30, 0x00, 0x00, 0x06, 0xc0, 0x09, 0x70, 0x96, 0x00, 0x00, 0x00, 0x00, 0x73, 0x01, 0x15,
    0x90, 0x00, 0x00, 0x08, 0xff, 0xff, 0xff, 0xff, 0xff, 0xff, 0x80, 0x01, 0x10, 0x0b, 0x40, 0x03,
    0xb1, 0x11, 0x10, 0x00, 0x01, 0xb6, 0x08, 0x70, 0x4c, 0x40, 0x00, 0x00, 0x5c, 0x60, 0x09, 0x60,
    0x14, 0xca, 0x40, 0x2d, 0xb2, 0xdf, 0xff, 0xff, 0xf9, 0x06, 0xd3, 0x04, 0x00, 0x11, 0x08, 0x50,
    0x11, 0x00, 0x00, 0x00, 0x00, 0x00, 0x08, 0x50, 0x00, 0x00, 0x00, 0x04, 0xff, 0xff, 0xff, 0xff,
    0xff, 0xff, 0x00, 0x00, 0x11, 0x00, 0x09, 0x50, 0x00, 0x11, 0x00, 0x00, 0x00, 0x00, 0x09, 0x60,
    0x00, 0x00, 0x00, 0x00, 0x00, 0x00, 0x0a, 0x70, 0x00, 0x00, 0x00, 0x00, 0x00, 0x00, 0x12, 0x46,
    0x8c, 0xa0, 0x00, 0x00, 0x6f, 0xff, 0xff, 0xfd, 0xba, 0xa1, 0x00, 0x00, 0x00, 0x00, 0x08, 0x60,
    0x00, 0x00, 0x00, 0x00, 0x00, 0x00, 0x08, 0x60, 0x00, 0x00, 0x00, 0x0c, 0xff, 0xff, 0xff, 0xff,
    0xff, 0xff, 0xd0, 0x00, 0x10, 0x2b, 0x08, 0x60, 0xe0, 0x45, 0x00, 0x03, 0xff, 0xfa, 0x08, 0x60,
    0xec, 0xc7, 0x00, 0x00, 0x00, 0x3a, 0x08, 0x60, 0xd2, 0x01, 0x10, 0x03, 0x7b, 0xca, 0x09, 0x70,
    0xd1, 0x08, 0x90, 0x05, 0x82, 0x3b, 0x6e, 0xd4, 0xbf, 0xfd, 0x30, 0x00, 0x00, 0x19, 0x98, 0x7b,
    0x80, 0x00, 0x00, 0x00, 0x06, 0xd6, 0x08, 0x60, 0x8d, 0x61, 0x00, 0x16, 0xdb, 0x20, 0x08, 0x60,
    0x03, 0xae, 0xb2, 0x1a, 0x50, 0x00, 0x08, 0x70, 0x00, 0x03, 0x80, 0x00, 0x00, 0x00, 0x09, 0x80,
    0x00, 0x00, 0x00, 0xff, 0xff, 0xff, 0xff, 0xff, 0xff, 0x42, 0x21, 0x10, 0x00, 0x1a, 0xb2, 0x00,
    0x00, 0x00, 0x01, 0xc8, 0x00, 0x00, 0x00, 0x00, 0x4d, 0x50, 0x00, 0x00, 0x00, 0x05, 0xd3, 0x00,
    0x00, 0x00, 0x00, 0x06, 0x90, 0x00, 0x00, 0x00, 0x00, 0x06, 0x90, 0x00, 0x00, 0x00, 0x00, 0x06,
    0x90, 0x00, 0x00, 0x00, 0x00, 0x06, 0x90, 0x00, 0x00, 0x00, 0x00, 0x06, 0x90, 0x00, 0x00, 0x00,
    0x00, 0x06, 0x90, 0x00, 0x00, 0x00, 0x00, 0x06, 0x90, 0x00, 0x00, 0x00, 0x02, 0x2a, 0x80, 0x00,
    0x00, 0x00, 0x0c, 0xec, 0x30, 0x00, 0x00, 0x0d, 0xff, 0xff, 0xff, 0xff, 0xff, 0x70, 0x00, 0x00,
    0x00, 0x00, 0x00, 0x00, 0x00, 0x00, 0x00, 0x00, 0x00, 0x00, 0x00, 0x00, 0x00, 0x00, 0x00, 0x00,
    0x00, 0x00, 0x00, 0x00, 0x00, 0x00, 0x00, 0x00, 0x00, 0x00, 0x00, 0x00, 0x00, 0x00, 0x00, 0x00,
    0x00, 0x00, 0x00, 0x00, 0x00, 0x00, 0x00, 0x00, 0x00, 0x00, 0x00, 0x00, 0x00, 0x00, 0x00, 0x00,
    0x00, 0x00, 0x00, 0x00, 0x00, 0x00, 0x11, 0x10, 0x00, 0x00, 0x00, 0x01, 0x11, 0xef, 0xff, 0xff,
    0xff, 0xff, 0xff, 0xfe, 0x04, 0xff, 0xff, 0xff, 0xff, 0xff, 0x80, 0x00, 0x00, 0x00, 0x4c, 0x00,
    0x00, 0x00, 0x00, 0x00, 0x00, 0x4c, 0x00, 0x00, 0x00, 0x00, 0x00, 0x00, 0x4c, 0x00, 0x00, 0x00,
    0x21, 0x10, 0x00, 0x4c, 0x00, 0x01, 0x12, 0xef, 0xff, 0xff, 0xff, 0xff, 0xff, 0xfe, 0x22, 0x11,
    0x00, 0x4c, 0x00, 0x11, 0x22, 0x00, 0x00, 0x00, 0x4c, 0x00, 0x00, 0x00, 0x00, 0x00, 0x00, 0x4c,
    0x00, 0x00, 0x00, 0x00, 0x00, 0x00, 0x4c, 0x00, 0x00, 0x00, 0x00, 0x00, 0x00, 0x4c, 0x00, 0x00,
    0x00, 0x00, 0x00, 0x33, 0x8c, 0x00, 0x00, 0x00, 0x00, 0x00, 0x3e, 0xc4, 0x00, 0x00, 0x00, 0x0c,
    0xff, 0xff, 0xff, 0xff, 0xff, 0x90, 0x01, 0x10, 0x06, 0x90, 0x00, 0x01, 0x10, 0x00, 0x00, 0x09,
    0x60, 0x00, 0x00, 0x00, 0x00, 0x00, 0x0c, 0x40, 0x00, 0x00, 0x00, 0x00, 0xaf, 0xff, 0xff, 0xff,
    0xf7, 0x00, 0x00, 0x11, 0x1e, 0x00, 0x00, 0x86, 0x00, 0x00, 0x00, 0x3c, 0x00, 0x00, 0x95, 0x00,
    0x00, 0x00, 0x69, 0x00, 0x00, 0xa5, 0x00, 0x00, 0x00, 0x87, 0x00, 0x00, 0xb4, 0x00, 0x00, 0x00,
    0xa5, 0x00, 0x00, 0xc3, 0x00, 0x10, 0x00, 0xc2, 0x00, 0x00, 0xd2, 0x01, 0xcf, 0xff, 0xff, 0xff,
    0xff, 0xff, 0xfc, 0x11, 0x10, 0x04, 0x92, 0x00, 0x01, 0x20, 0x8f, 0xff, 0xff, 0xff, 0xff, 0xff,
    0xf3, 0x11, 0x10, 0x00, 0x00, 0x00, 0x01, 0x20, 0x00, 0x6f, 0xff, 0xff, 0xff, 0xf0, 0x00, 0x00,
    0x68, 0x00, 0x00, 0x00, 0xd0, 0x00, 0x00, 0x6f, 0xff, 0xff, 0xff, 0xf0, 0x00, 0x00, 0x00, 0x00,
    0x00, 0x00, 0x00, 0x00, 0xaf, 0xff, 0xff, 0xff, 0xff, 0xff, 0xf4, 0xa4, 0x00, 0x00, 0x00, 0x00,
    0x00, 0xa4, 0xa4, 0x06, 0xff, 0xff, 0xfc, 0x00, 0x84, 0x00, 0x06, 0x80, 0x00, 0x3b, 0x00, 0x00,
    0x00, 0x09, 0x70, 0x00, 0x3b, 0x00, 0x00, 0x00, 0x5f, 0x20, 0x00, 0x3c, 0x00, 0x55, 0x5b, 0xf6,
    0x00, 0x00, 0x2e, 0xff, 0xe5, 0x4b, 0x40, 0x00, 0x00, 0x00, 0x00, 0x00, 0x00, 0x00, 0x00, 0x09,
    0xa0, 0x00, 0x00, 0x00, 0x00, 0x00, 0x00, 0x08, 0x90, 0x00, 0x00, 0x00, 0x00, 0x00, 0x00, 0x08,
    0x80, 0x00, 0x00, 0x00, 0x00, 0x00, 0x00, 0x09, 0x60, 0x00, 0x00, 0x00, 0x00, 0x00, 0x00, 0x0a,
    0x60, 0x00, 0x00, 0x00, 0x00, 0x00, 0x00, 0x0d, 0xc0, 0x00, 0x00, 0x00, 0x00, 0x00, 0x00, 0x2e,
    0xb4, 0x00, 0x00, 0x00, 0x00, 0x00, 0x00, 0x88, 0x4c, 0x00, 0x00, 0x00, 0x00, 0x00, 0x02, 0xe1,
    0x0a, 0x70, 0x00, 0x00, 0x00, 0x00, 0x0b, 0x60, 0x01, 0xe4, 0x00, 0x00, 0x00, 0x00, 0xa9, 0x00,
    0x00, 0x4e, 0x30, 0x00, 0x00, 0x2b, 0xa0, 0x00, 0x00, 0x06, 0xe4, 0x00, 0x07, 0xe8, 0x00, 0x00,
    0x00, 0x00, 0x6f, 0x81, 0x1b, 0x50, 0x00, 0x00, 0x00, 0x00, 0x05, 0xa0, 0x00, 0x00, 0x79, 0x00,
    0x00, 0x00, 0x00, 0x00, 0x00, 0x00, 0xc5, 0xbf, 0xff, 0xff, 0xff, 0x00, 0x00, 0x03, 0xb0, 0x09,
    0x40, 0x00, 0x4c, 0x00, 0x00, 0x0a, 0x50, 0x06, 0x70, 0x00, 0x79, 0x00, 0x00, 0x4f, 0x10, 0x03,
    0xb0, 0x00, 0xa6, 0x00, 0x01, 0xde, 0x10, 0x00, 0xd0, 0x00, 0xe2, 0x00, 0x1b, 0x8c, 0x10, 0x00,
    0x95, 0x03, 0xd0, 0x00, 0x28, 0x0c, 0x10, 0x00, 0x4a, 0x09, 0x70, 0x00, 0x00, 0x0c, 0x10, 0x00,
    0x0c, 0x3d, 0x10, 0x00, 0x00, 0x0c, 0x10, 0x00, 0x05, 0xe7, 0x00, 0x00, 0x00, 0x0c, 0x10, 0x00,
    0x06, 0xf7, 0x00, 0x00, 0x00, 0x0c, 0x10, 0x00, 0x5e, 0x5e, 0x50, 0x00, 0x00, 0x0d, 0x10, 0x18,
    0xd3, 0x05, 0xf6, 0x00, 0x00, 0x0d, 0x27, 0xda, 0x10, 0x00, 0x5f, 0xb2, 0x00, 0x0f, 0x4c, 0x40,
    0x00, 0x00, 0x03, 0xb1, 0x00, 0x00, 0x00, 0x07, 0x90, 0x00, 0x00, 0x00, 0x00, 0x00, 0x00, 0x0d,
    0xd1, 0x00, 0x00, 0x00, 0x00, 0x00, 0x00, 0x89, 0x5a, 0x00, 0x00, 0x00, 0x00, 0x00, 0x05, 0xd1,
    0x08, 0x90, 0x00, 0x00, 0x00, 0x00, 0x6d, 0x34, 0x00, 0x9a, 0x10, 0x00, 0x00, 0x19, 0xc2, 0x2c,
    0x60, 0x07, 0xd4, 0x00, 0x17, 0xea, 0x10, 0x01, 0xd3, 0x00, 0x3d, 0xc1, 0x08, 0x41, 0x10, 0x00,
    0x10, 0x00, 0x00, 0x40, 0x00, 0x07, 0xff, 0xff, 0xff, 0xed, 0x50, 0x00, 0x00, 0x00, 0x00, 0x00,
    0x00, 0x2e, 0x10, 0x00, 0x00, 0x00, 0x00, 0x00, 0x00, 0x98, 0x00, 0x00, 0x00, 0x00, 0x00, 0x00,
    0x04, 0xd1, 0x00, 0x00, 0x00, 0x00, 0x00, 0x00, 0x2d, 0x40, 0x00, 0x00, 0x00, 0x00, 0x00, 0x03,
    0xd7, 0x00, 0x00, 0x00, 0x00, 0x00, 0x00, 0x09, 0x80, 0x00, 0x00, 0x00, 0x00, 0x00, 0xb4, 0x00,
    0x01, 0xa2, 0x00, 0x00, 0x00, 0x03, 0xe1, 0x05, 0x10, 0xf0, 0x00, 0x00, 0x00, 0x09, 0x60, 0x3d,
    0x10, 0xe0, 0x01, 0x10, 0x00, 0x2f, 0x10, 0x6b, 0x9d, 0xff, 0xff, 0x60, 0x00, 0xaf, 0x00, 0xb1,
    0x00, 0xe0, 0x01, 0x10, 0x05, 0xde, 0x03, 0xc0, 0x00, 0xe0, 0x00, 0x00, 0x2e, 0x4d, 0x09, 0x60,
    0x00, 0xe0, 0x00, 0x00, 0x02, 0x0d, 0x01, 0x10, 0x00, 0xe0, 0x00, 0x11, 0x00, 0x0d, 0x0e, 0xff,
    0xff, 0xff, 0xff, 0xf7, 0x00, 0x0d, 0x01, 0x10, 0x00, 0xe0, 0x00, 0x11, 0x00, 0x0d, 0x00, 0x00,
    0x00, 0xe0, 0x00, 0x00, 0x00, 0x0d, 0x00, 0x00, 0x00, 0xf0, 0x00, 0x00, 0x00, 0x0e, 0x00, 0x00,
    0x01, 0xf0, 0x00, 0x00, 0x00, 0x0e, 0x00, 0x00, 0x02, 0xf1, 0x00, 0x00, 0x00, 0x0f, 0x00, 0x00,
    0x00, 0x00, 0x00, 0x00, 0x00, 0x00, 0xb4, 0x00, 0x09, 0x70, 0x00, 0x00, 0x00, 0x03, 0xe1, 0x00,
    0x09, 0x60, 0x00, 0x00, 0x00, 0x0a, 0x60, 0x00, 0x09, 0x60, 0x00, 0x00, 0x00, 0x3e, 0x01, 0x10,
    0x09, 0x60, 0x01, 0x10, 0x00, 0xcd, 0x0e, 0xff, 0xff, 0xff, 0xff, 0xe0, 0x08, 0xcd, 0x01, 0x10,
    0xda, 0xa8, 0x01, 0x20, 0x5e, 0x3d, 0x00, 0x03, 0xa9, 0x6c, 0x00, 0x00, 0x03, 0x1d, 0x00, 0x09,
    0x59, 0x68, 0x60, 0x00, 0x00, 0x1d, 0x00, 0x2c, 0x09, 0x61, 0xd1, 0x00, 0x00, 0x1d, 0x00, 0xb5,
    0x09, 0x60, 0x89, 0x00, 0x00, 0x1d, 0x06, 0xb0, 0x09, 0x60, 0x0d, 0x70, 0x00, 0x1d, 0x6e, 0x20,
    0x09, 0x60, 0x03, 0xe5, 0x00, 0x2d, 0x24, 0x00, 0x09, 0x60, 0x00, 0x30, 0x00, 0x2d, 0x00, 0x00,
    0x09, 0x60, 0x00, 0x00, 0x00, 0x3d, 0x00, 0x00, 0x0a, 0x70, 0x00, 0x00, 0x00, 0x02, 0xc1, 0x01,
    0x71, 0x01, 0x00, 0x00, 0x00, 0x06, 0x90, 0x01, 0xf0, 0x2c, 0x30, 0x00, 0x00, 0x0b, 0x20, 0x00,
    0xf0, 0x02, 0xd4, 0x00, 0x00, 0x2c, 0x11, 0x00, 0xe0, 0x00, 0x32, 0x10, 0x00, 0xab, 0x9f, 0xff,
    0xff, 0xff, 0xff, 0xe0, 0x04, 0xbb, 0x00, 0x01, 0xd0, 0xc2, 0x00, 0x00, 0x2e, 0x5b, 0x00, 0x03,
    0xc0, 0xc2, 0x00, 0x00, 0x02, 0x2b, 0x00, 0x05, 0xa0, 0xc2, 0x00, 0x00, 0x00, 0x2b, 0x00, 0x08,
    0x70, 0xc2, 0x00, 0x00, 0x00, 0x2b, 0x00, 0x0d, 0x20, 0xc2, 0x00, 0x00, 0x00, 0x2b, 0x00, 0x6c,
    0x00, 0xc2, 0x00, 0x00, 0x00, 0x2b, 0x02, 0xe5, 0x00, 0xc2, 0x00, 0x10, 0x00, 0x3b, 0x2d, 0xb0,
    0x00, 0xc4, 0x01, 0xd4, 0x00, 0x3b, 0x8e, 0x10, 0x00, 0x7e, 0xfe, 0xa0, 0x00, 0x4b, 0x03, 0x00,
    0x00, 0x00, 0x00, 0x00, 0x00, 0x00, 0xa5, 0x00, 0x2b, 0x00, 0x00, 0x00, 0x00, 0x01, 0xe2, 0x00,
    0x0d, 0x30, 0x00, 0x00, 0x00, 0x07, 0x81, 0x10, 0x06, 0x80, 0x01, 0x10, 0x00, 0x1e, 0x16, 0xff,
    0xff, 0xff, 0xff, 0xa0, 0x00, 0x8f, 0x01, 0x11, 0x00, 0x00, 0x11, 0x10, 0x03, 0xee, 0x00, 0x23,
    0x00, 0x00, 0x86, 0x00, 0x1d, 0x6d, 0x00, 0x5b, 0x00, 0x00, 0xc5, 0x00, 0x16, 0x0d, 0x00, 0x0d,
    0x20, 0x01, 0xe0, 0x00, 0x00, 0x0d, 0x00, 0x06, 0x80, 0x05, 0x80, 0x00, 0x00, 0x0d, 0x00, 0x01,
    0xd0, 0x0a, 0x30, 0x00, 0x00, 0x0d, 0x00, 0x00, 0xc4, 0x1b, 0x00, 0x00, 0x00, 0x0d, 0x11, 0x00,
    0x64, 0x76, 0x00, 0x11, 0x00, 0x0e, 0x3f, 0xff, 0xff, 0xff, 0xff, 0xf7, 0x00, 0x0e, 0x12, 0x11,
    0x00, 0x00, 0x01, 0x21, 0x00, 0x0f, 0x00, 0x00, 0x00, 0x00, 0x00, 0x00, 0x00, 0x01, 0xc2, 0x00,
    0x00, 0x24, 0x87, 0x00, 0x00, 0x06, 0xa3, 0xfe, 0xff, 0xfc, 0xa8, 0x10, 0x00, 0x0c, 0x22, 0xc0,
    0x00, 0xd2, 0x00, 0x00, 0x00, 0x5d, 0x02, 0xc0, 0x00, 0xd1, 0x00, 0x00, 0x00, 0xdd, 0x02, 0xc0,
    0x00, 0xd2, 0x00, 0x00, 0x08, 0xbd, 0x02, 0xc0, 0x00, 0xc2, 0x00, 0x00, 0x3e, 0x3d, 0x02, 0xff,
    0xff, 0xff, 0xff, 0xd0, 0x01, 0x1d, 0x02, 0xc0, 0x00, 0xa4, 0x00, 0x00, 0x00, 0x1d, 0x02, 0xc0,
    0x00, 0x86, 0x00, 0x00, 0x00, 0x1d, 0x02, 0xc0, 0x00, 0x5a, 0x00, 0x00, 0x00, 0x1d, 0x02, 0xc0,
    0x12, 0x1e, 0x10, 0x00, 0x00, 0x1d, 0x02, 0xc1, 0xc6, 0x09, 0x80, 0x30, 0x00, 0x2d, 0x02, 0xdd,
    0x6a, 0x81, 0xe4, 0xc4, 0x00, 0x3d, 0x05, 0xf5, 0x01, 0xb6, 0x4e, 0xd0, 0x00, 0x29, 0x00, 0x40,
    0x00, 0x00, 0x01, 0x10, 0x00, 0x03, 0xb1, 0x00, 0x0b, 0x50, 0x00, 0x00, 0x00, 0x08, 0x80, 0x00,
    0x0c, 0x20, 0x00, 0x00, 0x00, 0x1d, 0x10, 0x00, 0x0c, 0x20, 0x00, 0x00, 0x00, 0x8a, 0x6f, 0xff,
    0xff, 0xff, 0xff, 0xd0, 0x02, 0xe9, 0x00, 0x02, 0xbc, 0x77, 0x00, 0x00, 0x0c, 0x99, 0x00, 0x08,
    0x6c, 0x3c, 0x00, 0x00, 0x5a, 0x59, 0x00, 0x1d, 0x1c, 0x2a, 0x50, 0x00, 0x00, 0x59, 0x00, 0x97,
    0x0c, 0x23, 0xd0, 0x00, 0x00, 0x59, 0x04, 0xd1, 0x0c, 0x20, 0xa9, 0x00, 0x00, 0x59, 0x2d, 0x51,
    0x0c, 0x20, 0x3e, 0x60, 0x00, 0x5a, 0xc6, 0x8f, 0xff, 0xff, 0xf6, 0xe5, 0x00, 0x59, 0x10, 0x11,
    0x0c, 0x20, 0x10, 0x30, 0x00, 0x69, 0x00, 0x00, 0x0d, 0x30, 0x00, 0x00, 0x00, 0x79, 0x00, 0x00,
    0x0d, 0x40, 0x00, 0x00, 0x00, 0x00, 0x00, 0x09, 0x70, 0x00, 0x00, 0x00, 0x00, 0x00, 0x00, 0x6b,
    0x90, 0x00, 0x00, 0x00, 0x00, 0x00, 0x06, 0xc1, 0x2a, 0x30, 0x00, 0x00, 0x00, 0x01, 0x9b, 0x10,
    0x01, 0xa9, 0x10, 0x00, 0x02, 0x8e, 0x80, 0x00, 0x00, 0x06, 0xe9, 0x30, 0x09, 0xb3, 0xff, 0xff,
    0xff, 0xff, 0x29, 0xc1, 0x00, 0x00, 0x00, 0x07, 0x90, 0x00, 0x00, 0x00, 0x00, 0x11, 0x10, 0x07,
    0x90, 0x01, 0x21, 0x00, 0x00, 0x9f, 0xff, 0xff, 0xff, 0xff, 0xf7, 0x00, 0x00, 0x11, 0x41, 0x07,
    0x90, 0x11, 0x11, 0x00, 0x00, 0x04, 0xc3, 0x07, 0x90, 0x8b, 0x20, 0x00, 0x00, 0x6d, 0x20, 0x07,
    0x90, 0x05, 0xd8, 0x00, 0x07, 0xc2, 0x01, 0x07, 0x90, 0x00, 0x1b, 0x70, 0x00, 0x00, 0x03, 0xfd,
    0x50, 0x00, 0x00, 0x00, 0x00, 0x06, 0x90, 0x00, 0x06, 0xb0, 0x00, 0x00, 0x00, 0x0a, 0x71, 0x10,
    0x05, 0x90, 0x00, 0x11, 0x00, 0x1e, 0x6f, 0xff, 0xff, 0xff, 0xff, 0xf7, 0x00, 0x7c, 0x01, 0x10,
    0x05, 0x80, 0x00, 0x11, 0x01, 0xec, 0x01, 0x8c, 0xef, 0xfe, 0xc8, 0x20, 0x09, 0xac, 0x02, 0xc0,
    0x05, 0x80, 0x0a, 0x40, 0x3d, 0x3c, 0x02, 0xc0, 0x06, 0x80, 0x0a, 0x40, 0x01, 0x2c, 0x03, 0xff,
    0xff, 0xff, 0xff, 0x50, 0x00, 0x2c, 0x00, 0x21, 0x08, 0x60, 0x12, 0x10, 0x00, 0x2c, 0x00, 0x68,
    0x0a, 0x40, 0x00, 0x00, 0x00, 0x2c, 0x00, 0x0b, 0x6e, 0x10, 0x00, 0x00, 0x00, 0x2c, 0x00, 0x01,
    0xec, 0x00, 0x00, 0x00, 0x00, 0x3c, 0x00, 0x06, 0xfe, 0xb3, 0x00, 0x00, 0x00, 0x3c, 0x04, 0xbd,
    0x41, 0x9e, 0xb6, 0x30, 0x00, 0x4c, 0x4d, 0x70, 0x00, 0x01, 0x6a, 0xc0, 0x00, 0x03, 0xa1, 0x0c,
    0x50, 0x09, 0x60, 0x00, 0x00, 0x08, 0xa0, 0x0b, 0x40, 0x0a, 0x40, 0x00, 0x00, 0x0d, 0x20, 0x0b,
    0x40, 0x0a, 0x40, 0x00, 0x00, 0x7b, 0x2f, 0xff, 0xff, 0xff, 0xff, 0x90, 0x02, 0xea, 0x00, 0x0b,
    0x40, 0x0a, 0x40, 0x00, 0x1d, 0x9a, 0x00, 0x0b, 0x40, 0x0a, 0x40, 0x00, 0x05, 0x4a, 0x00, 0x0b,
    0x40, 0x0a, 0x40, 0x00, 0x00, 0x4a, 0x11, 0x0b, 0x40, 0x0a, 0x40, 0x11, 0x00, 0x4a, 0xaf, 0xff,
    0xff, 0xff, 0xff, 0xf5, 0x00, 0x4a, 0x11, 0x16, 0x70, 0x07, 0x11, 0x11, 0x00, 0x4a, 0x00, 0x1d,
    0x40, 0x09, 0x90, 0x00, 0x00, 0x4a, 0x00, 0x98, 0x00, 0x00, 0xb7, 0x00, 0x00, 0x5a, 0x09, 0xb0,
    0x00, 0x00, 0x2e, 0x40, 0x00, 0x6a, 0x3b, 0x10, 0x00, 0x00, 0x06, 0x80, 0x00, 0x00, 0xa5, 0x11,
    0x00, 0x00, 0x01, 0x00, 0x00, 0x03, 0xe1, 0x8f, 0xff, 0xff, 0xff, 0x20, 0x00, 0x0b, 0x50, 0x86,
    0x00, 0x00, 0x0d, 0x10, 0x00, 0x5f, 0x00, 0x86, 0x00, 0x00, 0x0d, 0x10, 0x02, 0xee, 0x00, 0x86,
    0x00, 0x00, 0x0d, 0x10, 0x2d, 0x6e, 0x00, 0x9f, 0xff, 0xff, 0xff, 0x20, 0x17, 0x0e, 0x00, 0x00,
    0x04, 0xa0, 0x00, 0x00, 0x00, 0x0e, 0x01, 0x10, 0x04, 0xa0, 0x00, 0x11, 0x00, 0x0e, 0x0e, 0xff,
    0xff, 0xff, 0xff, 0xf5, 0x00, 0x0e, 0x00, 0x00, 0xa6, 0xaa, 0x20, 0x00, 0x00, 0x0e, 0x00, 0x07,
    0x84, 0xa3, 0xc1, 0x00, 0x00, 0x0e, 0x00, 0x8a, 0x04, 0xa0, 0x6d, 0x30, 0x00, 0x0f, 0x3c, 0x90,
    0x04, 0xa0, 0x05, 0xe3, 0x00, 0x1f, 0x04, 0x00, 0x05, 0xb0, 0x00, 0x10, 0x00, 0x02, 0xc3, 0x00,
    0x97, 0x00, 0x00, 0x00, 0x00, 0x06, 0xc1, 0x00, 0x1b, 0xa0, 0x00, 0x00, 0x00, 0x0c, 0x5f, 0xff,
    0xff, 0xff, 0xff, 0xf7, 0x00, 0x5e, 0x00, 0x00, 0x00, 0x00, 0x00, 0x00, 0x00, 0xde, 0x00, 0x00,
    0x00, 0x00, 0x00, 0x00, 0x07, 0xbe, 0x00, 0x8f, 0xff, 0xff, 0xfd, 0x00, 0x2d, 0x3e, 0x00, 0x00,
    0x00, 0x00, 0x00, 0x00, 0x00, 0x0e, 0x00, 0x8f, 0xff, 0xff, 0xfd, 0x00, 0x00, 0x0e, 0x00, 0x00,
    0x00, 0x00, 0x00, 0x00, 0x00, 0x0e, 0x00, 0xbf, 0xff, 0xff, 0xff, 0x00, 0x00, 0x0e, 0x00, 0xb3,
    0x00, 0x00, 0x1f, 0x00, 0x00, 0x0e, 0x00, 0xb3, 0x00, 0x00, 0x1f, 0x00, 0x00, 0x1e, 0x00, 0xbf,
    0xff, 0xff, 0xff, 0x00, 0x00, 0x1e, 0x00, 0xc3, 0x00, 0x00, 0x1e, 0x00, 0x00, 0x2e, 0x00, 0x10,
    0x00, 0x00, 0x00, 0x00, 0x00, 0x06, 0x90, 0x00, 0x84, 0x00, 0x00, 0x00, 0x00, 0x0b, 0x50, 0x01,
    0xef, 0xff, 0xeb, 0x10, 0x00, 0x2c, 0x00, 0x08, 0x50, 0x00, 0xa9, 0x00, 0x00, 0x88, 0x24, 0x4b,
    0x86, 0x04, 0xd1, 0x00, 0x02, 0xe8, 0x58, 0x62, 0x0b, 0x8d, 0x20, 0x00, 0x0a, 0xc8, 0x58, 0x00,
    0x06, 0xeb, 0x20, 0x00, 0x5d, 0x68, 0x48, 0x04, 0xb9, 0x15, 0xcb, 0x72, 0x02, 0x68, 0x49, 0xc9,
    0x30, 0x7b, 0x03, 0x93, 0x00, 0x68, 0x48, 0x00, 0x3b, 0x80, 0x51, 0x00, 0x00, 0x68, 0x58, 0x3b,
    0xb3, 0x08, 0xb2, 0x00, 0x00, 0x68, 0x59, 0x03, 0x04, 0xb7, 0x04, 0x50, 0x00, 0x68, 0x69, 0x07,
    0xda, 0x20, 0x6d, 0x40, 0x00, 0x68, 0x00, 0x02, 0x10, 0x4b, 0x91, 0x00, 0x00, 0x68, 0x00, 0x15,
    0x8c, 0xa3, 0x00, 0x00, 0x00, 0x88, 0x00, 0x49, 0x51, 0x00, 0x00, 0x00, 0x00, 0x02, 0xa1, 0x00,
    0x06, 0x70, 0x00, 0x00, 0x00, 0x07, 0xb2, 0x10, 0x0a, 0x50, 0x11, 0x10, 0x00, 0x1e, 0x3b, 0xff,
    0xff, 0xff, 0xff, 0xc0, 0x00, 0x8d, 0x01, 0x10, 0x1e, 0x00, 0x01, 0x10, 0x03, 0xfd, 0x00, 0xdf,
    0xff, 0xff, 0xfb, 0x00, 0x2d, 0x8d, 0x00, 0xc3, 0x00, 0x00, 0x5a, 0x00, 0x15, 0x2d, 0x00, 0xcf,
    0xff, 0xff, 0xfa, 0x00, 0x00, 0x2d, 0x00, 0xc3, 0x00, 0x00, 0x5a, 0x00, 0x00, 0x2d, 0x00, 0xc3,
    0x00, 0x00, 0x5a, 0x00, 0x00, 0x2d, 0x00, 0xcf, 0xff, 0xff, 0xfa, 0x00, 0x00, 0x2d, 0x00, 0xc3,
    0x00, 0x00, 0x5a, 0x00, 0x00, 0x2d, 0x00, 0xcf, 0xff, 0xff, 0xfa, 0x00, 0x00, 0x3d, 0x00, 0xc3,
    0x00, 0x00, 0x5a, 0x00, 0x00, 0x3d, 0x6f, 0xff, 0xff, 0xff, 0xff, 0xf8, 0x00, 0x4d, 0x11, 0x10,
    0x00, 0x00, 0x01, 0x11, 0x00, 0x00, 0x79, 0x00, 0x0b, 0x30, 0x00, 0x00, 0x00, 0x00, 0xd4, 0x10,
    0x06, 0xa0, 0x00, 0x00, 0x00, 0x04, 0xb0, 0xdf, 0xff, 0xff, 0xff, 0x70, 0x00, 0x0c, 0x50, 0xc2,
    0x00, 0x00, 0x08, 0x60, 0x00, 0x5f, 0x40, 0xc2, 0x00, 0x00, 0x08, 0x60, 0x01, 0xed, 0x40, 0xcf,
    0xff, 0xff, 0xff, 0x70, 0x0c, 0x99, 0x40, 0xd1, 0x00, 0x00, 0x01, 0x00, 0x06, 0x09, 0x40, 0xff,
    0xff, 0xff, 0xff, 0xf2, 0x00, 0x09, 0x43, 0xdb, 0x0b, 0x25, 0x80, 0xb2, 0x00, 0x09, 0x48, 0xab,
    0x0b, 0x25, 0x80, 0xb2, 0x00, 0x09, 0x5e, 0x5f, 0xff, 0xff, 0xff, 0xf2, 0x00, 0x09, 0x8b, 0x3b,
    0x0b, 0x25, 0x80, 0xb2, 0x00, 0x0a, 0x40, 0x3b, 0x0b, 0x25, 0x80, 0xb2, 0x00, 0x0a, 0x40, 0x3b,
    0x0c, 0x26, 0x93, 0xd2, 0x00, 0x0b, 0x40, 0x39, 0x04, 0x11, 0x2d, 0xa0, 0x00, 0x01, 0xb2, 0x00,
    0x3a, 0x00, 0x00, 0x00, 0x00, 0x05, 0xc2, 0x10, 0x0a, 0x60, 0x01, 0x11, 0x00, 0x0b, 0x4d, 0xff,
    0xff, 0xff, 0xff, 0xf4, 0x00, 0x3c, 0x02, 0x6f, 0xff, 0xff, 0xf8, 0x21, 0x00, 0xbc, 0x00, 0x48,
    0x00, 0x00, 0x67, 0x00, 0x05, 0xcc, 0x00, 0x58, 0x00, 0x00, 0x67, 0x00, 0x2d, 0x4c, 0x00, 0x5f,
    0xff, 0xff, 0xf7, 0x00, 0x00, 0x2c, 0x2f, 0xff, 0xff, 0xff, 0xff, 0xf6, 0x00, 0x2c, 0x2b, 0x01,
    0x00, 0x00, 0x01, 0x76, 0x00, 0x2c, 0x19, 0x3f, 0xff, 0xff, 0xfd, 0x43, 0x00, 0x2c, 0x00, 0x01,
    0x00, 0xe0, 0x11, 0x00, 0x00, 0x2c, 0x00, 0x00, 0x00, 0xe0, 0x00, 0x00, 0x00, 0x3c, 0x00, 0x00,
    0x00, 0xe0, 0x00, 0x00, 0x00, 0x3c, 0x00, 0x00, 0x12, 0xe0, 0x00, 0x00, 0x00, 0x4c, 0x00, 0x00,
    0xce, 0x90, 0x00, 0x00, 0x00, 0x04, 0x90, 0x00, 0x00, 0xe3, 0x00, 0x00, 0x00, 0x08, 0x95, 0x00,
    0x10, 0xd1, 0x15, 0x80, 0x00, 0x0d, 0x2b, 0x70, 0xbf, 0xff, 0xcc, 0x50, 0x00, 0x4a, 0x01, 0xd4,
    0x11, 0xd1, 0x87, 0x00, 0x00, 0xc9, 0x00, 0x22, 0x10, 0xd5, 0xb1, 0x11, 0x07, 0xd9, 0xef, 0x9a,
    0xff, 0xff, 0xff, 0xf7, 0x2e, 0x79, 0x17, 0x71, 0x11, 0xb7, 0x01, 0x11, 0x01, 0x59, 0x07, 0x70,
    0x09, 0x90, 0x00, 0x00, 0x00, 0x59, 0x07, 0x71, 0xbf, 0xff, 0xff, 0x40, 0x00, 0x59, 0x07, 0x8d,
    0xac, 0x00, 0x0b, 0x40, 0x00, 0x59, 0x07, 0x75, 0x3f, 0xff, 0xff, 0x40, 0x00, 0x59, 0x07, 0x7c,
    0x5c, 0x00, 0x0b, 0x40, 0x00, 0x69, 0x09, 0xe6, 0x2c, 0x00, 0x0b, 0x40, 0x00, 0x69, 0x0b, 0x80,
    0x2f, 0xff, 0xff, 0x40, 0x00, 0x79, 0x01, 0x00, 0x3c, 0x00, 0x0b, 0x50, 0x00, 0x00, 0x00, 0x4b,
    0x00, 0x00, 0x00, 0x00, 0x02, 0x11, 0x00, 0x0b, 0x70, 0x00, 0x11, 0x20, 0x1f, 0xff, 0xff, 0xff,
    0xff, 0xff, 0xff, 0xe0, 0x02, 0x11, 0x00, 0xb8, 0x00, 0x11, 0x11, 0x20, 0x00, 0x00, 0x09, 0x90,
    0x02, 0xd2, 0x00, 0x00, 0x00, 0x00, 0x99, 0x00, 0x00, 0x5d, 0x10, 0x00, 0x00, 0x6c, 0xc6, 0x77,
    0x78, 0x8d, 0xc0, 0x00, 0x00, 0x79, 0x7e, 0x87, 0x7e, 0x43, 0xa8, 0x00, 0x00, 0x00, 0x0d, 0x10,
    0x2d, 0x00, 0x11, 0x00, 0x00, 0x00, 0x0e, 0x00, 0x2d, 0x00, 0x00, 0x00, 0x00, 0x00, 0x3d, 0x00,
    0x2d, 0x00, 0x00, 0x00, 0x00, 0x00, 0xb8, 0x00, 0x2d, 0x00, 0x02, 0xb0, 0x00, 0x4c, 0xc1, 0x00,
    0x1e, 0x20, 0x18, 0xc0, 0x09, 0xc7, 0x00, 0x00, 0x0a, 0xef, 0xfc, 0x30, 0x00, 0x00, 0x30, 0x0a,
    0x90, 0x00, 0x00, 0x00, 0x00, 0x03, 0xe2, 0x0a, 0x70, 0x00, 0x00, 0x00, 0x00, 0x08, 0x70, 0x09,
    0x70, 0x01, 0x10, 0x00, 0x00, 0x1e, 0xff, 0xff, 0xff, 0xff, 0xe0, 0x00, 0x00, 0x89, 0x00, 0x09,
    0x70, 0x11, 0x20, 0x00, 0x02, 0xe2, 0x00, 0x09, 0x70, 0x00, 0x00, 0x00, 0x01, 0x30, 0x00, 0x09,
    0x70, 0x00, 0x11, 0x10, 0x0b, 0xff, 0xff, 0xff, 0xff, 0xff, 0xff, 0x80, 0x01, 0x11, 0x08, 0x70,
    0x0c, 0x30, 0x01, 0x10, 0x00, 0x00, 0x0a, 0x50, 0x0c, 0x30, 0x00, 0x00, 0x00, 0x00, 0x1e, 0x20,
    0x0c, 0x30, 0x00, 0x00, 0x00, 0x00, 0xac, 0x00, 0x0c, 0x30, 0x00, 0x00, 0x00, 0x5c, 0xf4, 0x00,
    0x0c, 0x60, 0x02, 0xd2, 0x1d, 0xfe, 0x50, 0x00, 0x07, 0xef, 0xfe, 0x90, 0x08, 0x91, 0x00, 0x00,
    0x00, 0x00, 0x00, 0x00, 0x00, 0x00, 0x00, 0x79, 0x00, 0x00, 0x00, 0x11, 0x10, 0x00, 0x77, 0x00,
    0x01, 0x11, 0x7f, 0xff, 0xff, 0xff, 0xff, 0xff, 0xf8, 0x11, 0x10, 0x00, 0x86, 0x00, 0x01, 0x11,
    0x00, 0x00, 0x00, 0x85, 0x00, 0x00, 0x00, 0x00, 0xc4, 0x34, 0x68, 0xac, 0xee, 0x00, 0x00, 0xb3,
    0x00, 0x00, 0x00, 0x0d, 0x00, 0x00, 0xb3, 0x00, 0x00, 0x00, 0x0d, 0x00, 0x00, 0xcf, 0xff, 0xff,
    0xff, 0xfe, 0x00, 0x00, 0x00, 0x3a, 0x00, 0xd2, 0x00, 0x00, 0x00, 0x00, 0x68, 0x00, 0xd2, 0x00,
    0x00, 0x00, 0x00, 0xc3, 0x00, 0xd2, 0x00, 0x12, 0x00, 0x1a, 0x90, 0x00, 0xd2, 0x00, 0x5c, 0x17,
    0xd9, 0x00, 0x00, 0xad, 0xab, 0xe4, 0x7b, 0x40, 0x00, 0x00, 0x02, 0x22, 0x10, 0x00, 0x00, 0x08,
    0xb0, 0x00, 0x00, 0x00, 0x00, 0x00, 0x01, 0xd1, 0x00, 0x00, 0x00, 0x00, 0x00, 0x00, 0x96, 0x00,
    0x00, 0x00, 0x00, 0x00, 0x00, 0xba, 0x00, 0x00, 0x00, 0x00, 0x00, 0x00, 0xcc, 0x10, 0x00, 0x00,
    0x00, 0x00, 0x05, 0x97, 0x60, 0x00, 0x00, 0x00, 0x00, 0x0b, 0x31, 0xc0, 0x00, 0x00, 0x00, 0x00,
    0x3c, 0x00, 0xa5, 0x00, 0x00, 0x00, 0x00, 0xb5, 0x00, 0x2c, 0x00, 0x00, 0x00, 0x06, 0xb0, 0x00,
    0x09, 0x80, 0x00, 0x00, 0x3d, 0x20, 0x00, 0x01, 0xd5, 0x00, 0x02, 0xd5, 0x00, 0x00, 0x00, 0x3e,
    0x40, 0x4e, 0x70, 0x00, 0x00, 0x00, 0x05, 0xe7, 0x77, 0x00, 0x00, 0x00, 0x00, 0x00, 0x45, 0x00,
    0x00, 0x00, 0x06, 0x90, 0x00, 0x00, 0x00, 0x00, 0x00, 0x00, 0x0d, 0xc0, 0x00, 0x00, 0x00, 0x00,
    0x00, 0x00, 0x98, 0x6a, 0x00, 0x00, 0x00, 0x00, 0x00, 0x08, 0x90, 0x08, 0xb1, 0x00, 0x00, 0x00,
    0x01, 0xa9, 0x00, 0x00, 0x6d, 0x50, 0x00, 0x00, 0x6e, 0x60, 0x00, 0x00, 0x03, 0xcc, 0x61, 0x2d,
    0xc7, 0xff, 0xff, 0xff, 0xff, 0x85, 0xc2, 0x03, 0x00, 0x00, 0x07, 0x80, 0x00, 0x00, 0x00, 0x00,
    0x00, 0x00, 0x07, 0x80, 0x00, 0x00, 0x00, 0x00, 0x06, 0xff, 0xff, 0xff, 0xff, 0x70, 0x00, 0x00,
    0x00, 0x00, 0x07, 0x80, 0x00, 0x00, 0x00, 0x00, 0x00, 0x00, 0x07, 0x80, 0x00, 0x00, 0x00, 0x01,
    0x10, 0x00, 0x07, 0x80, 0x00, 0x01, 0x10, 0x04, 0xff, 0xff, 0xff, 0xff, 0xff, 0xff, 0x40, 0x00,
    0x00, 0x09, 0x50, 0x00, 0x00, 0x00, 0x00, 0x00, 0x03, 0xe2, 0x00, 0x00, 0x00, 0x00, 0x00, 0x00,
    0x8b, 0x00, 0x00, 0x00, 0x00, 0x00, 0x00, 0x18, 0x00, 0x00, 0x00, 0x11, 0x11, 0x00, 0x00, 0x00,
    0x00, 0x00, 0xcf, 0xff, 0xff, 0xff, 0xff, 0xff, 0xfc, 0x00, 0x00, 0x10, 0x00, 0x00, 0x00, 0x00,
    0x00, 0x00, 0xc9, 0x00, 0x46, 0x00, 0x00, 0x00, 0x03, 0xe1, 0x00, 0x2e, 0x40, 0x00, 0x00, 0x0b,
    0x70, 0x00, 0x05, 0xd1, 0x00, 0x00, 0x5d, 0x10, 0x00, 0x00, 0x9a, 0x00, 0x03, 0xe4, 0x00, 0x00,
    0x00, 0x1e, 0x50, 0x2e, 0x80, 0x00, 0x00, 0x00, 0x05, 0xe1, 0x5a, 0x00, 0x00, 0x00, 0x00, 0x00,
    0xb4, 0x00, 0x06, 0x50, 0x00, 0x09, 0x50, 0x00, 0x00, 0x02, 0xe2, 0x00, 0x3d, 0x10, 0x00, 0x01,
    0x10, 0x76, 0x01, 0xc3, 0x01, 0x10, 0x0d, 0xff, 0xff, 0xff, 0xff, 0xff, 0xb0, 0x01, 0x10, 0x00,
    0xb4, 0x00, 0x11, 0x10, 0x00, 0x00, 0x00, 0xb4, 0x00, 0x00, 0x00, 0x11, 0x00, 0x00, 0xc2, 0x00,
    0x00, 0x11, 0xaf, 0xff, 0xff, 0xff, 0xff, 0xff, 0xf8, 0x11, 0x00, 0x03, 0xfc, 0x00, 0x01, 0x11,
    0x00, 0x00, 0x09, 0x7c, 0x60, 0x00, 0x00, 0x00, 0x00, 0x5e, 0x12, 0xe5, 0x00, 0x00, 0x00, 0x06,
    0xe3, 0x00, 0x3e, 0x91, 0x00, 0x05, 0xcc, 0x30, 0x00, 0x01, 0xbe, 0x93, 0x4c, 0x60, 0x00, 0x00,
    0x00, 0x04, 0xb3, 0x00, 0x00, 0x00, 0x7b, 0x00, 0x00, 0x00, 0x00, 0x00, 0x00, 0x69, 0x00, 0x00,
    0x00, 0x0e, 0xff, 0xff, 0xff, 0xff, 0xff, 0xf1, 0x0e, 0x10, 0x00, 0x78, 0x00, 0x00, 0xf0, 0x0e,
    0x10, 0x00, 0xa6, 0x00, 0x00, 0xf0, 0x0e, 0x10, 0x00, 0xd9, 0x00, 0x00, 0xf0, 0x0e, 0x10, 0x04,
    0xd8, 0x80, 0x00, 0xf0, 0x0e, 0x10, 0x0c, 0x50, 0xb7, 0x00, 0xf0, 0x0e, 0x10, 0x8b, 0x00, 0x1d,
    0x60, 0xf0, 0x0e, 0x29, 0xc1, 0x00, 0x03, 0xe4, 0xf0, 0x0e, 0x6c, 0x10, 0x00, 0x00, 0x31, 0xf0,
    0x0e, 0x10, 0x00, 0x00, 0x00, 0x00, 0xf0, 0x0f, 0x20, 0x00, 0x00, 0x00, 0x03, 0xe0, 0x1f, 0x20,
    0x00, 0x00, 0x0a, 0xed, 0x70, 0x00, 0xaf, 0xff, 0xe0, 0x7f, 0xff, 0xfb, 0x00, 0x00, 0x95, 0x01,
    0xd0, 0x68, 0x00, 0x5a, 0x00, 0x00, 0x85, 0x01, 0xd0, 0x68, 0x00, 0x59, 0x00, 0x00, 0x85, 0x01,
    0xd0, 0x68, 0x00, 0x59, 0x00, 0x00, 0x85, 0x01, 0xd0, 0x68, 0x00, 0x59, 0x00, 0x6f, 0xff, 0xff,
    0xff, 0xff, 0xff, 0xff, 0xf6, 0x00, 0x95, 0x01, 0xd0, 0x68, 0x00, 0x59, 0x00, 0x00, 0x95, 0x01,
    0xd0, 0x68, 0x00, 0x59, 0x00, 0x00, 0xa4, 0x01, 0xd0, 0x77, 0x00, 0x59, 0x00, 0x00, 0xd2, 0x01,
    0xd0, 0x85, 0x00, 0x59, 0x00, 0x01, 0xe0, 0x01, 0xd0, 0xb3, 0x00, 0x59, 0x00, 0x06, 0xa0, 0x01,
    0xd1, 0xe0, 0x00, 0x59, 0x00, 0x1d, 0x50, 0x8b, 0xb8, 0xa0, 0x12, 0x89, 0x00, 0x17, 0x00, 0x55,
    0x19, 0x40, 0x1f, 0xc3, 0x00, 0x0f, 0xff, 0xff, 0xff, 0xff, 0xff, 0xf3, 0x0f, 0x05, 0xd0, 0x00,
    0x00, 0x00, 0xc3, 0x0f, 0x05, 0xa0, 0x00, 0x00, 0x00, 0xc3, 0x00, 0x05, 0xff, 0xff, 0xff, 0xf5,
    0x00, 0x00, 0x06, 0x80, 0x00, 0x00, 0x00, 0x00, 0x00, 0x07, 0x70, 0x00, 0x00, 0x01, 0x10, 0x00,
    0x08, 0xff, 0xff, 0xff, 0xff, 0xc0, 0x00, 0x00, 0x00, 0x00, 0x00, 0x04, 0xc0, 0x01, 0x10, 0x00,
    0x00, 0x11, 0x05, 0xb0, 0x4f, 0xff, 0xff, 0xff, 0xf9, 0x05, 0xa0, 0x02, 0x10, 0x00, 0x01, 0x11,
    0x06, 0x90, 0x00, 0x00, 0x00, 0x00, 0x00, 0x08, 0x80, 0x00, 0x00, 0x00, 0x00, 0x44, 0x6e, 0x50,
    0x00, 0x00, 0x00, 0x00, 0x8e, 0xc7, 0x00, 0x00, 0x00, 0x00, 0x05, 0xb2, 0xa1, 0x00, 0x00, 0x09,
    0x20, 0x00, 0x0a, 0x60, 0x9b, 0x00, 0x00, 0x07, 0xd2, 0x00, 0x3b, 0x00, 0x08, 0x10, 0x00, 0x00,
    0x6d, 0x20, 0xcf, 0xff, 0xff, 0xff, 0x90, 0x00, 0x05, 0x07, 0xf8, 0x00, 0xc4, 0x00, 0x00, 0x00,
    0x00, 0x5e, 0x98, 0x00, 0xc4, 0x00, 0x00, 0x00, 0x00, 0x34, 0x7f, 0xff, 0xff, 0xff, 0x20, 0x00,
    0x03, 0x10, 0x78, 0x00, 0xc4, 0x00, 0x00, 0x00, 0x0b, 0x80, 0x78, 0x00, 0xc4, 0x00, 0x00, 0x00,
    0x5d, 0x10, 0x7f, 0xff, 0xff, 0xff, 0x20, 0x02, 0xe4, 0x00, 0x78, 0x00, 0xc4, 0x00, 0x00, 0x0b,
    0x90, 0x00, 0x88, 0x00, 0xc4, 0x00, 0x00, 0x02, 0x10, 0x00, 0x8f, 0xff, 0xff, 0xff, 0xf1, 0x00,
    0x00, 0x00, 0x98, 0x00, 0x00, 0x00, 0x10, 0x00, 0x00, 0x00, 0x00, 0x02, 0xe5, 0x60, 0x00, 0x02,
    0x00, 0x11, 0x00, 0x00, 0xd1, 0xa7, 0x10, 0x1d, 0x50, 0x7f, 0xff, 0xff, 0xff, 0xff, 0x80, 0x02,
    0xd3, 0x68, 0x00, 0x00, 0xd0, 0x11, 0x10, 0x00, 0x56, 0x58, 0x10, 0x01, 0xc0, 0x24, 0x00, 0x00,
    0x00, 0x48, 0xef, 0xfb, 0xb1, 0x5b, 0x00, 0x00, 0x00, 0x49, 0x10, 0x02, 0xa3, 0x76, 0x00, 0x00,
    0x04, 0x59, 0xbf, 0xfb, 0x84, 0xa3, 0x00, 0x00, 0x4b, 0x68, 0xa2, 0x1b, 0x67, 0xc0, 0x00, 0x00,
    0xb4, 0x76, 0xa2, 0x1b, 0x3e, 0x70, 0x00, 0x06, 0xb0, 0xa4, 0xbf, 0xfb, 0x1f, 0x30, 0x00, 0x3e,
    0x31, 0xe1, 0x82, 0x07, 0xba, 0x90, 0x20, 0x04, 0x0a, 0x80, 0x01, 0x6d, 0x60, 0xc5, 0x96, 0x00,
    0x6c, 0x10, 0x00, 0x74, 0x00, 0x2d, 0xf2, 0x00, 0x00, 0x00, 0x00, 0x00, 0x00, 0x01, 0x30, 0x00,
    0x00, 0x00, 0x99, 0x00, 0x00, 0x00, 0x05, 0x40, 0x00, 0x97, 0x00, 0x06, 0x40, 0x08, 0x70, 0x00,
    0x97, 0x00, 0x0a, 0x60, 0x08, 0x60, 0x00, 0x97, 0x00, 0x0a, 0x50, 0x08, 0x60, 0x00, 0x97, 0x00,
    0x0a, 0x50, 0x08, 0x60, 0x00, 0x97, 0x00, 0x0a, 0x50, 0x06, 0xcd, 0xef, 0xff, 0xff, 0xff, 0x60,
    0x00, 0x00, 0x00, 0x97, 0x00, 0x11, 0x10, 0x4a, 0x00, 0x00, 0x97, 0x00, 0x00, 0xb2, 0x5a, 0x00,
    0x00, 0x97, 0x00, 0x00, 0xe1, 0x5a, 0x00, 0x00, 0x97, 0x00, 0x00, 0xe1, 0x5a, 0x00, 0x00, 0x97,
    0x00, 0x00, 0xe1, 0x5e, 0xcb, 0xbb, 0xdc, 0xbb, 0xbb, 0xf1, 0x11, 0x10, 0x00, 0x00, 0x00, 0x00,
    0xe1, 0x00, 0x00, 0x04, 0xa1, 0x07, 0x60, 0x00, 0x00, 0x00, 0x00, 0x0b, 0x80, 0x03, 0xc0, 0x00,
    0x00, 0x00, 0x00, 0x3d, 0x00, 0x00, 0xa6, 0x00, 0x00, 0x00, 0x00, 0xc4, 0x00, 0x00, 0x2d, 0x10,
    0x00, 0x00, 0x09, 0x80, 0x00, 0x00, 0x06, 0xb1, 0x00, 0x00, 0x8c, 0x10, 0x00, 0x00, 0x01, 0xac,
    0x30, 0x09, 0xd8, 0xff, 0xff, 0xff, 0xff, 0x68, 0xc0, 0x06, 0x30, 0x01, 0xc0, 0x00, 0x0a, 0x50,
    0x10, 0x00, 0x00, 0x03, 0xa0, 0x00, 0x0b, 0x40, 0x00, 0x00, 0x00, 0x06, 0x70, 0x00, 0x0c, 0x20,
    0x00, 0x00, 0x00, 0x0b, 0x20, 0x00, 0x0d, 0x10, 0x00, 0x00, 0x00, 0x77, 0x00, 0x00, 0x0e, 0x00,
    0x00, 0x00, 0x19, 0x80, 0x00, 0x00, 0x4d, 0x00, 0x00, 0x03, 0xb4, 0x00, 0x00, 0xbd, 0xb4, 0x00,
    0x00, 0x00, 0x5c, 0x00, 0x00, 0x00, 0x00, 0x00, 0x00, 0x4a, 0x00, 0x00, 0x00, 0x00, 0x00, 0x00,
    0x4a, 0x00, 0x8f, 0xff, 0xff, 0xfe, 0x00, 0x4b, 0x47, 0x51, 0x0e, 0x00, 0x1e, 0xbd, 0xdd, 0x97,
    0x30, 0x0e, 0x00, 0x1d, 0x21, 0x4a, 0x00, 0x00, 0x0d, 0x00, 0x1d, 0x00, 0x4a, 0x00, 0x00, 0x1c,
    0x00, 0x1d, 0x00, 0x4a, 0x00, 0x10, 0x3b, 0x00, 0x2d, 0x00, 0x4a, 0x02, 0xc1, 0x68, 0x00, 0x2d,
    0x00, 0x4a, 0x4d, 0x40, 0xb5, 0x00, 0x2c, 0x00, 0x6d, 0xc2, 0x03, 0xe0, 0x00, 0x2c, 0x00, 0x9b,
    0x10, 0x1d, 0x60, 0x00, 0x5b, 0x00, 0x01, 0x03, 0xd8, 0x00, 0x5a, 0xe6, 0x00, 0x00, 0x0b, 0x60,
    0x00, 0x36, 0x20, 0x11, 0x00, 0x00, 0x01, 0x10, 0x00, 0xa8, 0x7f, 0xff, 0xff, 0xff, 0xc0, 0x00,
    0x97, 0x11, 0x09, 0x40, 0x01, 0x16, 0x80, 0x87, 0x00, 0x0c, 0x10, 0x00, 0x07, 0x80, 0x87, 0x00,
    0x2f, 0xff, 0xff, 0x16, 0x80, 0x87, 0x00, 0x95, 0x00, 0x2c, 0x06, 0x80, 0x87, 0x03, 0xd1, 0x00,
    0x68, 0x06, 0x80, 0x87, 0x2d, 0x4a, 0x80, 0xa3, 0x06, 0x80, 0x87, 0x58, 0x00, 0x8a, 0xd0, 0x06,
    0x80, 0x87, 0x00, 0x00, 0x0b, 0x60, 0x07, 0x90, 0x87, 0x00, 0x00, 0x6b, 0x00, 0x05, 0x60, 0x87,
    0x00, 0x07, 0xc1, 0x00, 0x00, 0x00, 0x87, 0x05, 0xda, 0x10, 0x00, 0x00, 0x22, 0xb6, 0x2c, 0x50,
    0x00, 0x00, 0x00, 0x5e, 0xb1, 0x00, 0x69, 0x10, 0x00, 0x00, 0x00, 0x00, 0x00, 0x00, 0x19, 0xd3,
    0x0b, 0xff, 0xff, 0xff, 0xf3, 0x01, 0x00, 0x65, 0x00, 0x03, 0xb0, 0x00, 0xd2, 0x1f, 0xff, 0xfe,
    0x90, 0x03, 0xb0, 0x00, 0xe1, 0x03, 0x11, 0x1d, 0x30, 0x03, 0xb0, 0x00, 0xf0, 0x00, 0x00, 0x89,
    0x00, 0x04, 0xb0, 0x01, 0xe0, 0x00, 0x04, 0xd1, 0x6a, 0x05, 0xa0, 0x01, 0xe0, 0x00, 0x3e, 0xc2,
    0xd2, 0x06, 0x80, 0x02, 0xd0, 0x06, 0xea, 0xde, 0x60, 0x09, 0x70, 0x03, 0xc0, 0x1c, 0x46, 0x84,
    0xe4, 0x0c, 0x40, 0x04, 0xb0, 0x00, 0x06, 0x80, 0x54, 0x3e, 0x10, 0x04, 0xb0, 0x00, 0x06, 0x80,
    0x00, 0xc8, 0x00, 0x05, 0xa0, 0x00, 0x06, 0x80, 0x1b, 0xe1, 0x00, 0x08, 0x70, 0x00, 0x07, 0x92,
    0xde, 0x40, 0x0b, 0xd9, 0x10, 0x00, 0x07, 0xa0, 0xa3, 0x00, 0x00, 0x00, 0x00, 0x00, 0x00, 0x00,
    0x00, 0x00, 0x00, 0x01, 0xe1, 0x00, 0xcf, 0xf9, 0x2f, 0xff, 0x71, 0x21, 0xd0, 0x00, 0xb2, 0x49,
    0x2c, 0x07, 0x75, 0xb0, 0xd0, 0x00, 0xb2, 0x48, 0x2c, 0x07, 0x74, 0xa0, 0xd0, 0x00, 0xb2, 0x48,
    0x2c, 0x07, 0x74, 0xa0, 0xd0, 0x01, 0xb2, 0x48, 0x2c, 0x07, 0x74, 0xa0, 0xd0, 0x1f, 0xff, 0xff,
    0xff, 0xff, 0xfa, 0xa0, 0xd0, 0x00, 0xb2, 0x48, 0x2b, 0x07, 0x74, 0xa0, 0xd0, 0x00, 0xc1, 0x48,
    0x2b, 0x07, 0x74, 0xa0, 0xd0, 0x00, 0xd1, 0x48, 0x3b, 0x07, 0x75, 0xb0, 0xd0, 0x00, 0xd0, 0x48,
    0x4a, 0x07, 0x71, 0x30, 0xd0, 0x04, 0xa0, 0x48, 0x68, 0x07, 0x70, 0x00, 0xd0, 0x0a, 0x60, 0x58,
    0xa5, 0x07, 0x70, 0x00, 0xd0, 0x1b, 0x0a, 0xd5, 0xb1, 0xbe, 0x30, 0x8b, 0xb0, 0x00, 0x00, 0x00,
    0x00, 0x10, 0x00, 0x35, 0x10, 0x11, 0x00, 0x00, 0x01, 0x10, 0x00, 0x9a, 0xaf, 0xff, 0xff, 0xff,
    0xc0, 0x00, 0x88, 0x11, 0x0b, 0x60, 0x11, 0x15, 0xb0, 0x78, 0x00, 0x89, 0x05, 0xc1, 0x04, 0xa0,
    0x78, 0x07, 0xa0, 0x01, 0x8b, 0x04, 0xa0, 0x78, 0x3f, 0xed, 0xcb, 0xab, 0x84, 0xa0, 0x78, 0x02,
    0x01, 0x40, 0x01, 0x34, 0xa0, 0x78, 0x00, 0x00, 0xf2, 0x00, 0x04, 0xa0, 0x78, 0x11, 0x00, 0xe0,
    0x01, 0x04, 0xa0, 0x78, 0x4f, 0xff, 0xff, 0xff, 0x45, 0xb0, 0x78, 0x11, 0x10, 0xe0, 0x11, 0x01,
    0x10, 0x78, 0x00, 0x01, 0xe6, 0x9c, 0x80, 0x00, 0x78, 0xae, 0xeb, 0x97, 0x53, 0x10, 0x23, 0xa8,
    0x33, 0x00, 0x00, 0x00, 0x00, 0x4e, 0xa2, 0x00, 0x96, 0x8a, 0x00, 0x00, 0x00, 0x7b, 0x01, 0xd3,
    0x87, 0x00, 0x00, 0x00, 0x69, 0x07, 0xed, 0xff, 0xff, 0xe1, 0xf1, 0x69, 0x2e, 0x10, 0x77, 0x00,
    0x00, 0xe0, 0x69, 0x78, 0x00, 0x77, 0x01, 0x21, 0xe0, 0x69, 0x7f, 0xff, 0xff, 0xff, 0xf4, 0xe0,
    0x69, 0x11, 0x10, 0x77, 0x01, 0x21, 0xe0, 0x69, 0x00, 0x00, 0x77, 0x00, 0x00, 0xe0, 0x69, 0x08,
    0xff, 0xff, 0xff, 0x90, 0xe0, 0x69, 0x08, 0x70, 0x77, 0x05, 0x91, 0xf0, 0x69, 0x08, 0x70, 0x77,
    0x05, 0x90, 0x10, 0x69, 0x08, 0x70, 0x77, 0x17, 0x90, 0x00, 0x69, 0x08, 0x70, 0x77, 0xbe, 0x40,
    0x00, 0x69, 0x04, 0x30, 0x87, 0x10, 0x00, 0x23, 0x99, 0x00, 0x00, 0x98, 0x00, 0x00, 0x2e, 0xb2,
    0x00, 0x11, 0x00, 0x00, 0x11, 0x00, 0x05, 0xd0, 0x00, 0x7f, 0xff, 0xff, 0xfb, 0x00, 0x04, 0xc0,
    0x00, 0x68, 0x00, 0x00, 0x3a, 0x0b, 0x33, 0xc0, 0x00, 0x68, 0x00, 0x00, 0x3a, 0x0d, 0x13, 0xc0,
    0x00, 0x5f, 0xff, 0xff, 0xfb, 0x0c, 0x13, 0xc0, 0x00, 0x68, 0x00, 0xa6, 0x00, 0x0c, 0x13, 0xc0,
    0x00, 0x67, 0x10, 0x94, 0x00, 0x0c, 0x13, 0xc0, 0x00, 0x78, 0xff, 0xff, 0xfe, 0x0c, 0x13, 0xc0,
    0x00, 0x86, 0xc0, 0x94, 0x0d, 0x0d, 0x13, 0xc0, 0x00, 0xa5, 0xc0, 0x94, 0x0d, 0x0d, 0x23, 0xc0,
    0x00, 0xd2, 0xc0, 0x94, 0x0d, 0x04, 0x13, 0xc0, 0x02, 0xc2, 0xc0, 0x96, 0x7e, 0x00, 0x03, 0xc0,
    0x0a, 0x72, 0x80, 0x95, 0x84, 0x00, 0x03, 0xc0, 0x07, 0x10, 0x00, 0x95, 0x00, 0x01, 0x26, 0xb0,
    0x00, 0x00, 0x00, 0xb6, 0x00, 0x01, 0xfe, 0x60, 0x00, 0x05, 0x80, 0x00, 0x00, 0x00, 0x57, 0x11,
    0x11, 0xd1, 0x01, 0x20, 0x00, 0x79, 0x9f, 0xff, 0xff, 0xff, 0xf4, 0x10, 0x69, 0x14, 0x30, 0x01,
    0xb4, 0x12, 0xe1, 0x69, 0x02, 0x8b, 0x8b, 0x30, 0x01, 0xe0, 0x69, 0x00, 0x29, 0xbb, 0xb3, 0x01,
    0xe0, 0x69, 0x6b, 0xc5, 0x00, 0x4c, 0xa1, 0xe0, 0x69, 0x44, 0x46, 0x00, 0x62, 0x31, 0xe0, 0x69,
    0x00, 0x69, 0x00, 0xc2, 0x01, 0xe0, 0x69, 0x00, 0x77, 0x00, 0xc2, 0x01, 0xe0, 0x69, 0x00, 0x95,
    0x00, 0xc2, 0x02, 0xf0, 0x69, 0x01, 0xe1, 0x00, 0xc2, 0x00, 0x10, 0x69, 0x1b, 0x70, 0x00, 0xc2,
    0x00, 0x11, 0x99, 0x4a, 0x00, 0x00, 0xc3, 0x00, 0x3f, 0xd4, 0x00, 0x00, 0x84, 0x00, 0x00, 0x3b,
    0x10, 0x00, 0x02, 0x10, 0x2d, 0x40, 0x03, 0xb2, 0x01, 0x20, 0x2f, 0xff, 0xff, 0xff, 0xff, 0xff,
    0xff, 0xf2, 0x02, 0x10, 0x00, 0x00, 0x00, 0x00, 0x01, 0x20, 0x00, 0xcf, 0xff, 0xfc, 0x01, 0x00,
    0x78, 0x00, 0x00, 0xb3, 0x00, 0x3c, 0x07, 0x90, 0x87, 0x00, 0x00, 0xb3, 0x00, 0x3c, 0x07, 0x70,
    0x77, 0x00, 0x00, 0xbf, 0xff, 0xfc, 0x07, 0x70, 0x77, 0x00, 0x00, 0xb3, 0x00, 0x3c, 0x07, 0x70,
    0x77, 0x00, 0x00, 0xb3, 0x00, 0x3c, 0x07, 0x70, 0x77, 0x00, 0x00, 0xbf, 0xff, 0xfc, 0x08, 0x80,
    0x77, 0x00, 0x00, 0xb3, 0x00, 0x3c, 0x00, 0x10, 0x77, 0x00, 0x00, 0xc3, 0x01, 0x4b, 0x00, 0x21,
    0x96, 0x00, 0x00, 0xd3, 0x09, 0xd6, 0x00, 0x6e, 0xc2, 0x00, 0x00, 0x00, 0x01, 0x24, 0x76, 0x00,
    0x04, 0xd0, 0x00, 0x9e, 0xdd, 0xda, 0x87, 0x00, 0x03, 0xb0, 0x00, 0x00, 0x05, 0x80, 0x00, 0x04,
    0x63, 0xb0, 0x00, 0x00, 0x05, 0x80, 0x00, 0x06, 0x83, 0xb0, 0x0b, 0xff, 0xff, 0xff, 0xff, 0xf8,
    0x83, 0xb0, 0x00, 0x03, 0x95, 0x86, 0x71, 0x26, 0x83, 0xb0, 0x08, 0xff, 0x95, 0x86, 0xbd, 0x86,
    0x83, 0xb0, 0x00, 0x03, 0x95, 0x86, 0x91, 0x36, 0x83, 0xb0, 0x08, 0xab, 0x95, 0x86, 0xa6, 0xd6,
    0x83, 0xb0, 0x04, 0x13, 0x7a, 0xd3, 0x67, 0x26, 0x83, 0xb0, 0x00, 0x00, 0x9a, 0xac, 0x50, 0x03,
    0x43, 0xb0, 0x00, 0x1a, 0x75, 0x81, 0xc7, 0x00, 0x03, 0xb0, 0x04, 0xd6, 0x05, 0x80, 0x2c, 0x20,
    0x03, 0xb0, 0x09, 0x40, 0x05, 0x90, 0x00, 0x01, 0x37, 0xb0, 0x00, 0x00, 0x06, 0xa0, 0x00, 0x00,
    0xec, 0x40, 0x00, 0x04, 0x90, 0x00, 0x00, 0x00, 0x56, 0x00, 0x00, 0xa4, 0x00, 0x00, 0x00, 0x77,
    0x7f, 0xff, 0xff, 0xff, 0xf1, 0x10, 0x77, 0x77, 0x00, 0xa5, 0x00, 0xd2, 0xe1, 0x77, 0x07, 0xff,
    0xff, 0xff, 0x31, 0xd0, 0x77, 0x02, 0x21, 0xa4, 0x13, 0x00, 0xd0, 0x77, 0x07, 0xff, 0xff, 0xff,
    0x00, 0xd0, 0x77, 0x22, 0x21, 0xa4, 0x12, 0x11, 0xd0, 0x77, 0xdf, 0xff, 0xff, 0xff, 0xf6, 0xd0,
    0x77, 0x21, 0x10, 0xa4, 0x01, 0x22, 0xd0, 0x77, 0x05, 0xff, 0xff, 0xff, 0x01, 0xe0, 0x77, 0x04,
    0x90, 0x00, 0x0d, 0x00, 0x10, 0x77, 0x05, 0xff, 0xff, 0xff, 0x00, 0x00, 0x77, 0x06, 0x90, 0x00,
    0x0b, 0x00, 0x5d, 0xb2, 0x00, 0x00, 0x00, 0xb7, 0x00, 0x00, 0x00, 0x00, 0x00, 0x00, 0xb5, 0x00,
    0x00, 0x00, 0x01, 0x10, 0x00, 0xb4, 0x00, 0x01, 0x10, 0x04, 0xff, 0xff, 0xff, 0xff, 0xff, 0xf3,
    0x00, 0x00, 0x00, 0xc3, 0x00, 0x00, 0xc2, 0x00, 0x00, 0x00, 0xd2, 0x00, 0x00, 0xd2, 0x00, 0x00,
    0x00, 0xf0, 0x00, 0x00, 0xd1, 0x00, 0x00, 0x02, 0xd0, 0x00, 0x00, 0xe0, 0x00, 0x00, 0x06, 0x90,
    0x00, 0x00, 0xe0, 0x00, 0x00, 0x0d, 0x30, 0x00, 0x00, 0xe0, 0x00, 0x00, 0x5c, 0x00, 0x00, 0x01,
    0xe0, 0x00, 0x01, 0xe3, 0x00, 0x00, 0x01, 0xd0, 0x00, 0x1c, 0x70, 0x00, 0x00, 0x05, 0xc0, 0x04,
    0xd9, 0x00, 0x00, 0x3b, 0xbe, 0x70, 0x09, 0x70, 0x00, 0x00, 0x06, 0x52, 0x00, 0x00, 0x00, 0x00,
    0x00, 0x0e, 0x40, 0x00, 0x01, 0x10, 0x00, 0x11, 0x00, 0xe2, 0x00, 0x00, 0xbf, 0xff, 0xff, 0x50,
    0x0e, 0x10, 0x00, 0x01, 0x11, 0xd0, 0x17, 0xff, 0xff, 0xff, 0xf0, 0x00, 0x1d, 0x00, 0x11, 0x0f,
    0x00, 0x0e, 0x00, 0x01, 0xd0, 0x00, 0x01, 0xe0, 0x01, 0xe0, 0x00, 0x1d, 0x00, 0x00, 0x2d, 0x00,
    0x2d, 0x00, 0x01, 0xd0, 0x00, 0x04, 0xb0, 0x03, 0xc0, 0x00, 0x1d, 0x00, 0x00, 0x78, 0x00, 0x4b,
    0x00, 0x01, 0xd0, 0x13, 0x0b, 0x50, 0x04, 0xb0, 0x01, 0x4e, 0xbe, 0x82, 0xe1, 0x00, 0x5a, 0x0c,
    0xfb, 0x73, 0x00, 0xa8, 0x00, 0x06, 0x90, 0x31, 0x00, 0x00, 0x6d, 0x10, 0x00, 0x98, 0x00, 0x00,
    0x00, 0x7e, 0x30, 0x07, 0xee, 0x20, 0x00, 0x00, 0x2b, 0x40, 0x00, 0x23, 0x00, 0x00, 0x00, 0x09,
    0xa0, 0x00, 0x00, 0x00, 0x00, 0x00, 0x08, 0x80, 0x00, 0x00, 0x00, 0x00, 0x01, 0x07, 0x80, 0x00,
    0x3f, 0xff, 0xfb, 0x2f, 0xff, 0xff, 0xfb, 0x2b, 0x00, 0x4a, 0x01, 0x07, 0x70, 0x4a, 0x2b, 0x00,
    0x4a, 0x00, 0x08, 0x70, 0x5a, 0x2b, 0x00, 0x4a, 0x00, 0x09, 0x60, 0x59, 0x2b, 0x00, 0x4a, 0x00,
    0x0a, 0x40, 0x69, 0x2b, 0x00, 0x4a, 0x00, 0x0c, 0x10, 0x68, 0x2b, 0x00, 0x4a, 0x00, 0x1d, 0x00,
    0x78, 0x2b, 0x00, 0x4a, 0x00, 0x68, 0x00, 0x77, 0x2b, 0x00, 0x4a, 0x01, 0xd2, 0x00, 0x96, 0x2f,
    0xff, 0xfa, 0x0a, 0x90, 0x59, 0xe2, 0x3b, 0x00, 0x4b, 0x5b, 0x00, 0x47, 0x30, 0x26, 0x00, 0x13,
    0x00, 0x00, 0x00, 0x00, 0x04, 0xc1, 0x00, 0x01, 0x00, 0x01, 0x10, 0x04, 0xb0, 0x00, 0x3f, 0xff,
    0xff, 0xb1, 0x04, 0xa0, 0x11, 0x01, 0x00, 0x01, 0x1e, 0xff, 0xff, 0xfe, 0x11, 0x00, 0x00, 0x12,
    0x14, 0xa0, 0x1e, 0xef, 0xff, 0xff, 0xf3, 0x04, 0xa0, 0x1d, 0x10, 0x79, 0x00, 0x10, 0x05, 0x90,
    0x1d, 0x00, 0xb4, 0x12, 0x00, 0x06, 0x70, 0x2d, 0x02, 0xd0, 0x6a, 0x00, 0x08, 0x60, 0x2c, 0x07,
    0x70, 0x0b, 0x40, 0x0b, 0x30, 0x3c, 0x0d, 0x10, 0x05, 0xc0, 0x1e, 0x00, 0x3b, 0xae, 0xbd, 0xdb,
    0xd4, 0x79, 0x00, 0x4b, 0x56, 0x30, 0x00, 0x45, 0xe2, 0x00, 0x5a, 0x00, 0x00, 0x00, 0x2d, 0x70,
    0x6a, 0xd7, 0x00, 0x00, 0x00, 0x79, 0x00, 0x48, 0x50, 0x00, 0x00, 0x00, 0x00, 0x00, 0x7b, 0x00,
    0x00, 0x00, 0x9f, 0xff, 0xe3, 0x00, 0x78, 0x00, 0x00, 0x00, 0xb4, 0x00, 0xc3, 0x10, 0x77, 0x00,
    0x10, 0x00, 0xb4, 0x00, 0xc6, 0xff, 0xff, 0xff, 0xf2, 0x00, 0xbf, 0xff, 0xf3, 0x00, 0x77, 0x00,
    0xe2, 0x00, 0xb4, 0x00, 0xc3, 0x00, 0x86, 0x00, 0xe2, 0x00, 0xb4, 0x00, 0xc3, 0x00, 0x95, 0x00,
    0xf1, 0x00, 0xb4, 0x00, 0xc3, 0x00, 0xb4, 0x00, 0xf1, 0x00, 0xbf, 0xff, 0xf3, 0x00, 0xe1, 0x00,
    0xf0, 0x00, 0xb4, 0x00, 0xc3, 0x03, 0xd0, 0x00, 0xf0, 0x00, 0xb4, 0x00, 0xc4, 0x18, 0x80, 0x01,
    0xf0, 0x00, 0xb7, 0x69, 0xec, 0x5e, 0x20, 0x01, 0xe0, 0x0c, 0xeb, 0x74, 0x00, 0xb9, 0x00, 0x02,
    0xe0, 0x02, 0x00, 0x00, 0x1b, 0xc1, 0x04, 0x9c, 0xb0, 0x00, 0x00, 0x00, 0x4b, 0x20, 0x01, 0x97,
    0x20, 0x00, 0x01, 0xc2, 0x00, 0x00, 0x00, 0x00, 0x00, 0x06, 0xa0, 0x00, 0x00, 0x00, 0x00, 0x00,
    0x0c, 0xff, 0xff, 0xff, 0xff, 0xe8, 0x00, 0x69, 0x01, 0xd0, 0x0b, 0x30, 0x88, 0x02, 0xd1, 0x04,
    0xa0, 0x0d, 0x20, 0x88, 0x1c, 0x50, 0x09, 0x50, 0x0e, 0x00, 0x88, 0x37, 0x00, 0x1c, 0x00, 0x3b,
    0x00, 0x87, 0x00, 0x00, 0x96, 0x00, 0x77, 0x00, 0x97, 0x00, 0x07, 0xb0, 0x00, 0xd2, 0x00, 0x96,
    0x01, 0x9c, 0x10, 0x08, 0xa0, 0x00, 0xa5, 0x2d, 0xa1, 0x00, 0x5d, 0x10, 0x00, 0xa5, 0x03, 0x00,
    0x07, 0xe2, 0x00, 0x00, 0xc4, 0x00, 0x01, 0xcd, 0x20, 0x32, 0x15, 0xf1, 0x00, 0x00, 0x31, 0x00,
    0x9f, 0xec, 0x50, 0x00, 0x00, 0x0b, 0x40, 0x67, 0x00, 0x00, 0x00, 0x00, 0x00, 0x4d, 0x10, 0x97,
    0x00, 0x00, 0x00, 0x00, 0x00, 0xc4, 0x00, 0x87, 0x00, 0x00, 0x00, 0x00, 0x06, 0xb0, 0x00, 0x87,
    0x00, 0x06, 0x30, 0x00, 0x2e, 0x80, 0x00, 0x87, 0x00, 0x4f, 0x70, 0x01, 0xcd, 0x80, 0x00, 0x87,
    0x03, 0xe4, 0x00, 0x1c, 0xa7, 0x80, 0x00, 0x87, 0x4d, 0x30, 0x00, 0x05, 0x17, 0x80, 0x00, 0x8c,
    0xd2, 0x00, 0x00, 0x00, 0x07, 0x80, 0x01, 0xbb, 0x10, 0x00, 0x00, 0x00, 0x07, 0x80, 0x4d, 0xe7,
    0x00, 0x00, 0x00, 0x00, 0x07, 0x88, 0xe5, 0x87, 0x00, 0x00, 0x00, 0x00, 0x07, 0x81, 0x20, 0x87,
    0x00, 0x00, 0x61, 0x00, 0x07, 0x80, 0x00, 0x89, 0x10, 0x05, 0xf2, 0x00, 0x07, 0x80, 0x00, 0x3d,
    0xff, 0xfc, 0x50, 0x00, 0x09, 0x80, 0x00, 0x00, 0x00, 0x00, 0x00, 0x00, 0x00, 0x0b, 0x70, 0x0d,
    0x60, 0x00, 0x00, 0x00, 0x00, 0x0b, 0x50, 0x0c, 0x30, 0x00, 0x00, 0x00, 0x00, 0x0a, 0x50, 0x0c,
    0x30, 0x00, 0x00, 0x00, 0x00, 0x0a, 0x50, 0x0c, 0x30, 0x01, 0x10, 0x01, 0x00, 0x0a, 0x50, 0x0c,
    0x31, 0x7e, 0xb0, 0x0e, 0xff, 0xff, 0x50, 0x0c, 0xbc, 0x73, 0x00, 0x00, 0x00, 0x0a, 0x50, 0x0c,
    0x40, 0x00, 0x00, 0x00, 0x00, 0x0a, 0x50, 0x0c, 0x30, 0x00, 0x00, 0x00, 0x00, 0x0a, 0x50, 0x0c,
    0x30, 0x00, 0x00, 0x00, 0x00, 0x4d, 0x50, 0x0c, 0x30, 0x00, 0x00, 0x00, 0x3b, 0xab, 0x50, 0x0c,
    0x30, 0x00, 0x00, 0x2b, 0xe6, 0x0a, 0x50, 0x0c, 0x30, 0x00, 0x92, 0x0a, 0x20, 0x0b, 0x50, 0x0b,
    0x60, 0x03, 0xe2, 0x00, 0x00, 0x0c, 0x60, 0x06, 0xef, 0xfe, 0x70, 0x2f, 0xff, 0xff, 0xff, 0xff,
    0xff, 0x90, 0x2d, 0x00, 0x00, 0x00, 0x00, 0x31, 0x10, 0x2d, 0x06, 0x40, 0x00, 0x01, 0xd5, 0x00,
    0x2d, 0x02, 0xc4, 0x00, 0x09, 0x90, 0x00, 0x2d, 0x00, 0x2c, 0x40, 0x5c, 0x00, 0x00, 0x2d, 0x00,
    0x02, 0xd6, 0xd2, 0x00, 0x00, 0x2d, 0x00, 0x00, 0x4f, 0x60, 0x00, 0x00, 0x2d, 0x00, 0x02, 0xd7,
    0xd3, 0x00, 0x00, 0x2d, 0x00, 0x3d, 0x40, 0x4d, 0x20, 0x00, 0x2d, 0x07, 0xe4, 0x00, 0x06, 0xd1,
    0x00, 0x2d, 0x1b, 0x20, 0x00, 0x00, 0x86, 0x00, 0x2d, 0x00, 0x00, 0x00, 0x00, 0x01, 0x20, 0x3f,
    0xff, 0xff, 0xff, 0xff, 0xff, 0xf3, 0x4f, 0xff, 0xff, 0xff, 0xff, 0xff, 0xe0, 0x4c, 0x00, 0x36,
    0x00, 0x00, 0x11, 0x20, 0x3c, 0x00, 0xa7, 0x00, 0x00, 0x00, 0x00, 0x3c, 0x04, 0xff, 0xff, 0xff,
    0xfb, 0x00, 0x3c, 0x3e, 0x50, 0x0b, 0x30, 0x00, 0x00, 0x3c, 0x47, 0x10, 0x0c, 0x10, 0x01, 0x10,
    0x3c, 0x6f, 0xff, 0xff, 0xff, 0xff, 0xa0, 0x3c, 0x12, 0x10, 0x6a, 0x34, 0x12, 0x20, 0x3c, 0x00,
    0x03, 0xd3, 0x3d, 0x70, 0x00, 0x3c, 0x02, 0x8e, 0x40, 0x01, 0xca, 0x00, 0x3c, 0x4f, 0xa2, 0x00,
    0x00, 0x19, 0x10, 0x3c, 0x01, 0x00, 0x00, 0x00, 0x01, 0x11, 0x4f, 0xff, 0xff, 0xff, 0xff, 0xff,
    0xf4, 0x00, 0x00, 0x00, 0x29, 0x20, 0x7a, 0x00, 0x00, 0x01, 0x36, 0x9d, 0xc8, 0x40, 0x78, 0x00,
    0x00, 0x02, 0xd9, 0x5d, 0x20, 0x00, 0x68, 0x00, 0x00, 0x00, 0x00, 0x0c, 0x20, 0x00, 0x68, 0x00,
    0x00, 0x00, 0x00, 0x0c, 0x20, 0x00, 0x68, 0x00, 0x00, 0x02, 0x10, 0x0c, 0x20, 0x00, 0x68, 0x01,
    0x20, 0x1f, 0xff, 0xff, 0xff, 0xff, 0xff, 0xff, 0xf0, 0x02, 0x10, 0x0d, 0x10, 0x00, 0x68, 0x01,
    0x20, 0x00, 0x00, 0x0e, 0x00, 0x00, 0x68, 0x00, 0x00, 0x00, 0x00, 0x3b, 0x00, 0x00, 0x68, 0x00,
    0x00, 0x00, 0x00, 0x96, 0x00, 0x00, 0x68, 0x00, 0x00, 0x00, 0x04, 0xd1, 0x00, 0x00, 0x68, 0x00,
    0x00, 0x01, 0x7e, 0x20, 0x00, 0x00, 0x78, 0x00, 0x00, 0x06, 0xb2, 0x00, 0x00, 0x00, 0x79, 0x00,
    0x00, 0x00, 0x00, 0x00, 0x00, 0x00, 0x45, 0x00, 0x00, 0x00, 0x05, 0xa0, 0x00, 0x00, 0x00, 0x00,
    0x00, 0x0a, 0x50, 0x00, 0x00, 0x00, 0x00, 0x00, 0x3f, 0xff, 0xff, 0xff, 0xff, 0x50, 0x01, 0xd4,
    0x00, 0x2d, 0x00, 0x00, 0x00, 0x0b, 0x80, 0x00, 0x2d, 0x00, 0x00, 0x00, 0x5a, 0x00, 0x00, 0x2d,
    0x00, 0x00, 0x00, 0x11, 0x10, 0x00, 0x2d, 0x00, 0x01, 0x11, 0xbf, 0xff, 0xff, 0xff, 0xff, 0xff,
    0xfb, 0x21, 0x11, 0x00, 0x2d, 0x00, 0x01, 0x12, 0x00, 0x00, 0x00, 0x2d, 0x00, 0x00, 0x00, 0x00,
    0x00, 0x00, 0x2d, 0x00, 0x00, 0x00, 0x00, 0x00, 0x00, 0x2d, 0x00, 0x00, 0x00, 0x00, 0x00, 0x00,
    0x3e, 0x00, 0x00, 0x00, 0x00, 0x00, 0x00, 0x4e, 0x00, 0x00, 0x00, 0x00, 0x01, 0xc3, 0x00, 0x00,
    0x79, 0x00, 0x00, 0x00, 0x00, 0x5d, 0x70, 0x02, 0xe4, 0x00, 0x00, 0x00, 0x11, 0x02, 0x80, 0x1c,
    0x40, 0x10, 0x00, 0x00, 0x8f, 0xff, 0xff, 0xff, 0xff, 0xf7, 0x00, 0x00, 0x87, 0x00, 0x08, 0x70,
    0x00, 0x86, 0x00, 0x00, 0x8f, 0xff, 0xff, 0xff, 0xff, 0xf6, 0x00, 0x00, 0x87, 0x00, 0x08, 0x70,
    0x00, 0x86, 0x00, 0x00, 0x87, 0x00, 0x08, 0x70, 0x00, 0x86, 0x00, 0x00, 0x8f, 0xff, 0xff, 0xff,
    0xff, 0xf7, 0x00, 0x01, 0x22, 0x10, 0x08, 0x70, 0x01, 0x12, 0x10, 0x4f, 0xff, 0xff, 0xff, 0xff,
    0xff, 0xff, 0xf4, 0x01, 0x10, 0x00, 0x08, 0x70, 0x00, 0x01, 0x10, 0x00, 0x00, 0x00, 0x08, 0x70,
    0x00, 0x00, 0x00, 0x00, 0x00, 0x00, 0x09, 0x70, 0x00, 0x00, 0x00, 0x00, 0x00, 0x00, 0x0a, 0x80,
    0x00, 0x00, 0x00, 0x00, 0x00, 0x00, 0x06, 0xb0, 0x00, 0x00, 0x00, 0x00, 0x00, 0x00, 0x07, 0x90,
    0x00, 0x00, 0x00, 0x1f, 0xff, 0xff, 0xff, 0xff, 0xff, 0xff, 0xf1, 0x02, 0x11, 0x00, 0x08, 0x70,
    0x00, 0x11, 0x20, 0x00, 0x32, 0x10, 0x09, 0x50, 0x01, 0x13, 0x00, 0x00, 0xcf, 0xff, 0xff, 0xff,
    0xff, 0xff, 0x00, 0x00, 0xb4, 0x08, 0x80, 0x0a, 0x70, 0x1e, 0x00, 0x00, 0xb4, 0x11, 0x71, 0x59,
    0x11, 0x1e, 0x00, 0x00, 0xb4, 0x8f, 0xff, 0xff, 0xf9, 0x1e, 0x00, 0x00, 0xb4, 0x32, 0x17, 0x70,
    0x13, 0x2e, 0x00, 0x00, 0xb6, 0xff, 0xff, 0xff, 0xff, 0x4e, 0x00, 0x00, 0xb4, 0x21, 0x07, 0x70,
    0x01, 0x2e, 0x00, 0x00, 0xb4, 0x00, 0x08, 0x80, 0x12, 0x5d, 0x00, 0x00, 0xc4, 0x00, 0x00, 0x00,
    0x2d, 0xc5, 0x00, 0x00, 0xd4, 0x00, 0x00, 0x00, 0x00, 0x00, 0x00, 0x00, 0x00, 0x0a, 0x80, 0x00,
    0x00, 0x00, 0x00, 0x00, 0x09, 0x60, 0x00, 0x12, 0x00, 0x00, 0x00, 0x08, 0xff, 0xff, 0xfe, 0x00,
    0x00, 0x00, 0x08, 0x60, 0x01, 0x12, 0x00, 0x00, 0x00, 0x08, 0x60, 0x00, 0x00, 0x00, 0x21, 0x10,
    0x08, 0x60, 0x00, 0x01, 0x12, 0xff, 0xff, 0xff, 0xff, 0xff, 0xff, 0xff, 0x21, 0x10, 0x07, 0x82,
    0x10, 0x01, 0x12, 0x00, 0x00, 0x07, 0x86, 0xc3, 0x00, 0x00, 0x00, 0x00, 0x07, 0x80, 0x4d, 0x50,
    0x00, 0x00, 0x00, 0x07, 0x80, 0x01, 0xc8, 0x00, 0x00, 0x00, 0x07, 0x80, 0x00, 0x19, 0x10, 0x00,
    0x00, 0x07, 0x80, 0x00, 0x00, 0x00, 0x00, 0x00, 0x07, 0x80, 0x00, 0x00, 0x00, 0x00, 0x00, 0x08,
    0x90, 0x00, 0x00, 0x00, 0x00, 0x00, 0x00, 0x00, 0x11, 0x00, 0x00, 0x0f, 0xff, 0xff, 0xf3, 0x8f,
    0xff, 0xe8, 0x0f, 0x00, 0x00, 0xc2, 0x87, 0x00, 0x78, 0x0f, 0x00, 0x00, 0xc2, 0x87, 0x00, 0x78,
    0x0f, 0xff, 0xff, 0xf2, 0x87, 0x00, 0x78, 0x0f, 0x00, 0x00, 0xc2, 0x87, 0x00, 0x78, 0x0f, 0x00,
    0x00, 0xc2, 0x87, 0x00, 0x78, 0x0f, 0xff, 0xff, 0xf3, 0x87, 0x00, 0x78, 0x0f, 0x00, 0x00, 0x00,
    0x87, 0x00, 0x78, 0x0f, 0x00, 0x46, 0x00, 0x87, 0x00, 0x78, 0x0f, 0x00, 0x2d, 0x40, 0x87, 0x00,
    0x77, 0x0f, 0x02, 0x8d, 0xd1, 0x87, 0x38, 0xd5, 0x4f, 0xcc, 0x61, 0x7a, 0x87, 0x2a, 0x50, 0x5b,
    0x40, 0x00, 0x01, 0x87, 0x00, 0x00, 0x00, 0x00, 0x00, 0x00, 0x97, 0x00, 0x00, 0x03, 0xff, 0xff,
    0xff, 0xff, 0xff, 0xfe, 0x02, 0xe0, 0x00, 0x00, 0x00, 0x00, 0x00, 0x01, 0xe0, 0x00, 0x00, 0x00,
    0x00, 0x00, 0x01, 0xf0, 0x00, 0x00, 0x00, 0x00, 0x00, 0x01, 0xf0, 0x00, 0x00, 0x00, 0x00, 0x00,
    0x00, 0xf0, 0x00, 0x00, 0x00, 0x00, 0x00, 0x01, 0xe0, 0x00, 0x00, 0x00, 0x00, 0x00, 0x02, 0xe0,
    0x00, 0x00, 0x00, 0x00, 0x00, 0x04, 0xc0, 0x00, 0x00, 0x00, 0x00, 0x00, 0x07, 0x90, 0x00, 0x00,
    0x00, 0x00, 0x00, 0x0c, 0x60, 0x00, 0x00, 0x00, 0x00, 0x00, 0x3e, 0x10, 0x00, 0x00, 0x00, 0x00,
    0x00, 0x89, 0x00, 0x00, 0x00, 0x00, 0x00, 0x00, 0x06, 0xff, 0xff, 0xff, 0xff, 0xff, 0xfd, 0x05,
    0xa0, 0x00, 0x08, 0x90, 0x00, 0x00, 0x05, 0xa0, 0x00, 0x0a, 0x60, 0x00, 0x00, 0x05, 0xa1, 0x10,
    0x0a, 0x50, 0x00, 0x10, 0x05, 0xa5, 0xff, 0xff, 0xff, 0xff, 0xf0, 0x05, 0xa1, 0x10, 0x0b, 0x30,
    0x00, 0xf0, 0x05, 0x90, 0x00, 0x0c, 0x20, 0x01, 0xe0, 0x06, 0x90, 0x00, 0x0e, 0x00, 0x02, 0xd0,
    0x07, 0x80, 0x00, 0x4b, 0x00, 0x02, 0xd0, 0x08, 0x60, 0x00, 0xa6, 0x00, 0x03, 0xc0, 0x0b, 0x40,
    0x03, 0xe1, 0x00, 0x04, 0xb0, 0x1e, 0x10, 0x0c, 0x60, 0x00, 0x09, 0x90, 0x6b, 0x01, 0xbb, 0x00,
    0x7d, 0xdc, 0x20, 0x75, 0x04, 0xb1, 0x00, 0x13, 0x20, 0x00, 0x00, 0x6f, 0xff, 0xff, 0xff, 0xff,
    0xff, 0xf0, 0x00, 0x69, 0x00, 0x00, 0x22, 0x00, 0x00, 0x00, 0x00, 0x69, 0x00, 0x00, 0x6c, 0x00,
    0x00, 0x00, 0x00, 0x59, 0x00, 0x00, 0x5a, 0x00, 0x00, 0x00, 0x00, 0x69, 0x00, 0x00, 0x5a, 0x00,
    0x00, 0x00, 0x00, 0x69, 0x02, 0x10, 0x5a, 0x01, 0x11, 0x00, 0x00, 0x68, 0x3f, 0xff, 0xff, 0xff,
    0xf9, 0x00, 0x00, 0x77, 0x02, 0x10, 0x5a, 0x17, 0x21, 0x00, 0x00, 0x95, 0x00, 0x00, 0x5a, 0x0a,
    0x80, 0x00, 0x00, 0xc2, 0x00, 0x00, 0x5a, 0x00, 0xc5, 0x00, 0x01, 0xd0, 0x00, 0x00, 0x5a, 0x00,
    0x26, 0x00, 0x07, 0x96, 0xa6, 0x31, 0x5a, 0x12, 0x47, 0xc2, 0x0c, 0x26, 0xa6, 0x31, 0x00, 0x12,
    0x47, 0xc2, 0x00, 0x4f, 0xff, 0xff, 0xff, 0xff, 0xff, 0xa0, 0x00, 0x4b, 0x00, 0x01, 0xb1, 0x00,
    0x00, 0x00, 0x00, 0x4b, 0x0e, 0xff, 0xff, 0xff, 0xf9, 0x00, 0x00, 0x4b, 0x0d, 0x20, 0x00, 0x00,
    0x88, 0x00, 0x00, 0x4b, 0x0d, 0x20, 0x00, 0x00, 0x88, 0x00, 0x00, 0x4b, 0x0d, 0xff, 0xff, 0xff,
    0xf8, 0x00, 0x00, 0x4a, 0x0d, 0x20, 0x00, 0x00, 0x88, 0x00, 0x00, 0x5a, 0x0e, 0xff, 0xff, 0xff,
    0xf9, 0x00, 0x00, 0x78, 0x00, 0x50, 0x1f, 0x01, 0x00, 0x00, 0x00, 0xa5, 0x07, 0xb1, 0x1f, 0x0c,
    0x80, 0x00, 0x01, 0xe1, 0x6d, 0x10, 0x1f, 0x01, 0xac, 0x10, 0x09, 0xb4, 0xd2, 0x01, 0x3e, 0x00,
    0x08, 0xd0, 0x08, 0x30, 0x10, 0x0d, 0xe9, 0x00, 0x00, 0x20, 0x00, 0x00, 0x00, 0x4a, 0x10, 0x00,
    0x00, 0x00, 0x00, 0x00, 0x04, 0xd5, 0x07, 0x30, 0x00, 0x00, 0x00, 0x00, 0x5c, 0x20, 0x04, 0xd5,
    0x00, 0x00, 0x00, 0x1b, 0xfa, 0x99, 0x88, 0x9d, 0x80, 0x00, 0x00, 0x06, 0x53, 0x6a, 0x00, 0x00,
    0x61, 0x00, 0x0c, 0xff, 0xff, 0xff, 0xff, 0xff, 0xff, 0xc0, 0x00, 0x00, 0x1c, 0x50, 0x23, 0xc2,
    0x00, 0x00, 0x00, 0x04, 0xd6, 0x03, 0xd5, 0x5d, 0x40, 0x00, 0x04, 0xbd, 0x42, 0x9c, 0x21, 0x54,
    0xdb, 0x51, 0x2c, 0x72, 0xbc, 0x60, 0x2c, 0x91, 0x17, 0xc1, 0x00, 0x00, 0x20, 0x28, 0xd4, 0x0a,
    0x90, 0x00, 0x00, 0x02, 0x7b, 0xc6, 0x02, 0xba, 0x10, 0x00, 0x00, 0x01, 0x83, 0x01, 0x7e, 0x60,
    0x00, 0x00, 0x00, 0x02, 0x47, 0xbd, 0x81, 0x00, 0x00, 0x00, 0x00, 0x1c, 0xc8, 0x40, 0x00, 0x00,
    0x00, 0x00, 0x00, 0xff, 0xff, 0xff, 0xff, 0xff, 0xf1, 0x00, 0x00, 0x00, 0xc0, 0x00, 0x00, 0x05,
    0xb0, 0x00, 0x00, 0x00, 0x93, 0x00, 0x00, 0x09, 0x70, 0x00, 0x00, 0x00, 0x49, 0x00, 0x00, 0x1d,
    0x10, 0x00, 0x00, 0x00, 0x0c, 0x20, 0x00, 0x78, 0x00, 0x00, 0x00, 0x00, 0x05, 0xa0, 0x02, 0xd1,
    0x00, 0x00, 0x00, 0x00, 0x00, 0xb6, 0x0b, 0x50, 0x00, 0x00, 0x00, 0x00, 0x00, 0x2d, 0xb7, 0x00,
    0x00, 0x00, 0x00, 0x00, 0x00, 0x1c, 0xf8, 0x00, 0x00, 0x00, 0x00, 0x00, 0x04, 0xd8, 0x4e, 0xc3,
    0x00, 0x00, 0x00, 0x03, 0xae, 0x50, 0x02, 0xcf, 0x92, 0x00, 0x15, 0xbf, 0x91, 0x00, 0x00, 0x07,
    0xef, 0xb1, 0x09, 0xa2, 0x00, 0x00, 0x00, 0x00, 0x29, 0x70, 0x0c, 0xff, 0xff, 0xba, 0xff, 0xff,
    0xff, 0x10, 0x00, 0x00, 0x06, 0x90, 0xa3, 0x00, 0x1e, 0x00, 0x00, 0x00, 0x07, 0x80, 0x75, 0x00,
    0x3c, 0x00, 0x05, 0xa0, 0x09, 0x60, 0x48, 0x00, 0x69, 0x00, 0x00, 0xa8, 0x0b, 0x30, 0x1d, 0x00,
    0xa5, 0x00, 0x00, 0x1c, 0x6e, 0x00, 0x0c, 0x30, 0xd1, 0x00, 0x00, 0x02, 0xea, 0x00, 0x07, 0xa5,
    0xa0, 0x00, 0x00, 0x00, 0xcd, 0x10, 0x01, 0xed, 0x20, 0x00, 0x00, 0x06, 0xa9, 0xa0, 0x00, 0xae,
    0x10, 0x00, 0x00, 0x3d, 0x21, 0xd6, 0x08, 0xda, 0xc1, 0x00, 0x04, 0xe4, 0x00, 0x44, 0xbc, 0x10,
    0xbc, 0x20, 0x3e, 0x50, 0x01, 0x7e, 0xa1, 0x00, 0x1a, 0xe3, 0x02, 0x00, 0x03, 0xc5, 0x00, 0x00,
    0x00, 0x50, 0x00, 0xbf, 0xff, 0xff, 0xff, 0xff, 0xa0, 0x00, 0xa6, 0x00, 0x00, 0x00, 0x00, 0x00,
    0x00, 0xa6, 0x00, 0x00, 0x00, 0x00, 0x00, 0x00, 0xa6, 0x00, 0x00, 0x00, 0x00, 0x00, 0x00, 0xaf,
    0xff, 0xff, 0xff, 0xff, 0x30, 0x00, 0xa5, 0x78, 0x00, 0x00, 0x2d, 0x00, 0x00, 0xb4, 0x1d, 0x00,
    0x00, 0x95, 0x00, 0x00, 0xe3, 0x08, 0x60, 0x02, 0xb0, 0x00, 0x02, 0xf0, 0x01, 0xc1, 0x0b, 0x20,
    0x00, 0x07, 0xb0, 0x00, 0x4b, 0xa4, 0x00, 0x00, 0x0d, 0x50, 0x01, 0x7c, 0xd9, 0x20, 0x00, 0x8d,
    0x14, 0x9e, 0x80, 0x07, 0xec, 0x95, 0x54, 0x2c, 0x81, 0x00, 0x00, 0x16, 0xa5, 0x00, 0x02, 0x30,
    0x08, 0x90, 0x40, 0x00, 0x00, 0x00, 0x06, 0xb0, 0x0b, 0x60, 0xab, 0x10, 0x00, 0x00, 0x0a, 0x40,
    0x0e, 0x10, 0x0a, 0xb0, 0x00, 0x00, 0x2d, 0x00, 0x3c, 0x00, 0x00, 0x41, 0x20, 0x00, 0x9f, 0xff,
    0xff, 0xff, 0xff, 0xff, 0xc0, 0x00, 0x00, 0x00, 0xd3, 0x00, 0x00, 0x01, 0x10, 0x00, 0x00, 0x05,
    0xd0, 0x00, 0x00, 0x00, 0x00, 0x00, 0x00, 0x1d, 0xff, 0xff, 0xff, 0xf3, 0x00, 0x00, 0x00, 0xa6,
    0x60, 0x00, 0x05, 0x90, 0x00, 0x00, 0x0a, 0x90, 0x15, 0x00, 0x1a, 0x00, 0x00, 0x02, 0xc9, 0x00,
    0x01, 0x41, 0x81, 0x00, 0x00, 0x0a, 0x70, 0x00, 0x17, 0xd9, 0x92, 0x00, 0x00, 0x00, 0x00, 0x49,
    0xe9, 0x10, 0x5d, 0xd9, 0x60, 0x00, 0x04, 0xd8, 0x20, 0x00, 0x00, 0x48, 0x60, 0x0f, 0xff, 0xff,
    0xff, 0xbf, 0xff, 0xff, 0x40, 0x01, 0xc2, 0x00, 0xb4, 0x0c, 0x00, 0x0d, 0x20, 0x00, 0xc2, 0x00,
    0xb4, 0x0c, 0x00, 0x0e, 0x00, 0x00, 0xcf, 0xff, 0xf4, 0x0a, 0x20, 0x2b, 0x00, 0x00, 0xc2, 0x00,
    0xb4, 0x08, 0x40, 0x67, 0x00, 0x00, 0xc2, 0x00, 0xb4, 0x05, 0x70, 0x94, 0x00, 0x00, 0xcf, 0xff,
    0xf4, 0x01, 0xb0, 0xd0, 0x00, 0x00, 0xc2, 0x00, 0xb4, 0x00, 0xb6, 0x90, 0x00, 0x00, 0xc2, 0x00,
    0xb4, 0x10, 0x6e, 0x30, 0x00, 0x00, 0xc8, 0x9c, 0xfd, 0xc0, 0x8f, 0x60, 0x00, 0x2b, 0xed, 0xa7,
    0xc4, 0x05, 0xe5, 0xe6, 0x00, 0x06, 0x20, 0x00, 0xb4, 0x5e, 0x30, 0x4e, 0x91, 0x00, 0x00, 0x00,
    0xb9, 0xe3, 0x00, 0x03, 0xa1, 0x00, 0x00, 0x00, 0xc5, 0x10, 0x00, 0x00, 0x00, 0x00, 0x00, 0x06,
    0x90, 0x00, 0x00, 0x00, 0x11, 0x10, 0x01, 0xb7, 0x00, 0x01, 0x11, 0xaf, 0xff, 0xff, 0xff, 0xff,
    0xff, 0xfa, 0x11, 0x43, 0x1d, 0x00, 0xd1, 0x31, 0x11, 0x01, 0xd5, 0x1d, 0x00, 0xd1, 0xab, 0x10,
    0x1c, 0x50, 0x1d, 0x00, 0xd1, 0x05, 0xd3, 0x87, 0x10, 0x1d, 0x00, 0xd1, 0x00, 0x3a, 0x04, 0xff,
    0xff, 0xff, 0xff, 0xd4, 0x00, 0x00, 0x14, 0xb0, 0x00, 0x0a, 0xb0, 0x00, 0x00, 0x00, 0x88, 0x00,
    0x6c, 0x10, 0x00, 0x00, 0x00, 0x09, 0x98, 0xb1, 0x00, 0x00, 0x00, 0x00, 0x05, 0xee, 0x72, 0x00,
    0x00, 0x12, 0x59, 0xda, 0x31, 0x8d, 0xc8, 0x63, 0x4e, 0xa6, 0x10, 0x00, 0x00, 0x48, 0xb3, 0x2f,
    0xff, 0xff, 0xff, 0xff, 0xf2, 0x2e, 0x00, 0x00, 0x00, 0x00, 0xd2, 0x2e, 0x00, 0x00, 0x00, 0x00,
    0xd2, 0x2e, 0x00, 0x00, 0x00, 0x00, 0xd2, 0x2e, 0x00, 0x00, 0x00, 0x00, 0xd2, 0x2e, 0x00, 0x00,
    0x00, 0x00, 0xd2, 0x2e, 0x00, 0x00, 0x00, 0x00, 0xd2, 0x2e, 0x00, 0x00, 0x00, 0x00, 0xd2, 0x2e,
    0x00, 0x00, 0x00, 0x00, 0xd2, 0x2f, 0xff, 0xff, 0xff, 0xff, 0xf2, 0x2e, 0x00, 0x00, 0x00, 0x00,
    0xd2, 0x3e, 0x00, 0x00, 0x00, 0x00, 0x92, 0x00, 0x6f, 0xff, 0xff, 0xff, 0xfd, 0x00, 0x00, 0x5b,
    0x00, 0x00, 0x00, 0x4c, 0x00, 0x00, 0x5b, 0x00, 0x00, 0x00, 0x4c, 0x00, 0x00, 0x5b, 0x00, 0x00,
    0x00, 0x4c, 0x00, 0x00, 0x5b, 0x00, 0x00, 0x00, 0x4c, 0x00, 0x00, 0x5b, 0x00, 0x00, 0x00, 0x4c,
    0x00, 0x00, 0x6f, 0xff, 0xff, 0xff, 0xfc, 0x00, 0x00, 0x00, 0x00, 0x00, 0x00, 0x00, 0x00, 0x00,
    0x00, 0x87, 0x00, 0x38, 0x00, 0x00, 0x00, 0x06, 0xd2, 0x00, 0x2b, 0xc2, 0x00, 0x00, 0x7d, 0x20,
    0x00, 0x00, 0x8e, 0x30, 0x2b, 0xc1, 0x00, 0x00, 0x00, 0x06, 0xe4, 0x6a, 0x10, 0x00, 0x00, 0x00,
    0x00, 0x87, 0x2f, 0xff, 0xff, 0xff, 0xff, 0xff, 0xff, 0xf2, 0x02, 0x10, 0x00, 0x00, 0x00, 0x09,
    0x71, 0x20, 0x00, 0x00, 0x00, 0x00, 0x10, 0x09, 0x70, 0x00, 0x00, 0x0f, 0xff, 0xff, 0xb0, 0x09,
    0x70, 0x00, 0x00, 0x0f, 0x00, 0x03, 0xb0, 0x09, 0x70, 0x00, 0x00, 0x0f, 0x00, 0x03, 0xb0, 0x09,
    0x70, 0x00, 0x00, 0x0f, 0x00, 0x03, 0xb0, 0x09, 0x70, 0x00, 0x00, 0x0f, 0x00, 0x03, 0xb0, 0x09,
    0x70, 0x00, 0x00, 0x0f, 0xff, 0xff, 0xb0, 0x09, 0x70, 0x00, 0x00, 0x0f, 0x00, 0x03, 0xc0, 0x09,
    0x70, 0x00, 0x00, 0x17, 0x00, 0x01, 0x30, 0x09, 0x70, 0x00, 0x00, 0x00, 0x00, 0x00, 0x12, 0x2c,
    0x60, 0x00, 0x00, 0x00, 0x00, 0x00, 0x0d, 0xeb, 0x10, 0x00, 0x00, 0x00, 0x00, 0x05, 0xd0, 0x00,
    0x00, 0x00, 0x00, 0x00, 0x00, 0x04, 0xb0, 0x00, 0x12, 0x00, 0x00, 0x4b, 0xde, 0xff, 0xff, 0xff,
    0xfa, 0x00, 0x00, 0x69, 0x00, 0x04, 0xb0, 0x00, 0x5a, 0x00, 0x00, 0x69, 0x00, 0x04, 0xb0, 0x00,
    0x59, 0x00, 0x00, 0x69, 0x00, 0x04, 0xa0, 0x00, 0x5a, 0x00, 0x00, 0x7f, 0xff, 0xff, 0xff, 0xff,
    0xfb, 0x00, 0x00, 0x12, 0x11, 0x06, 0x90, 0x01, 0x12, 0x00, 0x00, 0x08, 0x30, 0x08, 0x70, 0x00,
    0x00, 0x00, 0x00, 0x05, 0xd3, 0x0b, 0x30, 0x00, 0x00, 0x00, 0x00, 0x00, 0x4e, 0x7d, 0x00, 0x00,
    0x00, 0x00, 0x00, 0x00, 0x04, 0xfc, 0x20, 0x00, 0x00, 0x00, 0x00, 0x00, 0x5d, 0x99, 0xea, 0x52,
    0x00, 0x00, 0x16, 0x9e, 0xd5, 0x00, 0x16, 0xae, 0xed, 0xc1, 0x0a, 0xa4, 0x00, 0x00, 0x00, 0x00,
    0x24, 0x50, 0x00, 0x00, 0x00, 0xb6, 0x00, 0x00, 0x00, 0x00, 0x00, 0x00, 0x1f, 0x30, 0x00, 0x00,
    0x00, 0x11, 0x00, 0x05, 0xb0, 0x00, 0x00, 0x11, 0x07, 0xff, 0xff, 0xff, 0xff, 0xff, 0xff, 0xf0,
    0x11, 0x10, 0x0e, 0x20, 0x00, 0x00, 0x11, 0x00, 0x00, 0x05, 0xb0, 0x00, 0x00, 0x00, 0x00, 0x00,
    0x00, 0xc4, 0x00, 0x00, 0x00, 0x00, 0x00, 0x00, 0x6f, 0xff, 0xff, 0xff, 0xf4, 0x00, 0x00, 0x3e,
    0xd0, 0x00, 0x00, 0x0c, 0x40, 0x00, 0x2e, 0x7d, 0x00, 0x00, 0x00, 0xc4, 0x00, 0x5e, 0x72, 0xd0,
    0x00, 0x00, 0x0c, 0x40, 0x04, 0x70, 0x2d, 0x00, 0x00, 0x00, 0xc4, 0x00, 0x00, 0x02, 0xff, 0xff,
    0xff, 0xff, 0x40, 0x00, 0x00, 0x3d, 0x00, 0x00, 0x00, 0xc4, 0x00, 0x00, 0x05, 0xff, 0xff, 0xff,
    0xff, 0x70, 0x00, 0x00, 0x05, 0xa0, 0x00, 0x00, 0x08, 0x70, 0x00, 0x00, 0x05, 0xa0, 0x00, 0x00,
    0x08, 0x70, 0x00, 0x00, 0x05, 0xff, 0xff, 0xff, 0xff, 0x70, 0x00, 0x01, 0x10, 0x00, 0x00, 0x00,
    0x00, 0x01, 0x10, 0x1f, 0xff, 0xff, 0xff, 0xff, 0xff, 0xff, 0xf1, 0x01, 0x10, 0x0b, 0x40, 0x00,
    0x00, 0x11, 0x20, 0x00, 0x00, 0x1e, 0x00, 0x00, 0x00, 0x10, 0x00, 0x00, 0x00, 0x5f, 0xff, 0xff,
    0xff, 0xa0, 0x00, 0x00, 0x00, 0x10, 0x00, 0x00, 0x07, 0x80, 0x00, 0x00, 0x00, 0x00, 0x00, 0x00,
    0x09, 0x60, 0x00, 0x00, 0x00, 0x00, 0x00, 0x00, 0x1d, 0x30, 0x00, 0x00, 0x00, 0x00, 0x08, 0xdc,
    0xb6, 0x00, 0x00, 0x00, 0x00, 0x05, 0x90, 0x00, 0x00, 0x00, 0x00, 0x00, 0x00, 0x0c, 0x40, 0x00,
    0x00, 0x00, 0x00, 0x00, 0x00, 0x5f, 0xff, 0xff, 0xff, 0x50, 0x00, 0x00, 0x02, 0xea, 0x60, 0x00,
    0x7b, 0x00, 0x00, 0x00, 0x1c, 0x71, 0xd3, 0x06, 0xd1, 0x00, 0x00, 0x00, 0x9a, 0x00, 0x3e, 0x9d,
    0x20, 0x00, 0x00, 0x00, 0x00, 0x00, 0x2c, 0xf9, 0x10, 0x00, 0x00, 0x00, 0x00, 0x39, 0xd6, 0x19,
    0xea, 0x62, 0x00, 0x14, 0x8c, 0xd7, 0x10, 0x00, 0x16, 0xbf, 0xd1, 0x0a, 0x84, 0xcf, 0xff, 0xff,
    0xff, 0x11, 0x30, 0x00, 0x00, 0xb4, 0x00, 0x00, 0x0d, 0x10, 0x00, 0x00, 0x00, 0xb4, 0x00, 0x00,
    0x0d, 0x10, 0x00, 0x00, 0x00, 0xbf, 0xff, 0xff, 0xff, 0x10, 0x00, 0x00, 0x00, 0xb4, 0x00, 0x00,
    0x0c, 0x20, 0x00, 0x00, 0x00, 0xc4, 0x00, 0x00, 0x00, 0x00, 0x00, 0x00, 0x00, 0x00, 0x07, 0x80,
    0x00, 0x00, 0x00, 0x00, 0x00, 0x00, 0x0d, 0xa0, 0x00, 0x00, 0x00, 0x00, 0x00, 0x00, 0x87, 0x87,
    0x00, 0x00, 0x00, 0x00, 0x00, 0x06, 0xb0, 0x0a, 0x80, 0x00, 0x00, 0x00, 0x00, 0x6c, 0x10, 0x00,
    0xab, 0x20, 0x00, 0x00, 0x1a, 0xc2, 0x00, 0x00, 0x18, 0xe9, 0x40, 0x17, 0xe7, 0xbf, 0xff, 0xff,
    0xfd, 0x19, 0xe1, 0x08, 0x20, 0x11, 0x00, 0x00, 0x11, 0x00, 0x00, 0x00, 0x00, 0x00, 0x00, 0x00,
    0x00, 0x00, 0x00, 0x00, 0x09, 0xff, 0xff, 0xff, 0xff, 0x70, 0x00, 0x00, 0x08, 0x70, 0x00, 0x00,
    0x08, 0x60, 0x00, 0x00, 0x08, 0x70, 0x00, 0x00, 0x08, 0x60, 0x00, 0x00, 0x08, 0x70, 0x00, 0x00,
    0x08, 0x60, 0x00, 0x00, 0x09, 0xff, 0xff, 0xff, 0xff, 0x60, 0x00, 0x00, 0x00, 0x00, 0x00, 0x00,
    0x07, 0x60, 0x00, 0xdf, 0xff, 0xff, 0xff, 0xff, 0xfe, 0xd2, 0x00, 0x00, 0x00, 0x00, 0x1e, 0xd2,
    0x10, 0x00, 0x00, 0x01, 0x2d, 0xd3, 0xff, 0xff, 0xff, 0xff, 0x3d, 0xd2, 0x11, 0x00, 0x00, 0x11,
    0x2d, 0xd2, 0x0f, 0xff, 0xff, 0xf0, 0x1d, 0xd2, 0x0e, 0x00, 0x00, 0xd0, 0x1d, 0xd2, 0x0d, 0x00,
    0x00, 0xd0, 0x1d, 0xd2, 0x0e, 0x00, 0x00, 0xd0, 0x1d, 0xd2, 0x0f, 0xff, 0xff, 0xf0, 0x1d, 0xd2,
    0x00, 0x00, 0x00, 0x00, 0x1d, 0xd2, 0x00, 0x00, 0x00, 0x23, 0x6d, 0xe3, 0x00, 0x00, 0x00, 0x4f,
    0xe7, 0x00, 0x00, 0x02, 0xc2, 0x00, 0x00, 0x00, 0x00, 0x00, 0x0b, 0x70, 0x00, 0x00, 0x11, 0x00,
    0x00, 0xbf, 0xff, 0xff, 0xff, 0xd1, 0x00, 0x2c, 0xa0, 0x00, 0x00, 0x2d, 0x30, 0x03, 0xe7, 0x2a,
    0x20, 0x02, 0xc4, 0x00, 0x00, 0x20, 0x04, 0xd7, 0x5d, 0x30, 0x00, 0x00, 0x00, 0x00, 0x3e, 0xc2,
    0x00, 0x00, 0x00, 0x00, 0x28, 0xe7, 0x00, 0x00, 0x11, 0x01, 0x5a, 0xff, 0xff, 0xff, 0xff, 0xf7,
    0x2e, 0xc6, 0xb4, 0x00, 0x00, 0x00, 0x96, 0x01, 0x00, 0xb4, 0x00, 0x00, 0x00, 0x96, 0x00, 0x00,
    0xb4, 0x00, 0x00, 0x00, 0x96, 0x00, 0x00, 0xbf, 0xff, 0xff, 0xff, 0xf6, 0x00, 0x00, 0xc4, 0x00,
    0x00, 0x00, 0x76, 0x00, 0x00, 0x00, 0x12, 0x36, 0x9d, 0x30, 0x00, 0x0f, 0xee, 0xdc, 0xba, 0x87,
    0x64, 0x00, 0x00, 0xe1, 0x00, 0x00, 0x00, 0x00, 0x00, 0x00, 0x0e, 0x10, 0x00, 0x00, 0x00, 0x00,
    0x00, 0x00, 0xe1, 0x00, 0x00, 0x00, 0x00, 0x00, 0x00, 0x0e, 0xff, 0xff, 0xff, 0xff, 0xff, 0xf1,
    0x00, 0xe0, 0x00, 0x00, 0x00, 0x00, 0x00, 0x00, 0x0f, 0x0a, 0xef, 0xff, 0xff, 0xe4, 0x00, 0x02,
    0xe0, 0xb4, 0x00, 0x00, 0x0b, 0x50, 0x00, 0x4c, 0x0b, 0x40, 0x00, 0x00, 0xb5, 0x00, 0x07, 0x90,
    0xb4, 0x00, 0x00, 0x0b, 0x50, 0x00, 0xd5, 0x0b, 0x40, 0x00, 0x00, 0xb5, 0x00, 0x6e, 0x10, 0xbf,
    0xff, 0xff, 0xff, 0x50, 0x08, 0x70, 0x0b, 0x40, 0x00, 0x00, 0xb5, 0x00, 0x00, 0x00, 0x00, 0x00,
    0x00, 0x04, 0x20, 0x00, 0x00, 0x00, 0x00, 0xa8, 0x00, 0x00, 0x00, 0x00, 0x00, 0x05, 0xa0, 0x00,
    0x00, 0x00, 0x0d, 0xff, 0xff, 0xff, 0xff, 0xfe, 0xc0, 0x0e, 0x20, 0x00, 0x00, 0x00, 0x02, 0xe0,
    0x0e, 0x20, 0x00, 0x00, 0x00, 0x02, 0xe0, 0x0d, 0x20, 0xcf, 0xff, 0xff, 0x02, 0xe0, 0x0d, 0x20,
    0xb3, 0x00, 0x0e, 0x02, 0xe0, 0x0d, 0x20, 0xb3, 0x00, 0x0e, 0x02, 0xe0, 0x0d, 0x20, 0xb3, 0x00,
    0x0e, 0x02, 0xe0, 0x0d, 0x20, 0xb3, 0x00, 0x0e, 0x02, 0xe0, 0x0d, 0x20, 0xbf, 0xff, 0xff, 0x02,
    0xe0, 0x0e, 0x20, 0x00, 0x00, 0x00, 0x02, 0xe0, 0x0e, 0x20, 0x00, 0x00, 0x03, 0x25, 0xe0, 0x0f,
    0x20, 0x00, 0x00, 0x08, 0xfd, 0x80, 0x00, 0x00, 0x00, 0x68, 0x00, 0x00, 0x00, 0x00, 0x00, 0x00,
    0x0b, 0x50, 0x00, 0x00, 0x00, 0x2f, 0xff, 0xff, 0xff, 0xff, 0xf0, 0x00, 0x1d, 0x00, 0x00, 0x00,
    0x00, 0xe0, 0x00, 0x1d, 0x00, 0x00, 0x00, 0x00, 0xe0, 0x00, 0x1d, 0x00, 0x00, 0x00, 0x00, 0xe0,
    0x00, 0x2f, 0xff, 0xff, 0xff, 0xff, 0xf0, 0x00, 0x2d, 0x00, 0x00, 0x00, 0x00, 0x00, 0x00, 0x3c,
    0x4f, 0xff, 0xff, 0xff, 0xf4, 0x00, 0x5a, 0x3b, 0x00, 0x00, 0x00, 0xb4, 0x00, 0x97, 0x3b, 0x00,
    0x00, 0x00, 0xb4, 0x01, 0xe2, 0x3b, 0x00, 0x00, 0x00, 0xb4, 0x09, 0xa0, 0x3f, 0xff, 0xff, 0xff,
    0xf4, 0x2c, 0x20, 0x4b, 0x00, 0x00, 0x00, 0xb5, 0x00, 0x00, 0x13, 0x00, 0x00, 0x00, 0x10, 0x00,
    0x03, 0x00, 0x5d, 0x10, 0x00, 0x00, 0x00, 0x1e, 0x30, 0x4b, 0x00, 0x00, 0x00, 0x00, 0x69, 0x00,
    0x4b, 0x00, 0x11, 0x10, 0x01, 0xef, 0xff, 0xff, 0xff, 0xff, 0x50, 0x0a, 0xa0, 0x00, 0x4b, 0x00,
    0x11, 0x10, 0x28, 0x10, 0x00, 0x4b, 0x00, 0x01, 0x12, 0xcf, 0xff, 0xff, 0xff, 0xff, 0xff, 0xfc,
    0x21, 0x10, 0x00, 0x00, 0x00, 0x01, 0x12, 0x00, 0x00, 0x00, 0x00, 0x00, 0x00, 0x00, 0x00, 0x7f,
    0xff, 0xff, 0xff, 0xfa, 0x00, 0x00, 0x69, 0x00, 0x00, 0x00, 0x5a, 0x00, 0x00, 0x69, 0x00, 0x00,
    0x00, 0x5a, 0x00, 0x00, 0x6f, 0xff, 0xff, 0xff, 0xfa, 0x00, 0x00, 0x79, 0x00, 0x00, 0x00, 0x5b,
    0x00, 0x00, 0xff, 0xff, 0xff, 0xff, 0xff, 0xf8, 0x00, 0xe0, 0x00, 0x06, 0x20, 0x00, 0x88, 0x00,
    0xe0, 0x00, 0x0d, 0x20, 0x00, 0x88, 0x00, 0xe0, 0xef, 0xff, 0xff, 0xf4, 0x88, 0x00, 0xe0, 0x00,
    0x0c, 0x20, 0x00, 0x88, 0x00, 0xe8, 0xff, 0xff, 0xff, 0xfd, 0x88, 0x00, 0xe0, 0x00, 0x00, 0x00,
    0x00, 0x88, 0x00, 0xe0, 0x5f, 0xff, 0xff, 0xa0, 0x88, 0x00, 0xe0, 0x4a, 0x00, 0x05, 0x90, 0x88,
    0x01, 0xe0, 0x4a, 0x00, 0x05, 0x90, 0x88, 0x03, 0xc0, 0x5f, 0xff, 0xff, 0xa0, 0x88, 0x07, 0xa0,
    0x00, 0x00, 0x00, 0x00, 0x87, 0x0d, 0x50, 0x00, 0x00, 0x00, 0x24, 0x92, 0x4b, 0x00, 0x00, 0x00,
    0x00, 0x00, 0x00, 0x00, 0xef, 0xff, 0xd0, 0x3f, 0xff, 0xfb, 0x00, 0x00, 0xe0, 0x01, 0xd0, 0x2c,
    0x00, 0x4a, 0x00, 0x00, 0xe0, 0x01, 0xd0, 0x2c, 0x00, 0x4a, 0x00, 0x00, 0xef, 0xff, 0xe0, 0x3f,
    0xff, 0xfb, 0x00, 0x00, 0x10, 0x00, 0x1b, 0x40, 0x62, 0x00, 0x00, 0x02, 0x11, 0x00, 0x2d, 0x01,
    0x5c, 0x10, 0x10, 0x0e, 0xff, 0xff, 0xff, 0xff, 0xff, 0xff, 0xc0, 0x02, 0x11, 0x18, 0xa1, 0x2b,
    0x72, 0x11, 0x20, 0x02, 0x58, 0x93, 0x00, 0x01, 0x5c, 0xb8, 0x62, 0x3d, 0xef, 0xff, 0xf2, 0x4f,
    0xff, 0xfd, 0x81, 0x00, 0xb4, 0x00, 0xc1, 0x4b, 0x00, 0x4a, 0x00, 0x00, 0xb4, 0x00, 0xc1, 0x4b,
    0x00, 0x4a, 0x00, 0x00, 0xbf, 0xff, 0xf1, 0x4f, 0xff, 0xfa, 0x00, 0x00, 0xc4, 0x00, 0xc2, 0x5b,
    0x00, 0x25, 0x00, 0x1f, 0xff, 0xff, 0xff, 0xff, 0xff, 0xf2, 0x1f, 0x00, 0x0d, 0x00, 0xb3, 0x00,
    0xe1, 0x0f, 0x00, 0x1d, 0x00, 0xb3, 0x00, 0xe1, 0x0f, 0x00, 0x1d, 0x00, 0xb3, 0x00, 0xe1, 0x0f,
    0x00, 0x2b, 0x00, 0xb3, 0x00, 0xe1, 0x0f, 0x00, 0x59, 0x00, 0xb3, 0x00, 0xe1, 0x0f, 0x00, 0xb4,
    0x00, 0xb3, 0x00, 0xe1, 0x0f, 0x07, 0xc0, 0x00, 0xb5, 0x02, 0xe1, 0x0f, 0x7d, 0x20, 0x00, 0x7e,
    0xfa, 0xe1, 0x0f, 0x01, 0x00, 0x00, 0x00, 0x00, 0xe1, 0x1f, 0x00, 0x00, 0x00, 0x00, 0x00, 0xe1,
    0x1f, 0xff, 0xff, 0xff, 0xff, 0xff, 0xf1, 0x2f, 0x00, 0x00, 0x00, 0x00, 0x00, 0xe2, 0x00, 0x00,
    0x00, 0x00, 0x00, 0x00, 0x81, 0xef, 0xff, 0xff, 0xff, 0xff, 0xfd, 0xd2, 0x00, 0x00, 0x00, 0x00,
    0x2d, 0xd2, 0x00, 0x00, 0x00, 0x00, 0x2d, 0xd2, 0x0d, 0xff, 0xff, 0xf0, 0x2d, 0xd2, 0x0c, 0x20,
    0x01, 0xd0, 0x2d, 0xd2, 0x0c, 0x20, 0x01, 0xd0, 0x2d, 0xd2, 0x0c, 0x20, 0x01, 0xc0, 0x2d, 0xd2,
    0x0c, 0x20, 0x01, 0xd0, 0x2d, 0xd2, 0x0d, 0xff, 0xfe, 0xb0, 0x2d, 0xd2, 0x00, 0x00, 0x00, 0x00,
    0x2d, 0xd2, 0x00, 0x00, 0x00, 0x00, 0x2d, 0xdf, 0xff, 0xff, 0xff, 0xff, 0xfd, 0xe2, 0x00, 0x00,
    0x00, 0x00, 0x2e, 0x00, 0x00, 0x00, 0x00, 0x00, 0x02, 0xef, 0xff, 0xff, 0xff, 0xff, 0xfd, 0xd2,
    0x00, 0x06, 0x70, 0x00, 0x2d, 0xd2, 0x00, 0x08, 0x70, 0x00, 0x2d, 0xd2, 0x10, 0x08, 0x70, 0x01,
    0x2d, 0xd2, 0xff, 0xff, 0xff, 0xff, 0x3d, 0xd2, 0x21, 0x0a, 0x40, 0x12, 0x2d, 0xd2, 0x00, 0x1c,
    0xa6, 0x00, 0x2d, 0xd2, 0x00, 0xb4, 0x09, 0xa1, 0x2d, 0xd2, 0x2b, 0x60, 0x00, 0x9c, 0x4d, 0xd4,
    0xc5, 0x00, 0x00, 0x09, 0x5d, 0xd2, 0x00, 0x00, 0x00, 0x00, 0x2d, 0xdf, 0xff, 0xff, 0xff, 0xff,
    0xfd, 0xe2, 0x00, 0x00, 0x00, 0x00, 0x2e, 0x00, 0x00, 0x00, 0x00, 0x00, 0x15, 0x2f, 0xff, 0xff,
    0xff, 0xff, 0xff, 0xf1, 0x1e, 0x00, 0x00, 0x44, 0x00, 0x00, 0xe1, 0x1e, 0x00, 0x00, 0x96, 0x00,
    0x00, 0xe1, 0x1e, 0x9f, 0xff, 0xff, 0xff, 0xf8, 0xe1, 0x1e, 0x00, 0x00, 0x86, 0x00, 0x00, 0xe1,
    0x1e, 0x00, 0x00, 0x86, 0x00, 0x00, 0xe1, 0x1e, 0x02, 0xff, 0xff, 0xff, 0x10, 0xe1, 0x1e, 0x01,
    0xd0, 0x00, 0x0f, 0x00, 0xe1, 0x1e, 0x01, 0xd0, 0x00, 0x0f, 0x00, 0xe1, 0x1e, 0x01, 0xd0, 0x00,
    0x0f, 0x00, 0xe1, 0x1e, 0x02, 0xff, 0xff, 0xff, 0x10, 0xe1, 0x1e, 0x00, 0x00, 0x00, 0x00, 0x00,
    0xe1, 0x2f, 0xff, 0xff, 0xff, 0xff, 0xff, 0xf2, 0x2e, 0x00, 0x00, 0x00, 0x00, 0x00, 0x00, 0xef,
    0xff, 0xff, 0xff, 0xff, 0xfe, 0xe1, 0x11, 0x00, 0x00, 0x11, 0x1e, 0xd1, 0xcf, 0xff, 0xff, 0xfc,
    0x1e, 0xd1, 0x11, 0x09, 0x50, 0x11, 0x1e, 0xd1, 0x11, 0x09, 0x50, 0x11, 0x1e, 0xd1, 0x9f, 0xff,
    0xff, 0xfa, 0x1e, 0xd1, 0x11, 0x09, 0x52, 0x11, 0x1e, 0xd1, 0x00, 0x09, 0x55, 0xb1, 0x1e, 0xd1,
    0x11, 0x09, 0x50, 0x66, 0x2e, 0xd4, 0xff, 0xff, 0xff, 0xff, 0x7e, 0xd1, 0x11, 0x00, 0x00, 0x01,
    0x2e, 0xef, 0xff, 0xff, 0xff, 0xff, 0xfe, 0xf1, 0x00, 0x00, 0x00, 0x00, 0x1e, 0x2f, 0xff, 0xff,
    0xff, 0xff, 0xff, 0xf1, 0x1d, 0x00, 0x1d, 0x30, 0x00, 0x00, 0xd1, 0x1d, 0x00, 0x9f, 0xff, 0xfe,
    0x40, 0xd1, 0x1d, 0x06, 0xd4, 0x00, 0x5c, 0x00, 0xd1, 0x1d, 0x4e, 0x2b, 0x54, 0xc1, 0x00, 0xd1,
    0x1d, 0x01, 0x01, 0xde, 0x30, 0x00, 0xd1, 0x1d, 0x02, 0x7c, 0x75, 0xca, 0x73, 0xd1, 0x1d, 0xad,
    0x72, 0xc7, 0x14, 0x97, 0xd1, 0x1d, 0x10, 0x03, 0x17, 0xa0, 0x00, 0xd1, 0x1d, 0x00, 0x3c, 0xd7,
    0x20, 0x00, 0xd1, 0x1d, 0x00, 0x00, 0x27, 0xd3, 0x00, 0xd1, 0x1f, 0xff, 0xff, 0xff, 0xff, 0xff,
    0xf1, 0x2d, 0x00, 0x00, 0x00, 0x00, 0x00, 0xd1, 0x00, 0x00, 0x00, 0x5b, 0x10, 0x00, 0x00, 0x00,
    0x01, 0x21, 0x10, 0x97, 0x00, 0x00, 0x01, 0x20, 0x03, 0xff, 0xff, 0xff, 0xff, 0xff, 0xff, 0xc0,
    0x00, 0x11, 0x05, 0xa0, 0x00, 0x00, 0x01, 0x10, 0x00, 0x00, 0x1d, 0x30, 0x05, 0x80, 0x00, 0x00,
    0x00, 0x00, 0xa8, 0x00, 0x07, 0x90, 0x00, 0x00, 0x00, 0x09, 0xf0, 0x11, 0x06, 0x90, 0x12, 0x00,
    0x01, 0xab, 0xf0, 0xcf, 0xff, 0xff, 0xff, 0x00, 0x1d, 0xa0, 0xf0, 0x21, 0x16, 0x90, 0x12, 0x00,
    0x03, 0x00, 0xf0, 0x00, 0x06, 0x90, 0x00, 0x00, 0x00, 0x00, 0xf0, 0x00, 0x06, 0x90, 0x00, 0x00,
    0x00, 0x00, 0xf1, 0x11, 0x06, 0x90, 0x01, 0x11, 0x00, 0x00, 0xf9, 0xff, 0xff, 0xff, 0xff, 0xf5,
    0x00, 0x01, 0xf2, 0x11, 0x00, 0x00, 0x01, 0x21, 0x00, 0x3a, 0x00, 0x00, 0x00, 0xe4, 0x00, 0x00,
    0x00, 0x3c, 0x00, 0x0d, 0x50, 0xd2, 0x00, 0x00, 0x00, 0x3c, 0x00, 0x0c, 0x20, 0xc2, 0x00, 0x00,
    0x01, 0x3c, 0x01, 0x0c, 0x20, 0xc2, 0x27, 0x40, 0x3f, 0xff, 0xfa, 0x0c, 0x24, 0xdc, 0xac, 0x50,
    0x01, 0x3c, 0x06, 0x9e, 0xb7, 0xd2, 0x0a, 0x50, 0x00, 0x3c, 0x06, 0x5c, 0x20, 0xc2, 0x0a, 0x40,
    0x00, 0x3c, 0x00, 0x0c, 0x20, 0xc2, 0x0a, 0x40, 0x00, 0x3c, 0x00, 0x0c, 0x20, 0xc2, 0x0b, 0x30,
    0x00, 0x3c, 0x02, 0x1c, 0x20, 0xc3, 0x9e, 0x10, 0x00, 0x3e, 0xbc, 0x2c, 0x20, 0xd2, 0x63, 0x00,
    0x5c, 0xd7, 0x20, 0x0c, 0x20, 0x20, 0x00, 0x53, 0x24, 0x00, 0x00, 0x0b, 0x61, 0x00, 0x02, 0xd6,
    0x00, 0x00, 0x00, 0x04, 0xdf, 0xfe, 0xed, 0x90, 0x00, 0x00, 0x00, 0x00, 0x00, 0x00, 0x00, 0x00,
    0x00, 0x1e, 0x20, 0x10, 0x00, 0x00, 0x00, 0x11, 0x00, 0x0f, 0x02, 0xff, 0xff, 0xff, 0xff, 0xf4,
    0x00, 0x0e, 0x00, 0x11, 0x00, 0x96, 0x00, 0x10, 0x11, 0x0e, 0x01, 0x10, 0x00, 0xd3, 0x00, 0x00,
    0x6f, 0xff, 0xff, 0x40, 0x02, 0xe0, 0x00, 0x00, 0x11, 0x0e, 0x01, 0x10, 0x07, 0xe0, 0x20, 0x00,
    0x00, 0x0e, 0x00, 0x00, 0x0d, 0xe3, 0xe2, 0x00, 0x00, 0x0e, 0x00, 0x00, 0x5c, 0xe0, 0x8c, 0x00,
    0x00, 0x0e, 0x03, 0x11, 0xe4, 0xe0, 0x0c, 0x70, 0x00, 0x0e, 0x9e, 0x3b, 0x90, 0xe0, 0x04, 0xe1,
    0x15, 0xbd, 0x61, 0xbc, 0x10, 0xe0, 0x00, 0xa4, 0x4e, 0x60, 0x0a, 0xd1, 0x00, 0xe0, 0x00, 0x00,
    0x01, 0x00, 0x01, 0x10, 0x00, 0xe0, 0x00, 0x00, 0x00, 0x00, 0x00, 0x00, 0x01, 0xe0, 0x00, 0x00,
    0x00, 0x00, 0x00, 0x00, 0x02, 0xf0, 0x00, 0x00, 0x01, 0x10, 0x00, 0x01, 0x10, 0x00, 0xd3, 0x0d,
    0xff, 0xff, 0xff, 0x66, 0x50, 0xd1, 0x01, 0x1d, 0x02, 0xb1, 0x07, 0x50, 0xd1, 0x11, 0x1c, 0x02,
    0xb0, 0x07, 0x50, 0xc1, 0x7f, 0xff, 0xff, 0xff, 0xd7, 0x50, 0xc1, 0x00, 0x4a, 0x02, 0xb0, 0x17,
    0x60, 0xc1, 0x00, 0x87, 0x03, 0xb0, 0x07, 0x60, 0xc1, 0x01, 0xe2, 0x04, 0xc0, 0x00, 0x37, 0xe0,
    0x1b, 0x90, 0x00, 0x10, 0x00, 0x28, 0x30, 0x18, 0x21, 0x00, 0x79, 0x00, 0x11, 0x10, 0x04, 0xff,
    0xff, 0xff, 0xff, 0xff, 0x70, 0x01, 0x21, 0x00, 0x78, 0x00, 0x12, 0x10, 0x00, 0x00, 0x00, 0x78,
    0x00, 0x00, 0x00, 0xef, 0xff, 0xff, 0xff, 0xff, 0xff, 0xfe, 0x00, 0x00, 0x50, 0x00, 0x00, 0x33,
    0x00, 0x00, 0x00, 0x10, 0xb4, 0x00, 0x00, 0x3c, 0x11, 0x10, 0x03, 0xff, 0xff, 0xff, 0xff, 0xff,
    0xff, 0x40, 0x00, 0x10, 0xb4, 0x00, 0x00, 0x3b, 0x01, 0x00, 0x00, 0x00, 0xbf, 0xff, 0xff, 0xfb,
    0x00, 0x00, 0x00, 0x00, 0xbf, 0xff, 0xff, 0xfb, 0x00, 0x00, 0x02, 0x10, 0xb4, 0x00, 0x00, 0x3b,
    0x01, 0x20, 0x0c, 0xff, 0xff, 0xff, 0xff, 0xff, 0xff, 0xf3, 0x02, 0x11, 0xa7, 0x05, 0x90, 0x4b,
    0x11, 0x20, 0x00, 0x2b, 0x70, 0x06, 0x80, 0x05, 0xc4, 0x00, 0x29, 0xd5, 0xbf, 0xff, 0xff, 0xfa,
    0x2c, 0xc3, 0x18, 0x10, 0x11, 0x06, 0x80, 0x11, 0x00, 0x50, 0x00, 0x01, 0x10, 0x06, 0x80, 0x00,
    0x11, 0x00, 0x00, 0x3f, 0xff, 0xff, 0xff, 0xff, 0xf6, 0x00, 0x00, 0x38, 0x00, 0x00, 0x0f, 0x30,
    0x00, 0x00, 0x00, 0x4c, 0x00, 0x11, 0x0e, 0x11, 0x15, 0x40, 0x00, 0x4c, 0x00, 0x6f, 0xff, 0xff,
    0xad, 0x60, 0x01, 0x3c, 0x01, 0x11, 0x0e, 0x11, 0xa7, 0x00, 0x4f, 0xff, 0xfb, 0x10, 0x0e, 0x17,
    0xa1, 0x11, 0x01, 0x3c, 0x0c, 0xff, 0xff, 0xff, 0xff, 0xf8, 0x00, 0x3c, 0x02, 0x11, 0x58, 0x61,
    0x01, 0x21, 0x00, 0x3c, 0x00, 0x0d, 0xff, 0xfe, 0xc5, 0x00, 0x00, 0x3c, 0x02, 0x8e, 0x00, 0x00,
    0x3d, 0x00, 0x00, 0x3c, 0x07, 0x9e, 0x00, 0x00, 0x3c, 0x00, 0x00, 0x4d, 0x94, 0x0f, 0xff, 0xff,
    0xfc, 0x00, 0x3c, 0xb4, 0x00, 0x0e, 0x00, 0x00, 0x3c, 0x00, 0x04, 0x00, 0x00, 0x0e, 0x00, 0x00,
    0x3c, 0x00, 0x00, 0x00, 0x00, 0x1f, 0xff, 0xff, 0xfd, 0x00, 0x00, 0x00, 0x00, 0x1e, 0x00, 0x00,
    0x2c, 0x00, 0x00, 0x00, 0x06, 0x91, 0x00, 0x00, 0x00, 0x22, 0x11, 0x00, 0x57, 0x00, 0x11, 0x21,
    0x8f, 0xff, 0xff, 0xff, 0xff, 0xff, 0xf1, 0x86, 0x21, 0xb6, 0x00, 0x77, 0x11, 0xe1, 0x96, 0xff,
    0xff, 0xff, 0xff, 0xf8, 0xe2, 0x00, 0x32, 0xa3, 0x00, 0x85, 0x21, 0x00, 0x00, 0xaf, 0xff, 0xff,
    0xff, 0xf2, 0x00, 0x11, 0x21, 0xa3, 0x00, 0x85, 0x11, 0x10, 0xaf, 0xff, 0xff, 0xff, 0xff, 0xff,
    0xf4, 0x24, 0x67, 0x50, 0xc6, 0x17, 0x86, 0x31, 0x99, 0x21, 0x00, 0xb3, 0x01, 0x15, 0xab, 0x00,
    0x1f, 0xff, 0xff, 0xff, 0x90, 0x00, 0x12, 0x12, 0x10, 0xb3, 0x01, 0x22, 0x20, 0x4f, 0xff, 0xff,
    0xff, 0xff, 0xff, 0xc0, 0x00, 0x05, 0xc2, 0x00, 0x03, 0xd1, 0x00, 0x00, 0x00, 0x08, 0xb0, 0x00,
    0x02, 0xd0, 0x00, 0x00, 0x00, 0x0b, 0x60, 0x01, 0x01, 0xd0, 0x00, 0x00, 0x00, 0x1f, 0xff, 0xff,
    0x21, 0xf7, 0x00, 0x00, 0x00, 0x5b, 0x00, 0x0e, 0x01, 0xda, 0x60, 0x00, 0x00, 0xc5, 0x00, 0x1d,
    0x01, 0xd1, 0xc5, 0x00, 0x05, 0xdb, 0x10, 0x4a, 0x01, 0xd0, 0x2e, 0x30, 0x1e, 0x69, 0x60, 0x96,
    0x01, 0xd0, 0x05, 0xa0, 0x03, 0x03, 0xc2, 0xe1, 0x01, 0xd0, 0x00, 0x00, 0x00, 0x00, 0xad, 0xa0,
    0x01, 0xd0, 0x00, 0x00, 0x00, 0x00, 0x6f, 0x30, 0x02, 0xd0, 0x00, 0x00, 0x00, 0x04, 0xfb, 0xc1,
    0x02, 0xb0, 0x00, 0x00, 0x00, 0x5e, 0x80, 0x5d, 0x84, 0x10, 0x00, 0x00, 0x06, 0xe6, 0x00, 0x01,
    0x59, 0xcd, 0xee, 0xe1, 0x00, 0x00, 0x0b, 0x40, 0x00, 0x00, 0x00, 0x00, 0x00, 0x00, 0x6f, 0xff,
    0xff, 0xfd, 0xa0, 0x00, 0x00, 0x03, 0xe4, 0x00, 0x00, 0x4e, 0x40, 0x00, 0x00, 0x4d, 0x6d, 0x60,
    0x04, 0xe5, 0x00, 0x00, 0x01, 0xb3, 0x02, 0xac, 0x9d, 0x40, 0x00, 0x00, 0x00, 0x00, 0x01, 0x7e,
    0xfa, 0x30, 0x00, 0x00, 0x02, 0x47, 0xae, 0xb6, 0x39, 0xed, 0x85, 0x20, 0x1c, 0xba, 0x62, 0x00,
    0x00, 0x15, 0x9b, 0xd1, 0x00, 0x0e, 0xff, 0xff, 0xff, 0xff, 0xd0, 0x00, 0x00, 0x0e, 0x10, 0x08,
    0x60, 0x02, 0xc0, 0x00, 0x00, 0x0e, 0xff, 0xff, 0xff, 0xff, 0xc0, 0x00, 0x00, 0x0e, 0x10, 0x08,
    0x60, 0x02, 0xc0, 0x00, 0x00, 0x0e, 0x10, 0x08, 0x60, 0x02, 0xd0, 0x00, 0x00, 0x0e, 0xff, 0xff,
    0xff, 0xff, 0xd0, 0x00, 0x00, 0x00, 0xb3, 0x00, 0x00, 0x00, 0x00, 0x00, 0x00, 0x08, 0xff, 0xff,
    0xff, 0xff, 0xff, 0x70, 0x00, 0x6a, 0x10, 0x00, 0x00, 0x00, 0x00, 0x00, 0x07, 0xc9, 0xff, 0xff,
    0xff, 0xff, 0xf3, 0x00, 0x18, 0x28, 0x70, 0x00, 0x00, 0x00, 0xd2, 0x00, 0x00, 0x08, 0xff, 0xff,
    0xff, 0xff, 0xf2, 0x00, 0x00, 0x08, 0x70, 0x00, 0x00, 0x00, 0xd2, 0x00, 0x00, 0x08, 0xff, 0xff,
    0xff, 0xff, 0xf2, 0x00, 0x00, 0x01, 0x2c, 0x10, 0x00, 0x01, 0x20, 0x00, 0x00, 0x00, 0xcf, 0xff,
    0xff, 0xff, 0x70, 0x00, 0x00, 0x1b, 0x78, 0x10, 0x00, 0x6b, 0x00, 0x00, 0x01, 0xd9, 0x07, 0xd3,
    0x05, 0xc1, 0x00, 0x00, 0x00, 0x30, 0x00, 0x4c, 0x6b, 0x10, 0x00, 0x00, 0x01, 0x23, 0x11, 0x10,
    0x00, 0x22, 0x33, 0x30, 0x06, 0x91, 0x00, 0x00, 0x00, 0x00, 0x00, 0x00, 0x00, 0x00, 0xd4, 0x00,
    0x07, 0xb0, 0x00, 0x00, 0x00, 0x04, 0xc0, 0x00, 0x07, 0x90, 0x00, 0x00, 0x00, 0x09, 0x60, 0x00,
    0x06, 0x90, 0x00, 0x00, 0x00, 0x1e, 0xff, 0xff, 0x36, 0x90, 0x00, 0x00, 0x00, 0x98, 0x00, 0x0e,
    0x16, 0x96, 0x10, 0x00, 0x04, 0xd1, 0x00, 0x3c, 0x06, 0x97, 0xc1, 0x00, 0x2d, 0x4c, 0x40, 0x78,
    0x06, 0x90, 0x8b, 0x00, 0x14, 0x04, 0xe3, 0xd2, 0x06, 0x90, 0x0b, 0x90, 0x00, 0x00, 0x4e, 0xb0,
    0x06, 0x90, 0x01, 0xe4, 0x00, 0x00, 0x3e, 0x30, 0x06, 0x90, 0x00, 0x30, 0x00, 0x03, 0xd5, 0x00,
    0x06, 0x90, 0x00, 0x00, 0x00, 0x8e, 0x50, 0x00, 0x06, 0x90, 0x00, 0x00, 0x2d, 0xc2, 0x00, 0x00,
    0x06, 0x90, 0x00, 0x00, 0x04, 0x00, 0x00, 0x00, 0x08, 0xa0, 0x00, 0x00, 0x00, 0x00, 0x1b, 0x20,
    0x00, 0x00, 0x00, 0x00, 0x01, 0xbb, 0x10, 0x00, 0x23, 0x00, 0x00, 0x3c, 0xff, 0xff, 0xff, 0xd2,
    0x00, 0x19, 0xe7, 0x30, 0x00, 0x19, 0x20, 0x00, 0x06, 0x10, 0xab, 0x14, 0xa2, 0x00, 0x00, 0x00,
    0x00, 0x09, 0xd8, 0x3c, 0x20, 0x00, 0x02, 0x48, 0xb9, 0x22, 0xd6, 0x00, 0x00, 0x3e, 0xa5, 0x10,
    0x4e, 0xff, 0xff, 0xf5, 0x00, 0x00, 0x08, 0xe4, 0x00, 0x04, 0xc0, 0x00, 0x05, 0xdb, 0x42, 0x00,
    0x1d, 0x30, 0x00, 0xbd, 0x50, 0x7c, 0x11, 0xc6, 0x00, 0x00, 0x10, 0x00, 0x08, 0xac, 0x70, 0x00,
    0x00, 0x00, 0x00, 0x29, 0xe5, 0x00, 0x00, 0x25, 0x57, 0x9c, 0xd8, 0x10, 0x00, 0x00, 0x1d, 0xda,
    0x74, 0x00, 0x00, 0x00, 0x00, 0x00, 0x00, 0x00, 0x07, 0xa0, 0x00, 0x00, 0x00, 0x00, 0x00, 0x00,
    0x08, 0x80, 0x00, 0x00, 0x00, 0x00, 0x00, 0x00, 0x08, 0x80, 0x00, 0x00, 0x00, 0x01, 0x11, 0x10,
    0x08, 0x70, 0x00, 0x11, 0x10, 0x07, 0xff, 0xff, 0xff, 0xff, 0xff, 0xff, 0xd0, 0x01, 0x21, 0x10,
    0x0a, 0x90, 0x01, 0x12, 0x20, 0x00, 0x00, 0x00, 0x0d, 0xd1, 0x00, 0x00, 0x00, 0x00, 0x00, 0x00,
    0x3c, 0x87, 0x00, 0x00, 0x00, 0x00, 0x00, 0x00, 0xa7, 0x1e, 0x30, 0x00, 0x00, 0x00, 0x00, 0x05,
    0xd1, 0x06, 0xc1, 0x00, 0x00, 0x00, 0x00, 0x4e, 0x30, 0x00, 0xac, 0x10, 0x00, 0x00, 0x07, 0xe5,
    0x00, 0x00, 0x1b, 0xd3, 0x00, 0x04, 0xcd, 0x40, 0x00, 0x00, 0x01, 0xbf, 0x91, 0x1a, 0x81, 0x00,
    0x00, 0x00, 0x00, 0x07, 0x80, 0x00, 0x8f, 0xff, 0xff, 0xff, 0xff, 0xfc, 0x00, 0x01, 0x10, 0x00,
    0x59, 0x00, 0x01, 0x10, 0x00, 0x00, 0x00, 0x06, 0x90, 0x00, 0x00, 0x00, 0x00, 0x00, 0x00, 0x68,
    0x00, 0x00, 0x00, 0x01, 0x10, 0x00, 0x09, 0x60, 0x00, 0x01, 0x10, 0xbf, 0xff, 0xff, 0xff, 0xff,
    0xff, 0xfd, 0x01, 0x10, 0x00, 0x1e, 0xe1, 0x00, 0x01, 0x10, 0x00, 0x00, 0x06, 0xc8, 0x80, 0x00,
    0x00, 0x00, 0x00, 0x00, 0xc6, 0x2e, 0x30, 0x00, 0x00, 0x00, 0x00, 0x8c, 0x00, 0x6d, 0x10, 0x00,
    0x00, 0x00, 0x6e, 0x30, 0x00, 0xac, 0x10, 0x00, 0x00, 0x8e, 0x30, 0x00, 0x00, 0xad, 0x20, 0x04,
    0xdd, 0x30, 0x00, 0x00, 0x00, 0x9f, 0x80, 0x89, 0x10, 0x00, 0x00, 0x00, 0x00, 0x53, 0x00, 0x00,
    0x51, 0x02, 0xe1, 0x00, 0x00, 0x00, 0x00, 0x01, 0xe2, 0x02, 0xd0, 0x00, 0x00, 0x00, 0x00, 0x07,
    0x80, 0x01, 0xd0, 0x00, 0x11, 0x00, 0x00, 0x0d, 0xff, 0xff, 0xff, 0xff, 0xfa, 0x00, 0x00, 0x89,
    0x00, 0x02, 0xd0, 0x00, 0x11, 0x00, 0x03, 0xd1, 0x00, 0x02, 0xc0, 0x00, 0x00, 0x00, 0x00, 0x10,
    0x00, 0x03, 0xb0, 0x00, 0x00, 0x00, 0x04, 0xff, 0xff, 0xff, 0xff, 0xff, 0xff, 0xc0, 0x01, 0x21,
    0x10, 0x0a, 0xa7, 0x00, 0x11, 0x20, 0x00, 0x00, 0x00, 0x4b, 0x0c, 0x20, 0x00, 0x00, 0x00, 0x00,
    0x04, 0xc2, 0x02, 0xc2, 0x00, 0x00, 0x00, 0x01, 0x8c, 0x20, 0x00, 0x3d, 0x50, 0x00, 0x04, 0x9e,
    0x80, 0x00, 0x00, 0x02, 0xcc, 0x50, 0x0a, 0x92, 0x00, 0x00, 0x00, 0x00, 0x08, 0x90, 0x00, 0x00,
    0x00, 0x00, 0x0d, 0x40, 0x00, 0x00, 0x00, 0x01, 0xc6, 0x00, 0x0e, 0x20, 0x00, 0x00, 0x00, 0x00,
    0x1a, 0xc2, 0x0e, 0x10, 0x00, 0x00, 0x00, 0x00, 0x00, 0x72, 0x0f, 0x00, 0x00, 0x00, 0x00, 0x0b,
    0x70, 0x00, 0x1e, 0x00, 0x00, 0x00, 0x00, 0x01, 0x9c, 0x30, 0x2d, 0x00, 0x00, 0x00, 0x00, 0x00,
    0x05, 0x60, 0x3b, 0x00, 0x00, 0x00, 0x02, 0x11, 0x00, 0x00, 0x69, 0x00, 0x01, 0x20, 0x0f, 0xff,
    0xff, 0xff, 0xff, 0xff, 0xff, 0xf0, 0x02, 0x11, 0x10, 0x01, 0xd1, 0x00, 0x01, 0x20, 0x00, 0x00,
    0x00, 0x0b, 0x65, 0xc3, 0x00, 0x00, 0x00, 0x00, 0x01, 0xb9, 0x00, 0x5d, 0x70, 0x00, 0x00, 0x00,
    0x6d, 0x90, 0x00, 0x01, 0xca, 0x10, 0x02, 0x8d, 0xd5, 0x00, 0x00, 0x00, 0x1b, 0x60, 0x02, 0xc6,
    0x00, 0x00, 0x00, 0x00, 0x00, 0x00, 0x00, 0x00, 0xd3, 0x00, 0x00, 0x00, 0x00, 0x00, 0x00, 0x03,
    0xc0, 0x03, 0xff, 0xff, 0xff, 0xf1, 0x01, 0x07, 0x70, 0x00, 0x00, 0x00, 0x2d, 0x50, 0x0c, 0xff,
    0xfe, 0xc1, 0x00, 0x01, 0xd5, 0x00, 0x01, 0x0d, 0x10, 0xe1, 0x00, 0x0b, 0x70, 0x00, 0x00, 0x3c,
    0x03, 0xd0, 0x00, 0x0f, 0x00, 0x00, 0x00, 0x87, 0x06, 0x90, 0x00, 0x0f, 0x00, 0x00, 0x00, 0xd3,
    0x0c, 0x58, 0xff, 0xff, 0xff, 0xf7, 0x00, 0x8d, 0x7e, 0x00, 0x00, 0x0f, 0x00, 0x00, 0x00, 0x04,
    0xf9, 0x00, 0x00, 0x0f, 0x00, 0x00, 0x00, 0x09, 0xbd, 0x90, 0x00, 0x0f, 0x00, 0x00, 0x00, 0x7d,
    0x11, 0xd9, 0x00, 0x0f, 0x00, 0x00, 0x1a, 0xd2, 0x00, 0x22, 0x12, 0x3f, 0x00, 0x00, 0x16, 0x20,
    0x00, 0x00, 0x0d, 0xe9, 0x00, 0x00, 0x00, 0x09, 0x90, 0x00, 0x01, 0xa2, 0x00, 0x00, 0x00, 0x0c,
    0x50, 0x00, 0x06, 0xc2, 0x00, 0x00, 0x01, 0x1e, 0x00, 0x00, 0x0d, 0x30, 0x00, 0x00, 0x1f, 0xff,
    0xeb, 0x20, 0x88, 0x01, 0xc1, 0x00, 0x01, 0x67, 0x0b, 0x34, 0xc0, 0x00, 0x6c, 0x10, 0x00, 0xa4,
    0x0e, 0x6f, 0xba, 0xaa, 0xbf, 0x90, 0x00, 0xc0, 0x1f, 0x26, 0x43, 0x21, 0x11, 0xd3, 0x02, 0xb0,
    0x5c, 0x00, 0x00, 0x00, 0x00, 0x10, 0x07, 0xa0, 0xa8, 0x08, 0xff, 0xff, 0xfe, 0x00, 0x03, 0xdc,
    0xe4, 0x07, 0x80, 0x00, 0x2e, 0x00, 0x00, 0x1b, 0xe0, 0x07, 0x80, 0x00, 0x2e, 0x00, 0x00, 0x1d,
    0xe9, 0x07, 0x80, 0x00, 0x2e, 0x00, 0x00, 0x9b, 0x1c, 0x67, 0xff, 0xff, 0xfe, 0x00, 0x07, 0xd1,
    0x01, 0x07, 0x80, 0x00, 0x2e, 0x00, 0x2c, 0x20, 0x00, 0x04, 0x40, 0x00, 0x04, 0x00, 0x00, 0x00,
    0x08, 0x60, 0x00, 0x00, 0x00, 0x00, 0x00, 0x03, 0xe3, 0x00, 0x00, 0x00, 0x7f, 0xff, 0xff, 0xff,
    0xff, 0xff, 0xf3, 0x78, 0x00, 0x00, 0x00, 0x00, 0x00, 0xc3, 0x78, 0x00, 0x00, 0x00, 0x00, 0x00,
    0xc3, 0x00, 0x2f, 0xff, 0xff, 0xff, 0xd2, 0x00, 0x00, 0x00, 0x00, 0x03, 0x96, 0x00, 0x00, 0x21,
    0x10, 0x00, 0x6b, 0x10, 0x01, 0x12, 0xef, 0xff, 0xff, 0xff, 0xff, 0xff, 0xfe, 0x21, 0x10, 0x00,
    0x78, 0x00, 0x01, 0x12, 0x00, 0x00, 0x00, 0x78, 0x00, 0x00, 0x00, 0x00, 0x00, 0x00, 0x78, 0x00,
    0x00, 0x00, 0x00, 0x00, 0x10, 0x98, 0x00, 0x00, 0x00, 0x00, 0x00, 0xaf, 0xf5, 0x00, 0x00, 0x00,
    0x00, 0x00, 0x12, 0x10, 0x00, 0x00, 0x00, 0x00, 0x00, 0x00, 0x2d, 0x30, 0x00, 0x00, 0x00, 0x01,
    0x11, 0x10, 0x6a, 0x00, 0x00, 0x11, 0x10, 0x08, 0xff, 0xff, 0xff, 0xff, 0xff, 0xff, 0xf2, 0x01,
    0x11, 0x03, 0xd0, 0x00, 0x00, 0x01, 0x10, 0x00, 0x00, 0x0a, 0x60, 0x00, 0x00, 0x00, 0x00, 0x00,
    0x00, 0x6c, 0x4f, 0xff, 0xff, 0xfe, 0x00, 0x00, 0x04, 0xe2, 0x00, 0x00, 0x07, 0xb2, 0x00, 0x00,
    0x4e, 0xc0, 0x00, 0x00, 0xa9, 0x00, 0x00, 0x18, 0xe7, 0xc1, 0x10, 0x00, 0xe0, 0x00, 0x11, 0x1a,
    0x32, 0xc8, 0xff, 0xff, 0xff, 0xff, 0xf5, 0x00, 0x02, 0xc1, 0x10, 0x00, 0xe1, 0x01, 0x11, 0x00,
    0x02, 0xc0, 0x00, 0x00, 0xe0, 0x00, 0x00, 0x00, 0x02, 0xc0, 0x00, 0x00, 0xe0, 0x00, 0x00, 0x00,
    0x03, 0xd0, 0x00, 0x44, 0xf0, 0x00, 0x00, 0x00, 0x04, 0xe0, 0x00, 0x7b, 0x60, 0x00, 0x00, 0x05,
    0x30, 0x09, 0x40, 0x00, 0x4b, 0x20, 0x05, 0xe3, 0x03, 0xe2, 0x00, 0xc8, 0x00, 0x00, 0x59, 0x00,
    0x67, 0x07, 0x90, 0x00, 0xcf, 0xff, 0xff, 0xff, 0xff, 0xff, 0xf5, 0xc3, 0x00, 0x00, 0x00, 0x00,
    0x00, 0xa5, 0xc3, 0x00, 0x00, 0x00, 0x00, 0x00, 0xa5, 0xc3, 0x7f, 0xff, 0xff, 0xff, 0xf0, 0x63,
    0x00, 0x00, 0x00, 0x00, 0x8b, 0x20, 0x00, 0x00, 0x00, 0x00, 0x1b, 0x90, 0x00, 0x00, 0x21, 0x00,
    0x00, 0x6a, 0x00, 0x01, 0x12, 0xdf, 0xff, 0xff, 0xff, 0xff, 0xff, 0xfd, 0x21, 0x10, 0x00, 0x69,
    0x00, 0x01, 0x12, 0x00, 0x00, 0x00, 0x69, 0x00, 0x00, 0x00, 0x00, 0x00, 0x33, 0x99, 0x00, 0x00,
    0x00, 0x00, 0x00, 0x9e, 0xd4, 0x00, 0x00, 0x00, 0x00, 0x00, 0x04, 0xb1, 0x00, 0x00, 0x00, 0x00,
    0x00, 0x00, 0x98, 0x00, 0x00, 0x00, 0x3f, 0xff, 0xff, 0xff, 0xff, 0xff, 0xf4, 0x3c, 0x00, 0x01,
    0x51, 0x00, 0x00, 0xb4, 0x3c, 0x00, 0x08, 0xb1, 0x00, 0x00, 0xb3, 0x00, 0x00, 0x2d, 0x20, 0x00,
    0x00, 0x00, 0x9f, 0xff, 0xff, 0xff, 0xff, 0xff, 0xf9, 0x00, 0x03, 0xd1, 0x11, 0x26, 0xc0, 0x00,
    0x00, 0x0c, 0x50, 0x00, 0x0a, 0x60, 0x00, 0x00, 0x5e, 0x94, 0x00, 0x5c, 0x00, 0x00, 0x00, 0x00,
    0x49, 0xd9, 0xe3, 0x00, 0x00, 0x00, 0x00, 0x02, 0x9d, 0xcc, 0x61, 0x00, 0x25, 0x79, 0xdd, 0x71,
    0x04, 0xce, 0x91, 0x1b, 0xa7, 0x30, 0x00, 0x00, 0x05, 0xb0, 0x00, 0x00, 0x07, 0x70, 0x00, 0x00,
    0x00, 0x00, 0x00, 0x01, 0xd2, 0x00, 0x00, 0x00, 0x6f, 0xff, 0xff, 0xff, 0xff, 0xff, 0xb0, 0x69,
    0x00, 0x00, 0x00, 0x00, 0x04, 0xb0, 0x69, 0x11, 0x00, 0x00, 0x01, 0x14, 0xb0, 0x00, 0x5f, 0xff,
    0xff, 0xff, 0x90, 0x00, 0x01, 0x11, 0x10, 0x00, 0x01, 0x21, 0x10, 0x2f, 0xff, 0xff, 0xff, 0xff,
    0xff, 0x80, 0x00, 0x00, 0x77, 0x01, 0xe0, 0x00, 0x00, 0x00, 0x00, 0x86, 0x01, 0xe0, 0x00, 0x00,
    0x00, 0x00, 0xb4, 0x01, 0xe0, 0x00, 0x00, 0x00, 0x04, 0xe1, 0x01, 0xe0, 0x00, 0x00, 0x01, 0x7f,
    0x70, 0x00, 0xf3, 0x00, 0x59, 0x8e, 0xf7, 0x00, 0x00, 0xaf, 0xff, 0xd5, 0x4a, 0x20, 0x00, 0x00,
    0x00, 0x00, 0x00, 0x00, 0x00, 0x00, 0x2c, 0x10, 0x00, 0x00, 0x00, 0x01, 0x11, 0x00, 0x09, 0x90,
    0x00, 0x11, 0x10, 0x04, 0xff, 0xff, 0xff, 0xff, 0xff, 0xff, 0x70, 0x04, 0xa0, 0x00, 0x00, 0x00,
    0x00, 0x08, 0x70, 0x04, 0xa0, 0x00, 0x00, 0x00, 0x00, 0x08, 0x70, 0x00, 0x08, 0xff, 0xff, 0xff,
    0xff, 0xc0, 0x00, 0x00, 0x00, 0x00, 0x04, 0xb0, 0x00, 0x00, 0x00, 0x00, 0x00, 0x52, 0x04, 0xb0,
    0x00, 0x00, 0x00, 0x00, 0x01, 0xf2, 0x04, 0xb0, 0x00, 0x00, 0x00, 0x00, 0x04, 0xa0, 0x04, 0xff,
    0xff, 0xff, 0x00, 0x00, 0x0a, 0xb0, 0x04, 0xb0, 0x00, 0x00, 0x00, 0x00, 0x3a, 0x7b, 0x24, 0xb0,
    0x00, 0x00, 0x00, 0x01, 0xb1, 0x07, 0xec, 0xb0, 0x00, 0x00, 0x00, 0x1b, 0x30, 0x00, 0x27, 0xbc,
    0xcc, 0xdd, 0xe3, 0x00, 0x00, 0x00, 0x00, 0x00, 0x00, 0x00, 0x00, 0x00, 0x00, 0x03, 0xb0, 0x00,
    0x00, 0x00, 0x01, 0x10, 0x00, 0xa6, 0x00, 0x00, 0x11, 0x4f, 0xff, 0xff, 0xff, 0xff, 0xff, 0xf4,
    0x4b, 0x00, 0x00, 0x00, 0x72, 0x00, 0xb4, 0x5b, 0x02, 0xc4, 0x00, 0xf1, 0x00, 0xb4, 0x01, 0x00,
    0x2b, 0xa0, 0xe0, 0x00, 0x10, 0x01, 0xc7, 0x00, 0x32, 0xc0, 0x00, 0x00, 0x00, 0x17, 0xd2, 0x05,
    0x90, 0x00, 0x00, 0x21, 0x10, 0x20, 0x0a, 0x40, 0x01, 0x12, 0xcf, 0xff, 0xff, 0xff, 0xff, 0xff,
    0xfd, 0x21, 0x10, 0x00, 0xb6, 0x41, 0x01, 0x12, 0x00, 0x00, 0x1a, 0xa0, 0x7d, 0x60, 0x00, 0x00,
    0x04, 0xd9, 0x00, 0x02, 0xac, 0x20, 0x26, 0xcd, 0x50, 0x00, 0x00, 0x06, 0xe3, 0x5c, 0x60, 0x00,
    0x00, 0x00, 0x00, 0x31, 0x00, 0x00, 0x00, 0x1c, 0x10, 0x00, 0x00, 0x00, 0x00, 0x00, 0x00, 0x07,
    0x90, 0x00, 0x00, 0x00, 0x02, 0xff, 0xff, 0xff, 0xff, 0xff, 0xff, 0x50, 0x02, 0xc0, 0x03, 0x30,
    0x04, 0x70, 0x0a, 0x50, 0x02, 0xc0, 0x5c, 0x40, 0x01, 0x8c, 0x3a, 0x50, 0x00, 0x4b, 0x80, 0x07,
    0xa0, 0x03, 0xd6, 0x00, 0x00, 0x44, 0x00, 0x77, 0x66, 0x00, 0x13, 0x00, 0x00, 0x00, 0x1a, 0x60,
    0x06, 0xa2, 0x00, 0x00, 0x00, 0x17, 0xb3, 0x00, 0x00, 0x3c, 0xa4, 0x10, 0x09, 0xd7, 0xff, 0xff,
    0xff, 0xff, 0x5c, 0xc0, 0x03, 0x10, 0xf0, 0x00, 0x00, 0x1f, 0x00, 0x10, 0x00, 0x00, 0xf0, 0x00,
    0x00, 0x1f, 0x00, 0x00, 0x00, 0x00, 0xff, 0xff, 0xff, 0xff, 0x00, 0x00, 0x00, 0x00, 0xf0, 0x00,
    0x00, 0x1f, 0x00, 0x00, 0x00, 0x00, 0x00, 0x00, 0x00, 0x01, 0x00, 0x00, 0x00, 0x00, 0x04, 0xa0,
    0x00, 0x00, 0x00, 0x11, 0x00, 0x00, 0xa5, 0x00, 0x00, 0x11, 0x7f, 0xff, 0xff, 0xff, 0xff, 0xff,
    0xf5, 0x78, 0x00, 0x5a, 0x00, 0xd2, 0x00, 0xa4, 0x00, 0x6d, 0xff, 0xff, 0xff, 0xe6, 0xa5, 0x00,
    0x10, 0x59, 0x00, 0xc1, 0x01, 0x00, 0x00, 0x11, 0x00, 0x00, 0x00, 0x11, 0x00, 0x00, 0x9f, 0xff,
    0xff, 0xff, 0xf6, 0x00, 0x00, 0x96, 0x00, 0x52, 0x00, 0x95, 0x00, 0x00, 0x96, 0x00, 0xc2, 0x00,
    0x95, 0x00, 0x00, 0x96, 0x02, 0xc5, 0x10, 0x95, 0x00, 0x00, 0x84, 0x1b, 0x7d, 0x00, 0x64, 0x00,
    0x00, 0x17, 0xeb, 0x0d, 0x20, 0x01, 0x68, 0x7c, 0xfe, 0x60, 0x09, 0xef, 0xff, 0xc4, 0x6b, 0x61,
    0x00, 0x00, 0x00, 0x00, 0x00, 0x00, 0x00, 0x00, 0xb1, 0x00, 0x00, 0x00, 0x00, 0x00, 0x00, 0x78,
    0x00, 0x00, 0x00, 0x6f, 0xff, 0xff, 0xff, 0xff, 0xff, 0xfb, 0x69, 0x00, 0x09, 0x80, 0x03, 0x00,
    0x4b, 0x69, 0x10, 0x52, 0x89, 0x1e, 0x61, 0x4b, 0x00, 0xd2, 0xc1, 0x02, 0xb5, 0x1d, 0x30, 0x07,
    0x90, 0xc1, 0x2c, 0x50, 0x03, 0xd2, 0x3d, 0x11, 0xd7, 0x92, 0x01, 0xb6, 0x4b, 0x59, 0xcb, 0x9e,
    0xff, 0xfe, 0xa1, 0x00, 0x47, 0x20, 0x00, 0x00, 0x00, 0x00, 0x00, 0x01, 0x20, 0x00, 0x4b, 0x00,
    0x04, 0x60, 0x02, 0xd0, 0x00, 0x3a, 0x00, 0x05, 0x90, 0x02, 0xc0, 0x00, 0x3a, 0x00, 0x05, 0x80,
    0x02, 0xff, 0xff, 0xff, 0xff, 0xff, 0x80, 0x01, 0x31, 0x00, 0x00, 0x00, 0x05, 0x90, 0x00, 0x00,
    0x00, 0x00, 0x00, 0x00, 0xb5, 0x00, 0x01, 0x00, 0x00, 0x00, 0x00, 0x00, 0xb4, 0x00, 0x0a, 0xff,
    0xff, 0xd1, 0x00, 0x00, 0xb4, 0x00, 0x00, 0x00, 0x04, 0xab, 0xff, 0xff, 0xff, 0xf6, 0x02, 0xa0,
    0x07, 0x70, 0x00, 0x00, 0xb4, 0x00, 0x00, 0xb8, 0x0b, 0x30, 0x10, 0x00, 0xb4, 0x00, 0x00, 0x1d,
    0x7d, 0x00, 0x98, 0x00, 0xb4, 0x00, 0x00, 0x03, 0xf8, 0x00, 0x2e, 0x20, 0xb4, 0x00, 0x00, 0x02,
    0xec, 0x00, 0x07, 0x90, 0xb4, 0x00, 0x00, 0x0a, 0x7b, 0x80, 0x01, 0xb0, 0xb4, 0x00, 0x00, 0x7c,
    0x02, 0xe3, 0x00, 0x00, 0xb4, 0x00, 0x06, 0xe2, 0x00, 0x87, 0x00, 0x00, 0xb4, 0x00, 0x2d, 0x40,
    0x00, 0x00, 0x00, 0x33, 0xd4, 0x00, 0x00, 0x00, 0x00, 0x00, 0x00, 0x8d, 0x90, 0x00, 0x00, 0x8f,
    0xff, 0xff, 0xff, 0xff, 0xd0, 0x00, 0x00, 0x78, 0x00, 0x00, 0x00, 0x02, 0xd0, 0x00, 0x00, 0x7f,
    0xff, 0xff, 0xff, 0xff, 0xd0, 0x00, 0x00, 0x78, 0x00, 0x00, 0x00, 0x00, 0x01, 0x10, 0x00, 0x79,
    0x00, 0x00, 0x00, 0x00, 0x18, 0xc0, 0x00, 0x4e, 0xff, 0xff, 0xff, 0xff, 0xfc, 0x30, 0x01, 0x10,
    0x00, 0x00, 0x00, 0x07, 0x20, 0x10, 0x2f, 0xff, 0xff, 0xff, 0xff, 0xff, 0xff, 0xf2, 0x00, 0x00,
    0x40, 0x00, 0x00, 0x0c, 0x30, 0x00, 0x00, 0x02, 0xca, 0x10, 0x00, 0x0c, 0x30, 0x00, 0x00, 0x00,
    0x09, 0xc1, 0x00, 0x0c, 0x30, 0x00, 0x00, 0x00, 0x00, 0x82, 0x00, 0x0c, 0x30, 0x00, 0x00, 0x00,
    0x00, 0x00, 0x33, 0x4e, 0x20, 0x00, 0x00, 0x00, 0x00, 0x00, 0x5e, 0xc7, 0x00, 0x00, 0x00, 0x00,
    0xb4, 0x00, 0x00, 0x00, 0x85, 0x00, 0x00, 0x03, 0xc0, 0x00, 0x00, 0x00, 0xa5, 0x00, 0x00, 0xcf,
    0xff, 0xff, 0x00, 0x00, 0xa5, 0x00, 0x00, 0xc3, 0x00, 0x0e, 0x10, 0x00, 0xa5, 0x11, 0x00, 0xcf,
    0xff, 0xfe, 0xbf, 0xff, 0xff, 0xf5, 0x00, 0xc3, 0x00, 0x0e, 0x00, 0x00, 0xa5, 0x11, 0x00, 0xcf,
    0xff, 0xfe, 0x09, 0x00, 0xa5, 0x00, 0x00, 0xc3, 0x00, 0x0e, 0x09, 0x60, 0xa5, 0x00, 0x00, 0xc3,
    0x00, 0x0e, 0x01, 0xd1, 0xa5, 0x00, 0x5f, 0xff, 0xff, 0xfe, 0x00, 0x86, 0xa5, 0x00, 0x11, 0x00,
    0x2c, 0x2e, 0x00, 0x00, 0xa5, 0x00, 0x00, 0x02, 0xc3, 0x0e, 0x00, 0x00, 0xa5, 0x00, 0x00, 0x5d,
    0x30, 0x0e, 0x00, 0x00, 0xa5, 0x00, 0x1b, 0xb1, 0x12, 0x5e, 0x00, 0x22, 0xc4, 0x00, 0x03, 0x00,
    0x1e, 0xc6, 0x00, 0xbd, 0x90, 0x00, 0x00, 0x00, 0x00, 0x07, 0xd0, 0x00, 0x00, 0x00, 0x00, 0x00,
    0x00, 0x07, 0xa0, 0x00, 0x00, 0x00, 0x00, 0x00, 0x00, 0x06, 0xa0, 0x00, 0x00, 0x00, 0x00, 0x00,
    0x00, 0x06, 0xa0, 0x00, 0x00, 0x00, 0x00, 0x02, 0xa2, 0x06, 0xa0, 0x3b, 0x00, 0x00, 0x00, 0x06,
    0xb0, 0x06, 0xa0, 0x0b, 0x60, 0x00, 0x00, 0x0b, 0x50, 0x06, 0xa0, 0x02, 0xe1, 0x00, 0x00, 0x1e,
    0x00, 0x06, 0xa0, 0x00, 0x8a, 0x00, 0x00, 0x88, 0x00, 0x06, 0xa0, 0x00, 0x1e, 0x30, 0x02, 0xe1,
    0x00, 0x06, 0xa0, 0x00, 0x07, 0xc0, 0x0c, 0x80, 0x00, 0x06, 0xa0, 0x00, 0x01, 0xe4, 0x2a, 0x10,
    0x00, 0x06, 0xa0, 0x00, 0x00, 0x20, 0x00, 0x00, 0x00, 0x06, 0xa0, 0x00, 0x00, 0x00, 0x00, 0x00,
    0x04, 0x5a, 0x90, 0x00, 0x00, 0x00, 0x00, 0x00, 0x05, 0xec, 0x40, 0x00, 0x00, 0x00, 0x00, 0x00,
    0x00, 0x08, 0x80, 0x00, 0x00, 0x00, 0x00, 0x00, 0x00, 0x08, 0x80, 0x00, 0x00, 0x00, 0x00, 0x00,
    0x51, 0x08, 0x80, 0x43, 0x00, 0x00, 0x00, 0x02, 0xe3, 0x08, 0x80, 0x4d, 0x60, 0x00, 0x00, 0x09,
    0x60, 0x08, 0x80, 0x02, 0xc8, 0x00, 0x00, 0x4c, 0x00, 0x08, 0x80, 0x00, 0x1c, 0x80, 0x03, 0xd2,
    0x00, 0x08, 0x80, 0x00, 0x01, 0xb1, 0x07, 0x50, 0x00, 0x08, 0x80, 0x01, 0xd3, 0x00, 0x00, 0x00,
    0x00, 0x08, 0x80, 0x0a, 0xa0, 0x00, 0x00, 0x00, 0x00, 0x05, 0x61, 0xab, 0x00, 0x00, 0x00, 0x00,
    0x00, 0x00, 0x4d, 0x90, 0x00, 0x00, 0x00, 0x00, 0x01, 0x5c, 0xc4, 0x00, 0x00, 0x00, 0x14, 0x68,
    0xbe, 0xa4, 0x00, 0x00, 0x00, 0x00, 0x0d, 0xc8, 0x51, 0x00, 0x00, 0x00, 0x00, 0x00, 0x00, 0x00,
    0x0a, 0x60, 0x00, 0x00, 0x00, 0x00, 0x00, 0x00, 0x2a, 0x00, 0x00, 0x00, 0x00, 0x00, 0x00, 0x00,
    0xbf, 0xff, 0xff, 0xff, 0xff, 0x10, 0x00, 0x06, 0x60, 0x00, 0x00, 0x00, 0x5b, 0x00, 0x00, 0x4c,
    0x00, 0x01, 0x61, 0x00, 0xa5, 0x00, 0x03, 0xe3, 0x00, 0x02, 0xe0, 0x00, 0x41, 0x00, 0x01, 0x40,
    0x00, 0x02, 0xd0, 0x00, 0x00, 0x00, 0x00, 0x00, 0x2a, 0x11, 0xd0, 0x66, 0x00, 0x00, 0x00, 0x00,
    0xa9, 0x01, 0xd0, 0x2d, 0x50, 0x00, 0x00, 0x05, 0xc0, 0x01, 0xd0, 0x02, 0xe4, 0x00, 0x00, 0x2e,
    0x30, 0x01, 0xd0, 0x00, 0x4e, 0x20, 0x01, 0xd6, 0x00, 0x01, 0xd0, 0x00, 0x08, 0xc0, 0x0b, 0x90,
    0x00, 0x01, 0xd0, 0x00, 0x00, 0x40, 0x01, 0x00, 0x02, 0x35, 0xd0, 0x00, 0x00, 0x00, 0x00, 0x00,
    0x04, 0xec, 0x60, 0x00, 0x00, 0x00, 0x00, 0x06, 0xff, 0xff, 0xff, 0xff, 0xe0, 0x00, 0x00, 0x05,
    0xa0, 0x00, 0x00, 0x01, 0xe0, 0x00, 0x00, 0x04, 0xa0, 0x00, 0x00, 0x01, 0xd0, 0x00, 0x00, 0x05,
    0xa0, 0x00, 0x00, 0x01, 0xe0, 0x00, 0x00, 0x06, 0xff, 0xff, 0xff, 0xff, 0xe0, 0x00, 0x00, 0x08,
    0x70, 0x00, 0x0b, 0x40, 0x00, 0x00, 0x00, 0x0c, 0x40, 0x31, 0x02, 0xd2, 0x00, 0x00, 0x00, 0x2d,
    0x00, 0x8d, 0x60, 0x5d, 0x30, 0x00, 0x00, 0xb7, 0x00, 0x02, 0xbc, 0x15, 0xe8, 0x20, 0x08, 0xd0,
    0x00, 0x00, 0x05, 0x00, 0x2a, 0xe1, 0x1b, 0x30, 0x3c, 0x50, 0x00, 0x00, 0x00, 0x10, 0x00, 0x00,
    0x03, 0xad, 0x50, 0x00, 0x00, 0x00, 0x00, 0x00, 0x00, 0x03, 0xcc, 0x30, 0x00, 0x00, 0x00, 0x00,
    0x00, 0x00, 0x06, 0xa0, 0x00, 0x00, 0x00, 0x9f, 0xff, 0xff, 0xff, 0xff, 0xc0, 0x00, 0x86, 0x00,
    0x00, 0x00, 0x04, 0xb0, 0x00, 0x86, 0x00, 0x00, 0x00, 0x04, 0xb0, 0x00, 0x8f, 0xff, 0xff, 0xff,
    0xff, 0xc0, 0x00, 0x86, 0x00, 0x00, 0x00, 0x00, 0x00, 0x00, 0x9f, 0xed, 0xdd, 0xcd, 0xdd, 0xe9,
    0x00, 0x96, 0x00, 0x00, 0x00, 0x00, 0x59, 0x00, 0xb5, 0x0f, 0xff, 0xff, 0xa0, 0x59, 0x00, 0xd3,
    0x0e, 0x00, 0x05, 0x90, 0x68, 0x02, 0xf0, 0x0e, 0x00, 0x05, 0x80, 0x68, 0x07, 0xb0, 0x0f, 0xff,
    0xff, 0x90, 0x77, 0x1d, 0x50, 0x1e, 0x00, 0x04, 0x80, 0x96, 0x5b, 0x00, 0x00, 0x00, 0x00, 0x4e,
    0xc1, 0x00, 0xcf, 0xff, 0xff, 0xff, 0xff, 0xfd, 0x00, 0x00, 0xb4, 0x00, 0x00, 0x00, 0x00, 0x2c,
    0x00, 0x00, 0xbf, 0xff, 0xff, 0xff, 0xff, 0xfd, 0x00, 0x00, 0xb4, 0x00, 0x10, 0x00, 0x0b, 0x61,
    0x00, 0x00, 0xa4, 0x11, 0x79, 0x10, 0x78, 0x01, 0x10, 0x00, 0xa4, 0xbf, 0xff, 0xff, 0xff, 0xff,
    0x80, 0x00, 0xb3, 0x11, 0x2b, 0x00, 0x1c, 0x01, 0x10, 0x00, 0xb4, 0x10, 0x2b, 0x00, 0x1c, 0x00,
    0x10, 0x00, 0xc9, 0xff, 0xff, 0xff, 0xff, 0xff, 0xf3, 0x00, 0xe1, 0x10, 0x3a, 0x00, 0x1c, 0x00,
    0x10, 0x01, 0xd0, 0x00, 0x68, 0x00, 0x1c, 0x00, 0x00, 0x05, 0xa0, 0x01, 0xc4, 0x00, 0x1d, 0x00,
    0x00, 0x0c, 0x60, 0x1b, 0xa0, 0x00, 0x2e, 0x00, 0x00, 0x17, 0x10, 0x6a, 0x00, 0x00, 0x01, 0x00,
    0x00, 0x00, 0x11, 0x2c, 0x20, 0x00, 0x11, 0x00, 0x00, 0xcf, 0xff, 0xff, 0xff, 0xf8, 0x00, 0x00,
    0xb4, 0x23, 0x00, 0x00, 0x87, 0x00, 0x00, 0xb4, 0x2b, 0x91, 0x00, 0x96, 0x00, 0x00, 0xb4, 0x00,
    0x78, 0x02, 0xd3, 0x00, 0x00, 0xb4, 0x00, 0x00, 0xbd, 0x80, 0x00, 0x00, 0xb4, 0x00, 0x00, 0x00,
    0x00, 0x10, 0x00, 0xcf, 0xff, 0xff, 0xff, 0xff, 0xf3, 0x00, 0x00, 0x6b, 0x00, 0x00, 0x00, 0xd2,
    0x3d, 0x00, 0x4a, 0x00, 0x79, 0x00, 0xe1, 0x3b, 0x00, 0x4a, 0x00, 0x78, 0x01, 0xf0, 0x3f, 0xff,
    0xff, 0xff, 0xf8, 0x02, 0xd0, 0x00, 0x00, 0x00, 0x00, 0x78, 0x06, 0xb0, 0x00, 0x00, 0x00, 0x00,
    0x0a, 0xeb, 0x30, 0x0b, 0xff, 0xff, 0xff, 0xff, 0xff, 0xf0, 0x00, 0x00, 0x00, 0x5b, 0x00, 0x00,
    0x00, 0x00, 0x00, 0x00, 0x5b, 0x00, 0x00, 0x00, 0x00, 0x00, 0x00, 0x5b, 0x00, 0x00, 0x00, 0x00,
    0x00, 0x00, 0x5b, 0x00, 0x00, 0x00, 0x00, 0x00, 0x00, 0x5b, 0x00, 0x00, 0x00, 0x00, 0x00, 0x00,
    0x5b, 0x00, 0x00, 0x00, 0x00, 0x00, 0x00, 0x5b, 0x00, 0x00, 0x00, 0x00, 0x00, 0x00, 0x5b, 0x00,
    0x00, 0x00, 0x11, 0x00, 0x00, 0x5b, 0x00, 0x00, 0x11, 0xdf, 0xff, 0xff, 0xff, 0xff, 0xff, 0xfd,
    0x00, 0x00, 0x00, 0x4c, 0x20, 0x00, 0x00, 0x00, 0x00, 0x00, 0x00, 0x79, 0x00, 0x00, 0x00, 0x00,
    0x06, 0xed, 0xdd, 0xed, 0xcc, 0xcc, 0xde, 0x80, 0x01, 0x21, 0x11, 0xd0, 0x00, 0x00, 0x11, 0x10,
    0x00, 0x00, 0x04, 0x90, 0x00, 0x00, 0x00, 0x00, 0x00, 0x00, 0x0a, 0x40, 0x00, 0x00, 0x00, 0x00,
    0x00, 0x00, 0x2c, 0x00, 0x00, 0x00, 0x11, 0x00, 0x00, 0x00, 0xaf, 0xff, 0xff, 0xff, 0xf6, 0x00,
    0x00, 0x05, 0xc0, 0x00, 0x5a, 0x00, 0x11, 0x00, 0x00, 0x3e, 0x30, 0x00, 0x5a, 0x00, 0x00, 0x00,
    0x04, 0xe6, 0x00, 0x00, 0x5a, 0x00, 0x00, 0x00, 0x09, 0x70, 0x00, 0x00, 0x5a, 0x00, 0x00, 0x00,
    0x00, 0x02, 0x10, 0x00, 0x5a, 0x00, 0x01, 0x10, 0x00, 0x0f, 0xff, 0xff, 0xff, 0xff, 0xff, 0xf3,
    0x6f, 0xff, 0xff, 0xff, 0xff, 0xf9, 0x00, 0x12, 0x11, 0x10, 0x00, 0x00, 0x88, 0x00, 0x00, 0x00,
    0x00, 0x00, 0x00, 0x88, 0x00, 0x01, 0x00, 0x00, 0x00, 0x00, 0x88, 0x00, 0x1f, 0x20, 0x00, 0x00,
    0x00, 0x88, 0x00, 0x0f, 0xff, 0xff, 0xff, 0xff, 0xf8, 0x00, 0x0f, 0x00, 0x00, 0x00, 0x00, 0x88,
    0x00, 0x0f, 0x00, 0x00, 0x00, 0x00, 0x56, 0x00, 0x0f, 0x00, 0x00, 0x00, 0x00, 0x00, 0x00, 0x0f,
    0x00, 0x00, 0x00, 0x00, 0x00, 0x00, 0x0f, 0x00, 0x00, 0x00, 0x00, 0x00, 0xc3, 0x0f, 0x40, 0x00,
    0x00, 0x00, 0x28, 0xe0, 0x09, 0xef, 0xee, 0xee, 0xff, 0xeb, 0x30, 0x00, 0x00, 0x01, 0x11, 0x10,
    0x00, 0x00, 0x00, 0x00, 0x00, 0x0b, 0x80, 0x00, 0x00, 0x00, 0x00, 0x00, 0x00, 0x0e, 0x40, 0x00,
    0x00, 0x00, 0x01, 0x10, 0x00, 0x4c, 0x00, 0x00, 0x00, 0x11, 0x0e, 0xff, 0xff, 0xff, 0xff, 0xff,
    0xff, 0xf7, 0x02, 0x11, 0x03, 0xb1, 0x97, 0x00, 0x01, 0x11, 0x00, 0x00, 0x18, 0x10, 0xa5, 0x00,
    0x11, 0x00, 0x00, 0x00, 0xbf, 0xff, 0xff, 0xff, 0xff, 0x00, 0x00, 0x2c, 0xe3, 0x00, 0xa5, 0x00,
    0x1f, 0x00, 0x07, 0xd4, 0xc3, 0x00, 0xa5, 0x00, 0x1f, 0x00, 0x2a, 0x20, 0xc3, 0x00, 0xa5, 0x00,
    0x1f, 0x00, 0x00, 0x00, 0xc3, 0x00, 0xa5, 0x00, 0x1f, 0x00, 0x00, 0x00, 0xc3, 0x00, 0xa5, 0x00,
    0x1f, 0x00, 0x00, 0x00, 0xc3, 0x00, 0xa5, 0x2a, 0xcc, 0x00, 0x00, 0x00, 0x51, 0x00, 0xa5, 0x07,
    0x61, 0x00, 0x00, 0x00, 0x00, 0x00, 0xb6, 0x00, 0x00, 0x00, 0x00, 0x0e, 0x40, 0x00, 0x04, 0xc0,
    0x00, 0x00, 0x00, 0x0d, 0x10, 0x00, 0x04, 0xb0, 0x00, 0x10, 0x01, 0x0d, 0x10, 0x00, 0x03, 0xff,
    0xff, 0xd0, 0x0f, 0xff, 0xff, 0x40, 0x03, 0xa0, 0x01, 0x20, 0x0d, 0x0d, 0x1a, 0x47, 0xef, 0xff,
    0xe9, 0x00, 0x0d, 0x0d, 0x1a, 0x4b, 0x40, 0x00, 0x3c, 0x00, 0x0d, 0x0d, 0x1a, 0x4b, 0x40, 0x00,
    0x3c, 0x00, 0x0d, 0x0d, 0x1a, 0x4b, 0x42, 0xd2, 0x3c, 0x00, 0x0d, 0x0d, 0x1a, 0x4b, 0x42, 0xd0,
    0x3c, 0x00, 0x1d, 0x0d, 0x1a, 0x4b, 0x43, 0xb0, 0x3c, 0x00, 0x2d, 0x0d, 0x7e, 0x3a, 0x36, 0x84,
    0x3b, 0x00, 0x14, 0x0d, 0x32, 0x00, 0x0c, 0x3a, 0xc3, 0x00, 0x00, 0x0d, 0x10, 0x00, 0x8a, 0x00,
    0x5e, 0x60, 0x00, 0x0d, 0x10, 0x4b, 0xb1, 0x00, 0x03, 0xb0, 0x00, 0x0e, 0x21, 0xc7, 0x00, 0x00,
    0x00, 0x00, 0x00, 0x21, 0x00, 0x7a, 0x00, 0x21, 0x00, 0x00, 0x7c, 0x10, 0x78, 0x00, 0xb9, 0x00,
    0x00, 0x06, 0xa0, 0x78, 0x07, 0x90, 0x00, 0xaf, 0xff, 0xff, 0xff, 0xff, 0xff, 0xfa, 0xa4, 0x11,
    0x00, 0x00, 0x00, 0x11, 0x4a, 0xa4, 0x7f, 0xff, 0xff, 0xff, 0xf5, 0x4a, 0x00, 0x67, 0x00, 0x00,
    0x00, 0x85, 0x00, 0x00, 0x7f, 0xff, 0xff, 0xff, 0xf5, 0x00, 0x00, 0x11, 0x10, 0x87, 0x00, 0x11,
    0x00, 0x01, 0x11, 0x00, 0x87, 0x00, 0x01, 0x10, 0x0a, 0xff, 0xff, 0xff, 0xff, 0xff, 0xe0, 0x09,
    0x50, 0x00, 0x87, 0x00, 0x01, 0xd0, 0x09, 0x50, 0x00, 0x87, 0x00, 0x03, 0xd0, 0x0a, 0x50, 0x00,
    0x87, 0x01, 0xee, 0x70, 0x00, 0x00, 0x00, 0x97, 0x00, 0x10, 0x00, 0x01, 0x11, 0x0c, 0x30, 0x01,
    0xe0, 0x01, 0x20, 0x0b, 0xff, 0xff, 0xff, 0xff, 0xff, 0xff, 0xf1, 0x01, 0x10, 0x0b, 0x20, 0x00,
    0xd0, 0x01, 0x10, 0x00, 0x08, 0xff, 0xff, 0xff, 0xff, 0xa0, 0x00, 0x00, 0x08, 0xff, 0xff, 0xff,
    0xff, 0xa0, 0x00, 0x00, 0x08, 0x50, 0x00, 0x00, 0x03, 0xa0, 0x00, 0x01, 0x19, 0xff, 0xff, 0xff,
    0xff, 0xb1, 0x10, 0x09, 0xff, 0xff, 0xff, 0xff, 0xff, 0xff, 0xe0, 0x00, 0x00, 0x5c, 0x12, 0x20,
    0x79, 0x00, 0x00, 0x00, 0x2a, 0xc2, 0x06, 0x90, 0x09, 0xc3, 0x00, 0x1b, 0xe7, 0xff, 0xff, 0xff,
    0xff, 0x9d, 0xc1, 0x04, 0x10, 0xd0, 0x05, 0x80, 0x09, 0x50, 0x30, 0x00, 0x00, 0xd0, 0x05, 0x80,
    0x09, 0x50, 0x00, 0x00, 0x01, 0xd0, 0x06, 0x80, 0xcc, 0x20, 0x00, 0x00, 0x00, 0x00, 0x06, 0x90,
    0x00, 0x00, 0x00, 0x00, 0xdf, 0xff, 0xff, 0xff, 0xff, 0xfc, 0x00, 0x00, 0x21, 0x10, 0x08, 0x70,
    0x01, 0x22, 0x00, 0x00, 0x35, 0x00, 0x08, 0x70, 0x00, 0x62, 0x00, 0x00, 0x2e, 0x20, 0x08, 0x70,
    0x01, 0xe7, 0x00, 0x00, 0x05, 0xc1, 0x08, 0x70, 0x09, 0x80, 0x00, 0x00, 0x00, 0x99, 0x08, 0x70,
    0x6b, 0x00, 0x00, 0x12, 0x10, 0x14, 0x08, 0x70, 0xa2, 0x01, 0x21, 0x4f, 0xff, 0xff, 0xff, 0xff,
    0xff, 0xff, 0xf4, 0x12, 0x11, 0x00, 0x08, 0x70, 0x00, 0x11, 0x21, 0x00, 0x00, 0x00, 0x08, 0x70,
    0x00, 0x00, 0x00, 0x00, 0x00, 0x00, 0x08, 0x70, 0x00, 0x00, 0x00, 0x00, 0x00, 0x00, 0x09, 0x80,
    0x00, 0x00, 0x00, 0x00, 0x00, 0x00, 0x09, 0x80, 0x00, 0x00, 0x00, 0x00, 0x00, 0x00, 0x0a, 0x90,
    0x00, 0x00, 0x00, 0x00, 0x00, 0x67, 0x00, 0x00, 0x00, 0x00, 0x00, 0x00, 0x00, 0xd4, 0x00, 0x00,
    0x00, 0x12, 0x10, 0x00, 0x08, 0xff, 0xff, 0xff, 0xff, 0xff, 0x50, 0x00, 0x5d, 0x10, 0x00, 0xd3,
    0x00, 0x01, 0x00, 0x04, 0xe3, 0x00, 0x00, 0xd3, 0x00, 0x00, 0x00, 0x01, 0x36, 0xff, 0xff, 0xff,
    0xff, 0xf4, 0x00, 0x00, 0x05, 0xb0, 0x00, 0xd3, 0x00, 0x00, 0x00, 0x00, 0x05, 0xb0, 0x00, 0xd3,
    0x00, 0x00, 0x00, 0x00, 0x05, 0xb0, 0x00, 0xd3, 0x00, 0x00, 0x00, 0x1f, 0xff, 0xff, 0xff, 0xff,
    0xff, 0xff, 0xf1, 0x01, 0x11, 0x00, 0x00, 0xd3, 0x00, 0x01, 0x20, 0x00, 0x00, 0x00, 0x00, 0xd3,
    0x00, 0x00, 0x00, 0x00, 0x00, 0x00, 0x00, 0xd3, 0x00, 0x00, 0x00, 0x00, 0x00, 0x00, 0x00, 0xd3,
    0x00, 0x00, 0x00, 0x00, 0x00, 0x00, 0x00, 0xe4, 0x00, 0x00, 0x00, 0x00, 0x05, 0x80, 0x00, 0x00,
    0x2c, 0x30, 0x00, 0x00, 0x01, 0xab, 0x10, 0x00, 0xb8, 0x00, 0x00, 0x01, 0x11, 0x1b, 0x60, 0x08,
    0x80, 0x11, 0x10, 0x05, 0xff, 0xff, 0xff, 0xff, 0xff, 0xff, 0x80, 0x01, 0x11, 0x3c, 0x00, 0x00,
    0xe1, 0x01, 0x10, 0x00, 0x00, 0x3c, 0x00, 0x00, 0xe1, 0x00, 0x00, 0x00, 0x00, 0x3c, 0x00, 0x00,
    0xe1, 0x00, 0x00, 0x02, 0x10, 0x3c, 0x00, 0x00, 0xe1, 0x01, 0x20, 0x2f, 0xff, 0xff, 0xff, 0xff,
    0xff, 0xff, 0xf2, 0x02, 0x10, 0x4b, 0x00, 0x00, 0xe1, 0x00, 0x10, 0x00, 0x00, 0x6a, 0x00, 0x00,
    0xe1, 0x00, 0x00, 0x00, 0x00, 0xb5, 0x00, 0x00, 0xe1, 0x00, 0x00, 0x00, 0x06, 0xd1, 0x00, 0x00,
    0xe2, 0x00, 0x00, 0x00, 0x7e, 0x30, 0x00, 0x00, 0xe2, 0x00, 0x00, 0x01, 0xb4, 0x00, 0x00, 0x00,
    0xf3, 0x00, 0x00, 0x00, 0x00, 0x00, 0x09, 0x60, 0x00, 0x00, 0x00, 0x00, 0x11, 0x00, 0x02, 0xd4,
    0x00, 0x00, 0x00, 0x00, 0x6f, 0xff, 0xff, 0xff, 0xff, 0xff, 0xf2, 0x00, 0x69, 0x01, 0x00, 0x00,
    0x00, 0x01, 0x00, 0x00, 0x5a, 0x1f, 0xff, 0xff, 0xff, 0xf8, 0x00, 0x00, 0x5a, 0x00, 0x03, 0x20,
    0x37, 0x20, 0x00, 0x00, 0x5a, 0x10, 0x02, 0x6a, 0xc0, 0x00, 0x10, 0x00, 0x59, 0xcf, 0xff, 0xff,
    0xff, 0xff, 0xc0, 0x00, 0x59, 0x11, 0x00, 0x0c, 0x30, 0x09, 0x50, 0x00, 0x68, 0x00, 0x00, 0x0c,
    0x30, 0x1d, 0x00, 0x00, 0x87, 0x00, 0x00, 0x0c, 0x30, 0x00, 0x00, 0x00, 0xb4, 0x00, 0x00, 0x0c,
    0x30, 0x00, 0x00, 0x01, 0xe1, 0x00, 0x04, 0x3d, 0x30, 0x00, 0x00, 0x08, 0xa0, 0x00, 0x09, 0xda,
    0x00, 0x00, 0x00, 0x06, 0x20, 0x00, 0x00, 0x00, 0x00, 0x00, 0x00, 0x00, 0x00, 0x00, 0x05, 0x80,
    0x00, 0x00, 0x00, 0x00, 0x01, 0x00, 0x00, 0xc4, 0x00, 0x00, 0x00, 0x00, 0x4f, 0xff, 0xff, 0xff,
    0xff, 0xff, 0xe0, 0x00, 0x3c, 0x00, 0x00, 0x00, 0x00, 0x00, 0x00, 0x00, 0x2c, 0x00, 0x02, 0x40,
    0x00, 0x05, 0x10, 0x00, 0x2d, 0x00, 0x03, 0xd1, 0x00, 0x3e, 0x30, 0x00, 0x1d, 0x59, 0x00, 0x98,
    0x00, 0x97, 0x00, 0x00, 0x2d, 0x1c, 0x50, 0x1e, 0x11, 0xd1, 0x00, 0x00, 0x2c, 0x03, 0xd1, 0x0a,
    0x77, 0x70, 0x00, 0x00, 0x4b, 0x00, 0x99, 0x03, 0x3c, 0x10, 0x00, 0x00, 0x78, 0x00, 0x2b, 0x00,
    0x77, 0x00, 0x00, 0x00, 0xc5, 0x21, 0x00, 0x02, 0xc1, 0x01, 0x20, 0x06, 0xd3, 0xff, 0xff, 0xff,
    0xff, 0xff, 0xf1, 0x0a, 0x50, 0x11, 0x00, 0x00, 0x00, 0x01, 0x20, 0x00, 0x00, 0x00, 0x0b, 0x40,
    0x00, 0x00, 0x00, 0x00, 0x11, 0x00, 0x05, 0xd0, 0x00, 0x01, 0x10, 0x00, 0x7f, 0xff, 0xff, 0xff,
    0xff, 0xff, 0x90, 0x00, 0x69, 0x00, 0x00, 0x13, 0x46, 0x96, 0x00, 0x00, 0x69, 0x1f, 0xee, 0xde,
    0xb8, 0x76, 0x00, 0x00, 0x59, 0x0e, 0x00, 0x0b, 0x30, 0x00, 0x00, 0x00, 0x59, 0x0d, 0x00, 0x0a,
    0x40, 0x00, 0x00, 0x00, 0x58, 0x0d, 0x00, 0x08, 0x50, 0x00, 0x00, 0x00, 0x68, 0x0f, 0xff, 0xff,
    0xff, 0xff, 0x50, 0x00, 0x87, 0x0d, 0x00, 0x03, 0xb0, 0x00, 0x00, 0x00, 0xa5, 0x0d, 0x00, 0x00,
    0xd1, 0x00, 0x00, 0x00, 0xe2, 0x0d, 0x01, 0x80, 0x78, 0x00, 0x00, 0x04, 0xd0, 0x0e, 0x4d, 0xeb,
    0x2c, 0x40, 0xa2, 0x0b, 0x80, 0x4f, 0xc3, 0x06, 0xb3, 0xd8, 0xe1, 0x1a, 0x10, 0x28, 0x00, 0x00,
    0x00, 0x2a, 0x60, 0x00, 0x00, 0x00, 0x07, 0x70, 0x00, 0x00, 0x00, 0x01, 0x10, 0x00, 0x3e, 0x10,
    0x00, 0x11, 0x00, 0xcf, 0xff, 0xff, 0xff, 0xff, 0xff, 0xa0, 0x0c, 0x40, 0x00, 0x00, 0x00, 0x00,
    0x00, 0x00, 0xb4, 0x10, 0xd1, 0x00, 0x2d, 0x01, 0x00, 0x0b, 0x9f, 0xff, 0xff, 0xff, 0xff, 0xf4,
    0x00, 0xa5, 0x10, 0xd2, 0x6a, 0xdc, 0x01, 0x00, 0x0a, 0x41, 0x10, 0x00, 0x00, 0x11, 0x00, 0x00,
    0xb4, 0x8f, 0xff, 0xff, 0xff, 0xc0, 0x00, 0x0b, 0x30, 0x0c, 0x40, 0x01, 0xc4, 0x00, 0x00, 0xd2,
    0x00, 0x4e, 0x30, 0xaa, 0x00, 0x00, 0x0f, 0x00, 0x00, 0x7e, 0xcc, 0x10, 0x00, 0x04, 0xd0, 0x00,
    0x03, 0xdf, 0x71, 0x00, 0x00, 0xa9, 0x36, 0x79, 0x95, 0x38, 0xa9, 0x85, 0x0a, 0x30, 0x00, 0x00,
    0x00, 0x00, 0x00, 0x00, 0x00, 0x00, 0x00, 0x00, 0x0a, 0x70, 0x00, 0x00, 0x00, 0x00, 0x00, 0x11,
    0x09, 0x60, 0x23, 0x00, 0x0d, 0xff, 0xd1, 0xaf, 0xff, 0xff, 0xfa, 0x00, 0x00, 0x08, 0x5a, 0xff,
    0xff, 0xff, 0xff, 0xf2, 0x00, 0x2b, 0x00, 0x11, 0x09, 0x60, 0x4a, 0x00, 0x00, 0xa3, 0x11, 0xbf,
    0xff, 0xff, 0xfa, 0x00, 0x08, 0xff, 0xf1, 0x10, 0x09, 0x60, 0x11, 0x00, 0x01, 0x10, 0xd0, 0x00,
    0x09, 0x60, 0x00, 0x00, 0x00, 0x00, 0xc2, 0xff, 0xff, 0xff, 0xff, 0x20, 0x06, 0x83, 0x90, 0x00,
    0x09, 0x60, 0x00, 0x00, 0x00, 0xba, 0x5a, 0xff, 0xff, 0xff, 0xff, 0x90, 0x00, 0x2e, 0x80, 0x00,
    0x0a, 0x60, 0x00, 0x00, 0x03, 0xc3, 0x7c, 0x85, 0x3c, 0x82, 0x23, 0x42, 0x1b, 0x40, 0x01, 0x58,
    0xab, 0xbc, 0xcc, 0xc1, 0x00, 0xaf, 0xff, 0xff, 0xff, 0xff, 0xfb, 0x00, 0x00, 0x00, 0x08, 0x70,
    0x00, 0xd2, 0x00, 0x00, 0x00, 0x00, 0x08, 0x70, 0x00, 0xd2, 0x00, 0x00, 0x00, 0x00, 0x08, 0x70,
    0x00, 0xd2, 0x00, 0x00, 0x00, 0x00, 0x08, 0x70, 0x00, 0xd2, 0x00, 0x00, 0x02, 0x10, 0x08, 0x60,
    0x00, 0xd2, 0x00, 0x10, 0x1f, 0xff, 0xff, 0xff, 0xff, 0xff, 0xff, 0xf1, 0x00, 0x00, 0x0b, 0x40,
    0x00, 0xd2, 0x00, 0x00, 0x00, 0x00, 0x0d, 0x20, 0x00, 0xd2, 0x00, 0x00, 0x00, 0x00, 0x2d, 0x00,
    0x00, 0xd2, 0x00, 0x00, 0x00, 0x00, 0x98, 0x00, 0x00, 0xd2, 0x00, 0x00, 0x00, 0x05, 0xd1, 0x00,
    0x00, 0xd2, 0x00, 0x00, 0x00, 0x7e, 0x30, 0x00, 0x00, 0xe3, 0x00, 0x00, 0x02, 0xb3, 0x00, 0x00,
    0x00, 0x00, 0x00, 0x00, 0x00, 0x5f, 0xff, 0xff, 0xff, 0xff, 0xe0, 0x00, 0x04, 0xa0, 0x00, 0x00,
    0x00, 0x2d, 0x00, 0x00, 0x4f, 0xff, 0xff, 0xff, 0xff, 0xd0, 0x00, 0x04, 0xa0, 0x00, 0x00, 0x00,
    0x2e, 0x11, 0x00, 0x4d, 0x20, 0x00, 0x00, 0x00, 0x28, 0xc0, 0x01, 0xae, 0xff, 0xee, 0xff, 0xff,
    0xc3, 0x00, 0x00, 0x21, 0x00, 0x00, 0x30, 0x00, 0x00, 0x10, 0x06, 0x90, 0x00, 0x0b, 0x50, 0x01,
    0x1f, 0xff, 0xff, 0xff, 0xff, 0xff, 0xff, 0xf0, 0x10, 0x07, 0x70, 0x00, 0x0a, 0x40, 0x01, 0x00,
    0x00, 0xa5, 0x00, 0x00, 0xa4, 0x00, 0x00, 0x00, 0x4d, 0x00, 0x00, 0x0a, 0x40, 0x00, 0x00, 0x6e,
    0x40, 0x00, 0x00, 0xb5, 0x00, 0x00, 0x2b, 0x40, 0x00, 0x00, 0x08, 0x40, 0x00, 0x00, 0x00, 0x00,
    0x00, 0x0d, 0x47, 0x30, 0x00, 0x00, 0x00, 0x00, 0x00, 0x0d, 0x23, 0xd1, 0x00, 0x02, 0x10, 0x00,
    0x00, 0x0c, 0x20, 0x75, 0x10, 0x1f, 0xff, 0xff, 0xff, 0xff, 0xff, 0xff, 0x90, 0x00, 0x00, 0x00,
    0x00, 0x0c, 0x20, 0x00, 0x00, 0x00, 0x21, 0x00, 0x01, 0x1b, 0x20, 0x00, 0x00, 0x00, 0xff, 0xff,
    0xff, 0x6a, 0x30, 0x00, 0x00, 0x00, 0x21, 0x2c, 0x01, 0x19, 0x50, 0x00, 0x00, 0x00, 0x00, 0x2c,
    0x00, 0x06, 0x80, 0x00, 0x00, 0x00, 0x00, 0x2c, 0x00, 0x03, 0xb0, 0x00, 0x00, 0x00, 0x00, 0x2c,
    0x00, 0x00, 0xd2, 0x00, 0x00, 0x00, 0x00, 0x2d, 0x49, 0xd0, 0x6a, 0x00, 0x20, 0x03, 0x79, 0xcd,
    0x95, 0x10, 0x0b, 0x82, 0xe0, 0x03, 0xb7, 0x20, 0x00, 0x00, 0x01, 0xbf, 0x90, 0x00, 0x00, 0x00,
    0x00, 0x00, 0x00, 0x04, 0x10, 0x00, 0x00, 0x00, 0xb8, 0x00, 0x01, 0x00, 0x04, 0x90, 0x00, 0xa6,
    0x00, 0x0a, 0xa0, 0x01, 0xca, 0x00, 0xa6, 0x00, 0x7d, 0x30, 0x00, 0x1c, 0x90, 0xa6, 0x06, 0xd2,
    0x00, 0x02, 0x12, 0x90, 0xa6, 0x4d, 0x20, 0x00, 0x1f, 0xff, 0xff, 0xff, 0xff, 0xdc, 0x70, 0x00,
    0x00, 0x00, 0x00, 0x00, 0x05, 0xa0, 0x00, 0x00, 0x00, 0x00, 0x00, 0x05, 0xa0, 0x01, 0x10, 0x00,
    0x00, 0x00, 0x05, 0xa0, 0x06, 0xff, 0xff, 0xff, 0xff, 0xff, 0xa0, 0x01, 0x11, 0x00, 0x00, 0x00,
    0x05, 0xa0, 0x01, 0x11, 0x00, 0x00, 0x00, 0x05, 0xa0, 0x2f, 0xff, 0xff, 0xff, 0xff, 0xff, 0xa0,
    0x01, 0x00, 0x00, 0x00, 0x00, 0x05, 0xa0, 0x00, 0x00, 0x00, 0x00, 0x00, 0x05, 0xb0, 0x00, 0x5f,
    0xff, 0xff, 0xff, 0xff, 0x80, 0x00, 0x00, 0x13, 0x21, 0x10, 0x00, 0x08, 0x70, 0x00, 0x00, 0x0c,
    0xff, 0xff, 0xff, 0xff, 0x70, 0x00, 0x00, 0x01, 0x11, 0x00, 0x00, 0x08, 0x70, 0x00, 0x01, 0x10,
    0x00, 0x00, 0x00, 0x08, 0x70, 0x10, 0x3f, 0xff, 0xff, 0xff, 0xff, 0xff, 0xff, 0xe0, 0x01, 0xa4,
    0x00, 0x09, 0x60, 0x01, 0xa2, 0x10, 0x00, 0x3c, 0xa1, 0x09, 0x80, 0x2c, 0x82, 0x00, 0x00, 0x00,
    0x72, 0x59, 0xe9, 0xc3, 0x00, 0x00, 0x00, 0x00, 0x5d, 0x69, 0x7b, 0x80, 0x00, 0x00, 0x00, 0x3a,
    0xa1, 0x09, 0x60, 0xac, 0x30, 0x00, 0x2b, 0xd4, 0x00, 0x09, 0x60, 0x05, 0xeb, 0x50, 0x07, 0x10,
    0x02, 0x3d, 0x50, 0x00, 0x17, 0xc1, 0x00, 0x00, 0x08, 0xda, 0x10, 0x00, 0x00, 0x00, 0x00, 0x00,
    0x75, 0x00, 0x04, 0xd0, 0x00, 0x00, 0x00, 0x03, 0xd3, 0x11, 0x03, 0xc0, 0x12, 0x10, 0x00, 0x3d,
    0x30, 0xaf, 0xff, 0xff, 0xff, 0x40, 0x04, 0xd4, 0x10, 0x11, 0x03, 0xc0, 0x12, 0x10, 0x07, 0x30,
    0xd4, 0x21, 0x03, 0xc0, 0x01, 0x21, 0x00, 0x09, 0x85, 0xff, 0xff, 0xff, 0xff, 0xf4, 0x00, 0x5f,
    0x21, 0x21, 0x10, 0x09, 0xb1, 0x21, 0x06, 0xcd, 0x20, 0x00, 0x00, 0x08, 0x80, 0x00, 0x1a, 0x2d,
    0x23, 0xff, 0xff, 0xff, 0xff, 0xf1, 0x00, 0x0d, 0x20, 0x03, 0x00, 0x08, 0x80, 0x10, 0x00, 0x0d,
    0x20, 0x2d, 0x30, 0x08, 0x80, 0x00, 0x00, 0x0d, 0x20, 0x03, 0xd2, 0x08, 0x80, 0x00, 0x00, 0x0d,
    0x20, 0x00, 0x40, 0x08, 0x80, 0x00, 0x00, 0x0d, 0x20, 0x00, 0x01, 0x2a, 0x70, 0x00, 0x00, 0x0e,
    0x20, 0x00, 0x02, 0xfd, 0x30, 0x00, 0x00, 0x00, 0x00, 0x88, 0x00, 0x00, 0x00, 0x11, 0x00, 0x00,
    0x87, 0x00, 0x00, 0x11, 0xbf, 0xff, 0xff, 0xff, 0xff, 0xff, 0xfc, 0x11, 0x11, 0x00, 0x87, 0x00,
    0x11, 0x11, 0x00, 0x00, 0x00, 0x87, 0x00, 0x00, 0x00, 0x01, 0x21, 0x00, 0x87, 0x00, 0x12, 0x10,
    0x06, 0xff, 0xff, 0xff, 0xff, 0xff, 0x50, 0x01, 0x11, 0x00, 0x10, 0x00, 0x11, 0x10, 0x00, 0x00,
    0x01, 0xd3, 0x00, 0x01, 0x00, 0x08, 0x40, 0xd2, 0x4d, 0x10, 0x4d, 0x10, 0x0d, 0x20, 0xe0, 0x08,
    0x70, 0x06, 0xc0, 0x3d, 0x00, 0xe0, 0x00, 0x00, 0x52, 0xb9, 0xa7, 0x00, 0xe1, 0x00, 0x00, 0xc5,
    0x25, 0x52, 0x00, 0xcd, 0xba, 0xbd, 0xa0, 0x00, 0x00, 0x00, 0x02, 0x22, 0x21, 0x00, 0x00, 0x00,
    0x2f, 0x20, 0x00, 0x1f, 0x30, 0x00, 0x00, 0x00, 0x1e, 0x00, 0x00, 0x0f, 0x00, 0x00, 0x00, 0x00,
    0x1e, 0x00, 0x11, 0x0e, 0x00, 0x11, 0x00, 0x07, 0x2e, 0x84, 0xef, 0xff, 0xff, 0xf8, 0x00, 0x0d,
    0x1e, 0x4a, 0x00, 0x0e, 0x00, 0x77, 0x00, 0x0d, 0x1e, 0x0e, 0x10, 0x1e, 0x00, 0x86, 0x00, 0x1c,
    0x1e, 0x06, 0x21, 0x2d, 0x00, 0x95, 0x10, 0x39, 0x1e, 0x0a, 0xff, 0xff, 0xff, 0xff, 0xf3, 0x00,
    0x1e, 0x01, 0x11, 0x69, 0xc1, 0x01, 0x20, 0x00, 0x1e, 0x00, 0x00, 0xa5, 0x76, 0x00, 0x00, 0x00,
    0x1e, 0x00, 0x01, 0xe1, 0x1d, 0x20, 0x00, 0x00, 0x1e, 0x00, 0x09, 0x90, 0x06, 0xb1, 0x00, 0x00,
    0x1e, 0x00, 0x7d, 0x10, 0x00, 0xab, 0x10, 0x00, 0x1e, 0x09, 0xe3, 0x00, 0x00, 0x1b, 0xd2, 0x00,
    0x2f, 0x2b, 0x30, 0x00, 0x00, 0x00, 0x50, 0x00, 0x00, 0x00, 0x0b, 0x60, 0x00, 0x00, 0x00, 0x00,
    0x00, 0x00, 0x1e, 0x10, 0x00, 0x00, 0x00, 0x09, 0xff, 0xff, 0xff, 0xff, 0xff, 0xff, 0xf0, 0x00,
    0x00, 0x00, 0xd4, 0x1c, 0x10, 0x00, 0x00, 0x00, 0x00, 0x08, 0x90, 0x04, 0xb1, 0x00, 0x00, 0x00,
    0x00, 0x7c, 0x15, 0x00, 0x6b, 0x10, 0x00, 0x00, 0x1a, 0xb1, 0x1a, 0x90, 0x06, 0xd4, 0x00, 0x17,
    0xe9, 0x00, 0x00, 0xa6, 0x00, 0x5e, 0xa1, 0x19, 0x40, 0x26, 0x02, 0x10, 0x00, 0x02, 0x80, 0x00,
    0x11, 0x3d, 0x06, 0xc2, 0x00, 0x40, 0x00, 0x00, 0x97, 0x3c, 0x00, 0x4d, 0x00, 0xb8, 0x00, 0x03,
    0xd1, 0x3c, 0x00, 0x00, 0x02, 0x0b, 0x80, 0x1d, 0x40, 0x3d, 0x10, 0x00, 0x3e, 0x01, 0x80, 0x02,
    0x00, 0x1d, 0xfe, 0xef, 0xe6, 0x00, 0x00, 0x00, 0x00, 0x00, 0x01, 0x11, 0x00, 0x00, 0x00, 0x00,
    0x01, 0x81, 0x00, 0x00, 0x79, 0x00, 0x00, 0x00, 0x00, 0x9c, 0x10, 0x03, 0xd2, 0x00, 0x00, 0x00,
    0x01, 0x18, 0xa0, 0x2c, 0x21, 0x10, 0x00, 0x00, 0x0d, 0xff, 0xff, 0xff, 0xff, 0xb0, 0x00, 0x00,
    0x0c, 0x20, 0x00, 0x00, 0x03, 0xb0, 0x00, 0x00, 0x0c, 0x20, 0x00, 0x00, 0x03, 0xb0, 0x00, 0x00,
    0x0c, 0x20, 0x00, 0x00, 0x03, 0xb0, 0x00, 0x00, 0x0d, 0xff, 0xff, 0xff, 0xff, 0xb0, 0x00, 0x00,
    0x02, 0x10, 0x16, 0x00, 0x01, 0x30, 0x00, 0x00, 0x73, 0x46, 0x0b, 0x80, 0x01, 0xe3, 0x00, 0x00,
    0xd3, 0x67, 0x01, 0xd5, 0x00, 0x6c, 0x00, 0x03, 0xd0, 0x67, 0x00, 0x39, 0x06, 0x4b, 0x70, 0x0a,
    0x70, 0x68, 0x00, 0x00, 0x0b, 0x63, 0xe0, 0x0b, 0x10, 0x4e, 0xcb, 0xbc, 0xdb, 0x00, 0x10, 0x00,
    0x00, 0x01, 0x22, 0x22, 0x10, 0x00, 0x00, 0x00, 0x5c, 0x00, 0x04, 0xd1, 0x00, 0x00, 0x00, 0x00,
    0x4b, 0x00, 0x06, 0xa0, 0x00, 0x00, 0x00, 0x00, 0x3b, 0x05, 0xff, 0xff, 0xff, 0xff, 0xf1, 0x05,
    0x3b, 0xb0, 0x0b, 0x40, 0x00, 0x00, 0x10, 0x1e, 0x3b, 0x86, 0x0d, 0x10, 0xa4, 0x00, 0x00, 0x2d,
    0x3b, 0x2d, 0x2c, 0x00, 0xd2, 0x00, 0x00, 0x4b, 0x3b, 0x01, 0x77, 0xa3, 0xd1, 0x0d, 0x30, 0x34,
    0x3b, 0x00, 0xd2, 0xd0, 0xe0, 0x69, 0x00, 0x00, 0x3b, 0x06, 0xb6, 0x90, 0xf3, 0xd1, 0x00, 0x00,
    0x3b, 0x2e, 0x41, 0x23, 0xf6, 0x20, 0x00, 0x00, 0x3b, 0x28, 0x00, 0x08, 0x8d, 0x00, 0x00, 0x00,
    0x3b, 0x00, 0x00, 0x2d, 0x19, 0x90, 0x00, 0x00, 0x3b, 0x00, 0x02, 0xd6, 0x01, 0xd9, 0x00, 0x00,
    0x4c, 0x01, 0x7e, 0x60, 0x00, 0x2d, 0xc2, 0x00, 0x5d, 0x04, 0xc3, 0x00, 0x00, 0x01, 0x80, 0x00,
    0x00, 0x00, 0xa5, 0x00, 0x00, 0x00, 0x00, 0x00, 0x09, 0xff, 0xff, 0xff, 0xff, 0xd0, 0x00, 0x00,
    0x08, 0x70, 0x00, 0x00, 0x03, 0xc0, 0x00, 0x00, 0x08, 0x70, 0x00, 0x00, 0x03, 0xc0, 0x00, 0x00,
    0x08, 0xff, 0xff, 0xff, 0xff, 0xc0, 0x00, 0x00, 0x08, 0x70, 0x00, 0x00, 0x03, 0xc0, 0x00, 0x00,
    0x08, 0xff, 0xff, 0xff, 0xff, 0xc0, 0x00, 0x00, 0x08, 0x70, 0x00, 0x00, 0x03, 0xc0, 0x00, 0x00,
    0x08, 0xff, 0xff, 0xff, 0xff, 0xc0, 0x00, 0x00, 0x31, 0x68, 0x09, 0x70, 0x01, 0x50, 0x00, 0x00,
    0xd3, 0x68, 0x01, 0xb9, 0x00, 0x8a, 0x00, 0x05, 0xb0, 0x68, 0x00, 0x05, 0x02, 0x29, 0x90, 0x1d,
    0x30, 0x69, 0x00, 0x00, 0x08, 0xa1, 0xc2, 0x15, 0x00, 0x2e, 0xff, 0xff, 0xfc, 0x20, 0x00, 0x00,
    0x00, 0x00, 0x01, 0x11, 0x00, 0x00, 0x00, 0x00, 0x2f, 0x20, 0x00, 0x03, 0xd0, 0x00, 0x00, 0x00,
    0x1e, 0x00, 0xcf, 0xff, 0xff, 0xff, 0x50, 0x01, 0x0e, 0x40, 0x00, 0x02, 0xc0, 0x00, 0x00, 0x09,
    0x5e, 0x86, 0x2f, 0xff, 0xff, 0xfc, 0x00, 0x0b, 0x3e, 0x1c, 0x00, 0x02, 0xc0, 0x00, 0x00, 0x0d,
    0x1e, 0x05, 0xff, 0xff, 0xff, 0xff, 0xf4, 0x2d, 0x0e, 0x00, 0x00, 0x00, 0x00, 0x00, 0x00, 0x02,
    0x0e, 0x00, 0x3f, 0xff, 0xff, 0xfd, 0x00, 0x00, 0x0e, 0x00, 0x2c, 0x00, 0x00, 0x2d, 0x00, 0x00,
    0x0e, 0x00, 0x2f, 0xff, 0xff, 0xfd, 0x00, 0x00, 0x0e, 0x00, 0x2c, 0x00, 0x00, 0x2d, 0x00, 0x00,
    0x0e, 0x00, 0x2f, 0xff, 0xff, 0xfd, 0x00, 0x00, 0x0e, 0x00, 0x3c, 0x00, 0x00, 0x2d, 0x00, 0x00,
    0x1e, 0x00, 0x4c, 0x00, 0x01, 0x47, 0x00, 0x00, 0x2f, 0x10, 0x00, 0x00, 0x00, 0x00, 0x00, 0x00,
    0x1f, 0x20, 0x01, 0x00, 0x00, 0x11, 0x00, 0x00, 0x0e, 0x00, 0x5f, 0xff, 0xff, 0xfc, 0x00, 0x00,
    0x0d, 0x20, 0x4f, 0xff, 0xff, 0xfc, 0x00, 0x05, 0x3d, 0x85, 0x48, 0x00, 0x00, 0x2c, 0x00, 0x0a,
    0x3d, 0x3c, 0x6f, 0xff, 0xff, 0xfd, 0x20, 0x0c, 0x1d, 0x06, 0xff, 0xff, 0xff, 0xff, 0xc0, 0x3c,
    0x0d, 0x03, 0xa0, 0x76, 0x0c, 0x11, 0xc0, 0x23, 0x0d, 0x03, 0xa0, 0x76, 0x0c, 0x11, 0xc0, 0x00,
    0x0d, 0x04, 0xff, 0xff, 0xff, 0xff, 0xc0, 0x00, 0x0d, 0x00, 0xcf, 0xff, 0xff, 0xfe, 0x10, 0x00,
    0x0d, 0x00, 0x14, 0xa0, 0x00, 0xb5, 0x00, 0x00, 0x0d, 0x00, 0x00, 0x7a, 0x2b, 0x70, 0x00, 0x00,
    0x0e, 0x00, 0x00, 0x0b, 0xfa, 0x00, 0x00, 0x00, 0x0e, 0x01, 0x37, 0xd9, 0x4a, 0xd9, 0x51, 0x00,
    0x1f, 0x09, 0xb7, 0x10, 0x00, 0x16, 0x90, 0x00, 0x00, 0x00, 0x00, 0x6d, 0x0a, 0x30, 0x00, 0x00,
    0x00, 0x00, 0x00, 0x4b, 0x04, 0xe3, 0x00, 0x00, 0x11, 0x00, 0x00, 0x3c, 0x00, 0x53, 0x10, 0x00,
    0xcf, 0xff, 0xff, 0xff, 0xff, 0xff, 0x80, 0x00, 0xb4, 0x00, 0x00, 0x1e, 0x00, 0x00, 0x00, 0x00,
    0xb4, 0x00, 0x11, 0x0e, 0x00, 0x98, 0x00, 0x00, 0xbf, 0xff, 0xf6, 0x0c, 0x20, 0xe3, 0x00, 0x00,
    0xb4, 0x00, 0x86, 0x0a, 0x55, 0xa0, 0x00, 0x00, 0xc3, 0x00, 0x95, 0x06, 0x9c, 0x30, 0x00, 0x00,
    0xd2, 0x00, 0xa4, 0x02, 0xfa, 0x00, 0x00, 0x00, 0xe1, 0x00, 0xb3, 0x03, 0xf5, 0x00, 0x00, 0x03,
    0xd0, 0x54, 0xe1, 0x2e, 0xab, 0x00, 0x10, 0x08, 0xa0, 0xab, 0x62, 0xd6, 0x0c, 0x61, 0xd1, 0x0d,
    0x50, 0x00, 0x4e, 0x70, 0x02, 0xea, 0xc0, 0x01, 0x00, 0x00, 0x36, 0x00, 0x00, 0x3b, 0x40, 0x00,
    0x00, 0x00, 0x00, 0x4e, 0x1a, 0x10, 0x00, 0x00, 0x00, 0x00, 0x03, 0xc0, 0x6d, 0x20, 0x00, 0x00,
    0x00, 0x00, 0x2c, 0x00, 0x41, 0x00, 0xff, 0xff, 0xff, 0xff, 0xff, 0xff, 0xfa, 0x00, 0x00, 0x00,
    0x00, 0x1e, 0x00, 0x00, 0x00, 0x08, 0xff, 0xff, 0xa0, 0xe0, 0x05, 0x60, 0x00, 0x76, 0x00, 0x59,
    0x0b, 0x10, 0xa6, 0x00, 0x07, 0x60, 0x05, 0x90, 0x94, 0x1c, 0x00, 0x00, 0x76, 0x00, 0x59, 0x05,
    0x78, 0x40, 0x00, 0x08, 0xff, 0xff, 0xa0, 0x1b, 0x90, 0x00, 0x00, 0x00, 0x00, 0x37, 0x24, 0xf5,
    0x00, 0x00, 0x25, 0x8b, 0xda, 0x65, 0xd6, 0xc0, 0x04, 0x07, 0xc7, 0x30, 0x07, 0xd3, 0x0b, 0x84,
    0xc0, 0x00, 0x00, 0x08, 0xb2, 0x00, 0x2d, 0xf5, 0x00, 0x00, 0x00, 0x00, 0x00, 0x00, 0x12, 0x00,
    0x00, 0x10, 0x0d, 0x30, 0x04, 0xc2, 0x30, 0x00, 0x00, 0xbf, 0xff, 0xff, 0xe3, 0xb3, 0xca, 0x10,
    0x01, 0x10, 0x0c, 0x20, 0x03, 0xb0, 0x05, 0x20, 0x1f, 0xff, 0xff, 0xff, 0xff, 0xff, 0xff, 0xf0,
    0x01, 0x14, 0xa3, 0x10, 0x02, 0xc0, 0x01, 0x20, 0x00, 0x0a, 0x35, 0xb0, 0x01, 0xd0, 0x11, 0x00,
    0x00, 0x6f, 0xff, 0xff, 0xe0, 0xe0, 0x5d, 0x00, 0x04, 0xea, 0x06, 0x80, 0x00, 0xc1, 0x85, 0x00,
    0x2d, 0x6f, 0xff, 0xff, 0xa0, 0x94, 0xc1, 0x00, 0x00, 0x4a, 0x06, 0x80, 0x00, 0x5c, 0x90, 0x00,
    0x00, 0x4f, 0xff, 0xff, 0xa0, 0x1f, 0x30, 0x00, 0x00, 0x4a, 0x06, 0x80, 0x00, 0x8d, 0x70, 0x00,
    0x00, 0x4f, 0xff, 0xff, 0xe6, 0xc2, 0xe3, 0xa3, 0x00, 0x5a, 0x00, 0x00, 0xac, 0x10, 0x5f, 0xe1,
    0x00, 0x23, 0x00, 0x00, 0x21, 0x00, 0x02, 0x20, 0x00, 0x00, 0x00, 0x78, 0x00, 0x00, 0x00, 0x00,
    0x01, 0x00, 0x09, 0x80, 0x00, 0x00, 0x00, 0x2f, 0xff, 0xff, 0xff, 0xff, 0xf5, 0x00, 0x2d, 0x00,
    0x00, 0x00, 0x00, 0xb4, 0x00, 0x1d, 0x00, 0x00, 0x00, 0x00, 0xb4, 0x00, 0x1d, 0x00, 0x00, 0x00,
    0x00, 0xb4, 0x00, 0x1d, 0x00, 0x00, 0x00, 0x00, 0xb4, 0x00, 0x1f, 0xff, 0xff, 0xff, 0xff, 0xf5,
    0x00, 0x2d, 0x00, 0x00, 0x00, 0x00, 0xb5, 0x00, 0x3b, 0x00, 0x00, 0x00, 0x00, 0x32, 0x00, 0x59,
    0x00, 0x00, 0x00, 0x00, 0x00, 0x00, 0x96, 0x00, 0x00, 0x00, 0x00, 0x00, 0x01, 0xe1, 0x00, 0x00,
    0x00, 0x00, 0x00, 0x0a, 0x90, 0x00, 0x00, 0x00, 0x00, 0x00, 0x2b, 0x10, 0x00, 0x00, 0x00, 0x00,
    0x00, 0x00, 0x23, 0x22, 0x23, 0x45, 0x7a, 0xd3, 0x00, 0x00, 0x4f, 0xee, 0xdd, 0xc6, 0x43, 0x10,
    0x00, 0x00, 0x00, 0x00, 0x04, 0xa0, 0x00, 0x00, 0x00, 0x00, 0x01, 0x10, 0x04, 0xa0, 0x01, 0x10,
    0x00, 0x00, 0x4f, 0xff, 0xff, 0xff, 0xff, 0xf3, 0x00, 0x00, 0x01, 0x10, 0x04, 0xa0, 0x01, 0x10,
    0x00, 0x01, 0x10, 0x00, 0x04, 0xa0, 0x00, 0x01, 0x10, 0x3f, 0xff, 0xff, 0xff, 0xff, 0xff, 0xff,
    0xf3, 0x02, 0x11, 0x10, 0x04, 0xa0, 0x00, 0x11, 0x20, 0x00, 0x00, 0x00, 0x04, 0xa0, 0x00, 0x00,
    0x00, 0x00, 0x00, 0x00, 0x04, 0xa0, 0x00, 0x00, 0x00, 0x00, 0x00, 0x02, 0x17, 0xa0, 0x00, 0x00,
    0x00, 0x00, 0x00, 0x09, 0xfd, 0x40, 0x00, 0x00, 0x00, 0x00, 0x00, 0x00, 0x00, 0x05, 0xb0, 0x00,
    0x00, 0x00, 0x00, 0x00, 0x00, 0x04, 0xb0, 0x00, 0x00, 0x01, 0x10, 0x00, 0x00, 0x04, 0xb0, 0x01,
    0x10, 0x06, 0xff, 0xff, 0xff, 0xff, 0xff, 0xff, 0xf3, 0x01, 0x10, 0x00, 0x00, 0x0b, 0xb0, 0x00,
    0x00, 0x00, 0x00, 0x00, 0x00, 0xac, 0xb0, 0x00, 0x00, 0x00, 0x00, 0x00, 0x0a, 0xb4, 0xb0, 0x00,
    0x00, 0x00, 0x00, 0x01, 0xca, 0x04, 0xb0, 0x00, 0x00, 0x00, 0x00, 0x4d, 0x90, 0x04, 0xb0, 0x00,
    0x00, 0x00, 0x18, 0xe5, 0x00, 0x04, 0xb0, 0x00, 0x00, 0x06, 0xec, 0x20, 0x00, 0x04, 0xb0, 0x00,
    0x00, 0x05, 0x70, 0x00, 0x00, 0x04, 0xb0, 0x00, 0x00, 0x00, 0x00, 0x00, 0x05, 0x39, 0xa0, 0x00,
    0x00, 0x00, 0x00, 0x00, 0x0a, 0xeb, 0x30, 0x00, 0x00, 0x00, 0x09, 0x80, 0x00, 0x00, 0x00, 0x00,
    0x00, 0x00, 0x09, 0x60, 0x11, 0x00, 0x00, 0x00, 0x11, 0x01, 0x08, 0x60, 0x9f, 0xff, 0xff, 0xff,
    0xf6, 0x0f, 0xff, 0xff, 0xa1, 0x00, 0x04, 0xb0, 0x11, 0x01, 0x08, 0x60, 0x10, 0x00, 0x04, 0xb0,
    0x00, 0x00, 0x08, 0x60, 0x10, 0x00, 0x04, 0xb0, 0x00, 0x00, 0x08, 0x89, 0xd0, 0x00, 0x04, 0xb0,
    0x00, 0x01, 0x5d, 0xc6, 0x10, 0x00, 0x04, 0xb0, 0x00, 0x3e, 0xbb, 0x60, 0x00, 0x00, 0x04, 0xb0,
    0x00, 0x03, 0x08, 0x60, 0x00, 0x00, 0x04, 0xb0, 0x00, 0x00, 0x08, 0x60, 0x00, 0x00, 0x04, 0xb0,
    0x00, 0x00, 0x08, 0x60, 0x00, 0x00, 0x04, 0xb0, 0x00, 0x01, 0x1a, 0x60, 0x00, 0x03, 0x49, 0xa0,
    0x00, 0x03, 0xec, 0x20, 0x00, 0x07, 0xdb, 0x30, 0x00, 0x00, 0x09, 0x80, 0x00, 0x00, 0x00, 0x00,
    0x00, 0x00, 0x08, 0x70, 0x0e, 0xff, 0xff, 0xfb, 0x00, 0x01, 0x08, 0x70, 0x1d, 0x10, 0x00, 0x59,
    0x00, 0x2f, 0xff, 0xff, 0x9d, 0x10, 0x00, 0x87, 0x00, 0x01, 0x07, 0x71, 0x1d, 0x10, 0x9c, 0xe2,
    0x00, 0x00, 0x07, 0x70, 0x1d, 0x10, 0x23, 0x10, 0x00, 0x00, 0x07, 0xab, 0x7d, 0xff, 0xff, 0xff,
    0x30, 0x02, 0x7d, 0xb3, 0x0d, 0x2a, 0x00, 0x0d, 0x00, 0x2f, 0x99, 0x70, 0x0d, 0x1a, 0x20, 0x48,
    0x00, 0x01, 0x07, 0x70, 0x0d, 0x14, 0x90, 0xb2, 0x00, 0x00, 0x07, 0x70, 0x0d, 0x10, 0xbb, 0x60,
    0x00, 0x00, 0x07, 0x70, 0x0e, 0x10, 0x8a, 0xc4, 0x00, 0x02, 0x5b, 0x60, 0x0e, 0x29, 0x70, 0x4d,
    0xd2, 0x01, 0xc9, 0x10, 0x0f, 0x63, 0x00, 0x00, 0x40, 0x00, 0x0f, 0x40, 0x00, 0x51, 0x00, 0x00,
    0x00, 0x00, 0x0d, 0x10, 0x00, 0x79, 0x00, 0xb5, 0x00, 0x01, 0x0d, 0x11, 0x33, 0x0d, 0x20, 0xc3,
    0x00, 0x2f, 0xff, 0xfc, 0x78, 0x06, 0xa0, 0xc3, 0x00, 0x01, 0x0d, 0x11, 0x67, 0x01, 0x90, 0xc2,
    0x00, 0x00, 0x0d, 0x10, 0x67, 0x00, 0x00, 0xc2, 0x00, 0x00, 0x0d, 0x25, 0x67, 0x00, 0x00, 0xc2,
    0x00, 0x00, 0x1d, 0xd6, 0x67, 0x00, 0x00, 0xc1, 0x00, 0x19, 0xee, 0x20, 0x67, 0x03, 0x00, 0xd1,
    0x00, 0x08, 0x1d, 0x10, 0x67, 0x3d, 0x11, 0xe0, 0x00, 0x00, 0x0d, 0x10, 0x69, 0xd3, 0x06, 0xc0,
    0x00, 0x00, 0x0d, 0x10, 0x9f, 0x40, 0x0d, 0xa9, 0x00, 0x00, 0x0d, 0x11, 0xe5, 0x00, 0xa9, 0x0a,
    0x70, 0x04, 0x7e, 0x00, 0x30, 0x2b, 0xa0, 0x01, 0xd2, 0x03, 0x94, 0x00, 0x00, 0x98, 0x00, 0x00,
    0x10, 0x00, 0x0f, 0x40, 0x10, 0x00, 0x00, 0x00, 0x00, 0x00, 0x0e, 0x10, 0xff, 0xff, 0xff, 0xed,
    0x20, 0x11, 0x0d, 0x21, 0x26, 0x60, 0x00, 0xa7, 0x00, 0x5f, 0xff, 0xff, 0x70, 0xb4, 0x07, 0xa0,
    0x00, 0x11, 0x0d, 0x21, 0x10, 0x1b, 0xaa, 0x00, 0x00, 0x00, 0x0d, 0x27, 0x00, 0x2b, 0xbc, 0x61,
    0x00, 0x00, 0x0d, 0xd9, 0x6a, 0xc7, 0xc2, 0x8e, 0xc4, 0x01, 0x9f, 0x52, 0xb6, 0x02, 0xc0, 0x12,
    0x50, 0x3e, 0x7d, 0x10, 0xbf, 0xff, 0xff, 0xff, 0x30, 0x03, 0x0d, 0x10, 0x11, 0x02, 0xc0, 0x01,
    0x00, 0x00, 0x0d, 0x10, 0x00, 0x02, 0xc0, 0x00, 0x00, 0x00, 0x0d, 0x1c, 0xff, 0xff, 0xff, 0xff,
    0xf4, 0x00, 0x0d, 0x10, 0x00, 0x02, 0xc0, 0x00, 0x00, 0x08, 0xae, 0x00, 0x00, 0x02, 0xc0, 0x00,
    0x00, 0x04, 0x73, 0x00, 0x00, 0x03, 0xd0, 0x00, 0x00, 0x00, 0x0e, 0x60, 0x09, 0x50, 0x00, 0x00,
    0x00, 0x00, 0x0c, 0x30, 0x0c, 0x30, 0x00, 0x4a, 0x10, 0x01, 0x0c, 0x31, 0x1b, 0x21, 0x6c, 0xa5,
    0x10, 0x3f, 0xff, 0xff, 0x7b, 0xba, 0x61, 0x00, 0x00, 0x02, 0x1c, 0x31, 0x1b, 0x20, 0x00, 0x00,
    0x91, 0x00, 0x0c, 0x30, 0x0b, 0x50, 0x00, 0x05, 0xe0, 0x00, 0x0c, 0x49, 0x16, 0xef, 0xee, 0xfe,
    0x50, 0x00, 0x2d, 0xe7, 0x17, 0xcf, 0xff, 0xe9, 0x10, 0x1a, 0xee, 0x30, 0x0d, 0x20, 0x00, 0x0d,
    0x20, 0x07, 0x2c, 0x30, 0x0c, 0x20, 0x00, 0x0d, 0x20, 0x00, 0x0c, 0x30, 0x0c, 0xff, 0xff, 0xff,
    0x20, 0x00, 0x0c, 0x30, 0x0c, 0x20, 0x00, 0x0d, 0x20, 0x00, 0x0c, 0x30, 0x0c, 0x20, 0x00, 0x0d,
    0x20, 0x06, 0xae, 0x10, 0x0d, 0xff, 0xff, 0xff, 0x20, 0x03, 0x63, 0x00, 0x0d, 0x20, 0x00, 0x0a,
    0x20, 0x00, 0x0f, 0x40, 0x00, 0x0a, 0x50, 0x00, 0x00, 0x00, 0x0d, 0x20, 0x00, 0x03, 0xd0, 0x00,
    0x00, 0x01, 0x0d, 0x21, 0xff, 0xff, 0xff, 0xff, 0xd0, 0x0e, 0xff, 0xf9, 0xe0, 0x02, 0x00, 0x01,
    0xd0, 0x01, 0x0d, 0x21, 0xd0, 0x0c, 0x80, 0x01, 0xc0, 0x00, 0x0d, 0x20, 0x00, 0x1e, 0x10, 0x00,
    0x00, 0x00, 0x0d, 0x25, 0x00, 0x5a, 0x00, 0x00, 0x00, 0x00, 0x5e, 0x94, 0xff, 0xff, 0xff, 0xff,
    0xf3, 0x0d, 0xce, 0x20, 0x02, 0xd1, 0x00, 0x95, 0x10, 0x02, 0x0d, 0x20, 0x0c, 0x70, 0x00, 0xc0,
    0x00, 0x00, 0x0d, 0x20, 0x05, 0x41, 0x07, 0x40, 0x00, 0x00, 0x0d, 0x20, 0x00, 0x07, 0x9d, 0x60,
    0x00, 0x02, 0x2e, 0x12, 0x58, 0xdc, 0x33, 0xbd, 0x60, 0x06, 0xe9, 0x04, 0xd9, 0x40, 0x00, 0x05,
    0x70, 0x00, 0x0d, 0x70, 0x00, 0x00, 0x00, 0x00, 0x00, 0x00, 0x0c, 0x40, 0x0d, 0xff, 0xff, 0xff,
    0x10, 0x01, 0x0b, 0x41, 0x0c, 0x20, 0x00, 0x0e, 0x10, 0x0f, 0xff, 0xff, 0x4d, 0xff, 0xff, 0xff,
    0x10, 0x01, 0x0b, 0x41, 0x00, 0x00, 0x00, 0x00, 0x00, 0x00, 0x0b, 0x43, 0x5f, 0xff, 0xff, 0xff,
    0xa0, 0x00, 0x0b, 0xcc, 0x5b, 0x00, 0x00, 0x07, 0xa0, 0x15, 0xaf, 0x70, 0x5b, 0x00, 0xe4, 0x07,
    0xa0, 0x2d, 0x6b, 0x40, 0x5b, 0x00, 0xf0, 0x07, 0xa0, 0x00, 0x0b, 0x40, 0x5b, 0x01, 0xd0, 0x07,
    0xa0, 0x00, 0x0b, 0x40, 0x5b, 0x05, 0xb1, 0x07, 0xa0, 0x00, 0x0b, 0x40, 0x01, 0x1c, 0x5a, 0xa1,
    0x00, 0x00, 0x0c, 0x40, 0x02, 0xc9, 0x00, 0x8d, 0x30, 0x07, 0xce, 0x13, 0x9e, 0x80, 0x00, 0x06,
    0xe3, 0x02, 0x62, 0x04, 0xc3, 0x00, 0x00, 0x00, 0x30, 0x00, 0x1e, 0x40, 0x00, 0x68, 0x00, 0x00,
    0x00, 0x00, 0x0f, 0x00, 0x00, 0xd4, 0x01, 0x32, 0x00, 0x01, 0x0e, 0x11, 0x06, 0xff, 0xff, 0xa0,
    0x00, 0x3f, 0xff, 0xfb, 0x39, 0x10, 0x39, 0x10, 0x00, 0x01, 0x0e, 0x11, 0x7f, 0xff, 0xff, 0xff,
    0x10, 0x00, 0x0e, 0x00, 0x2c, 0x00, 0xe0, 0x0e, 0x10, 0x00, 0x0e, 0x14, 0x2c, 0x00, 0xe0, 0x0e,
    0x00, 0x00, 0x2f, 0xd6, 0x2c, 0x01, 0xd0, 0x0e, 0x00, 0x2a, 0xdf, 0x11, 0x3c, 0x01, 0xc0, 0x0e,
    0x11, 0x07, 0x1e, 0x0b, 0xff, 0xff, 0xff, 0xff, 0xf6, 0x00, 0x0e, 0x01, 0x10, 0x09, 0xe5, 0x00,
    0x11, 0x00, 0x0e, 0x00, 0x00, 0x4e, 0x3d, 0x20, 0x00, 0x00, 0x0e, 0x00, 0x06, 0xe4, 0x06, 0xd2,
    0x00, 0x03, 0x5f, 0x05, 0xcd, 0x40, 0x00, 0x7e, 0x91, 0x08, 0xd7, 0x1b, 0x81, 0x00, 0x00, 0x03,
    0x90, 0x00, 0x09, 0xb0, 0x01, 0x00, 0x00, 0x01, 0x10, 0x00, 0x08, 0x80, 0x1f, 0xff, 0xff, 0xff,
    0x80, 0x01, 0x07, 0x81, 0x1e, 0x00, 0x00, 0x06, 0x80, 0x0f, 0xff, 0xff, 0x9e, 0x00, 0x00, 0x06,
    0x80, 0x01, 0x07, 0x80, 0x1e, 0xff, 0xff, 0xff, 0x80, 0x00, 0x07, 0x81, 0x2e, 0x00, 0x2d, 0x11,
    0x20, 0x00, 0x07, 0xde, 0x5e, 0xff, 0xff, 0xff, 0xf3, 0x01, 0x7e, 0xb1, 0x0d, 0x00, 0x2c, 0x01,
    0x10, 0x0d, 0xb9, 0x80, 0x0d, 0x00, 0x2c, 0x00, 0x00, 0x02, 0x07, 0x80, 0x3b, 0xbf, 0xff, 0xff,
    0xa0, 0x00, 0x07, 0x80, 0x78, 0xb3, 0x00, 0x04, 0x90, 0x00, 0x07, 0x80, 0xc3, 0xb3, 0x00, 0x04,
    0x90, 0x00, 0x08, 0x76, 0xd0, 0xbf, 0xff, 0xff, 0x90, 0x01, 0xdd, 0x35, 0x50, 0xb3, 0x00, 0x04,
    0xa0, 0x00, 0x14, 0x00, 0x00, 0x00, 0x23, 0x00, 0x00, 0x00, 0x0f, 0x10, 0x00, 0xa5, 0x1e, 0x10,
    0x00, 0x01, 0x0e, 0x01, 0x00, 0xa4, 0x1d, 0x00, 0x10, 0x1f, 0xff, 0xfa, 0xff, 0xf4, 0x1f, 0xff,
    0xd0, 0x01, 0x0e, 0x11, 0x10, 0xa4, 0x1d, 0x00, 0x10, 0x00, 0x0e, 0x00, 0x10, 0xa4, 0x1d, 0x00,
    0x10, 0x00, 0x0e, 0x56, 0xff, 0xf4, 0x1f, 0xff, 0x80, 0x00, 0x5f, 0x92, 0x00, 0xa4, 0x1d, 0x00,
    0x10, 0x1e, 0xae, 0x00, 0x00, 0xa4, 0x1d, 0x00, 0x00, 0x02, 0x0e, 0x01, 0x00, 0xa4, 0x1d, 0x00,
    0x10, 0x00, 0x0e, 0x0c, 0xff, 0xf4, 0x1f, 0xff, 0xf5, 0x00, 0x0e, 0x01, 0x00, 0xa4, 0x1d, 0x00,
    0x10, 0x03, 0x4e, 0x00, 0x00, 0xa4, 0x1e, 0x00, 0x00, 0x08, 0xd7, 0x00, 0x00, 0xb5, 0x2e, 0x00,
    0x00, 0x00, 0x2f, 0x20, 0x00, 0x1b, 0x00, 0x00, 0x00, 0x00, 0x0f, 0x00, 0x11, 0x09, 0x70, 0x01,
    0x10, 0x01, 0x0e, 0x01, 0xcf, 0xff, 0xff, 0xff, 0x70, 0x0f, 0xff, 0xfb, 0x18, 0x50, 0x01, 0xd3,
    0x10, 0x01, 0x0e, 0x01, 0x12, 0xc3, 0x0a, 0x41, 0x10, 0x00, 0x0e, 0x04, 0xff, 0xff, 0xff, 0xff,
    0xf1, 0x00, 0x0e, 0x02, 0x10, 0x01, 0x00, 0x01, 0x10, 0x02, 0x7f, 0xb8, 0x00, 0x4b, 0x10, 0x00,
    0x00, 0x2f, 0xbe, 0x4b, 0xff, 0xff, 0xff, 0xff, 0xf5, 0x08, 0x0e, 0x00, 0x05, 0x92, 0x47, 0xd0,
    0x10, 0x00, 0x0e, 0x00, 0x0d, 0x30, 0x06, 0x80, 0x00, 0x00, 0x0e, 0x00, 0x2b, 0xc8, 0x6c, 0x10,
    0x00, 0x00, 0x0e, 0x00, 0x00, 0x3d, 0xec, 0x50, 0x00, 0x03, 0x4e, 0x05, 0x9c, 0xd7, 0x13, 0xad,
    0x50, 0x08, 0xe7, 0x05, 0x83, 0x00, 0x00, 0x04, 0x30, 0x00, 0x0f, 0x40, 0x00, 0x06, 0x70, 0x00,
    0x00, 0x00, 0x0e, 0x10, 0x11, 0x02, 0xd0, 0x01, 0x10, 0x01, 0x0d, 0x11, 0xbf, 0xff, 0xff, 0xff,
    0xd0, 0x4f, 0xff, 0xfe, 0xb3, 0x00, 0x00, 0x01, 0xd0, 0x01, 0x0d, 0x11, 0xb3, 0x5a, 0x06, 0x11,
    0xd0, 0x00, 0x0d, 0x10, 0x03, 0xd2, 0x04, 0xc2, 0x00, 0x00, 0x0d, 0x7b, 0x5d, 0x30, 0x00, 0x3d,
    0x20, 0x02, 0x8f, 0x71, 0x74, 0x00, 0x00, 0x05, 0x40, 0x2f, 0x8e, 0x10, 0x5f, 0xff, 0xff, 0xff,
    0x40, 0x02, 0x0d, 0x10, 0x11, 0x11, 0xd0, 0x01, 0x10, 0x00, 0x0d, 0x10, 0x00, 0x01, 0xd0, 0x00,
    0x00, 0x00, 0x0d, 0x10, 0x00, 0x01, 0xd0, 0x00, 0x00, 0x00, 0x0d, 0x11, 0x10, 0x01, 0xd0, 0x00,
    0x11, 0x04, 0x89, 0x0a, 0xff, 0xff, 0xff, 0xff, 0xf6, 0x00, 0x00, 0x01, 0x11, 0x00, 0x00, 0x01,
    0x11, 0x00, 0x1f, 0x40, 0x00, 0x00, 0x00, 0x00, 0x00, 0x00, 0x0f, 0x00, 0x1f, 0xff, 0xff, 0xfc,
    0x00, 0x11, 0x0e, 0x01, 0x1e, 0x00, 0x00, 0x3b, 0x00, 0x5f, 0xff, 0xff, 0x3f, 0xff, 0xff, 0xfb,
    0x00, 0x11, 0x0e, 0x01, 0x1e, 0x00, 0x00, 0x3b, 0x00, 0x00, 0x0e, 0x04, 0x1f, 0xff, 0xff, 0xfc,
    0x00, 0x00, 0x0e, 0xb9, 0x10, 0x00, 0x00, 0x01, 0x10, 0x00, 0x2f, 0x32, 0xff, 0xff, 0xff, 0xff,
    0xe0, 0x18, 0xef, 0x00, 0x11, 0x01, 0xc0, 0x01, 0x10, 0x3b, 0x2e, 0x00, 0x1e, 0x11, 0xc0, 0x01,
    0x10, 0x00, 0x0e, 0x00, 0x4d, 0x01, 0xff, 0xff, 0x40, 0x00, 0x0e, 0x00, 0xbe, 0xa2, 0xc0, 0x01,
    0x00, 0x00, 0x2e, 0x07, 0xc1, 0x9e, 0xd1, 0x11, 0x21, 0x0c, 0xe7, 0x2c, 0x20, 0x02, 0x79, 0xab,
    0xb3, 0x00, 0x4e, 0x10, 0x10, 0x00, 0x00, 0x00, 0x00, 0x00, 0x3c, 0x01, 0xff, 0xff, 0xff, 0xff,
    0x50, 0x01, 0x2c, 0x11, 0xf0, 0x00, 0x00, 0x0a, 0x40, 0x3f, 0xff, 0xf7, 0xef, 0xff, 0xff, 0xff,
    0x50, 0x00, 0x2c, 0x01, 0xe1, 0x10, 0x00, 0x00, 0x10, 0x00, 0x2c, 0x00, 0xe9, 0xff, 0xff, 0xff,
    0xd0, 0x00, 0x2c, 0x58, 0xe1, 0x16, 0xa0, 0x43, 0x10, 0x00, 0x6e, 0x81, 0xe0, 0x4b, 0x11, 0x5c,
    0x10, 0x3e, 0xcc, 0x00, 0xe2, 0xff, 0xff, 0xff, 0x80, 0x07, 0x2c, 0x01, 0xc1, 0x42, 0x5a, 0x02,
    0xb0, 0x00, 0x2c, 0x04, 0x96, 0xff, 0xff, 0xff, 0xb0, 0x00, 0x2c, 0x08, 0x51, 0x11, 0x5a, 0x01,
    0x10, 0x00, 0x2c, 0x0c, 0x12, 0x10, 0x5a, 0x01, 0x21, 0x04, 0x7c, 0x67, 0x1f, 0xff, 0xff, 0xff,
    0xf6, 0x09, 0xc4, 0x30, 0x02, 0x10, 0x00, 0x01, 0x21, 0x00, 0x0d, 0x50, 0x00, 0x00, 0xe3, 0x00,
    0x00, 0x00, 0x0d, 0x20, 0x25, 0xb3, 0xd7, 0xff, 0xc0, 0x01, 0x0d, 0x21, 0x8a, 0x51, 0xd0, 0x02,
    0xb0, 0x2f, 0xff, 0xfe, 0x86, 0x00, 0xd1, 0x02, 0xb0, 0x01, 0x0c, 0x21, 0x8f, 0xf5, 0xd4, 0xff,
    0xb0, 0x00, 0x0c, 0x20, 0x86, 0x10, 0xd0, 0x02, 0xb0, 0x00, 0x0c, 0x39, 0x9f, 0xff, 0xff, 0xff,
    0xc0, 0x00, 0x1d, 0xb4, 0x11, 0x00, 0xd1, 0x01, 0x10, 0x18, 0xee, 0x20, 0xaf, 0xff, 0xff, 0xff,
    0x60, 0x1c, 0x3c, 0x20, 0x05, 0x80, 0x00, 0x2c, 0x00, 0x00, 0x0c, 0x20, 0x00, 0xa5, 0x01, 0xc3,
    0x00, 0x00, 0x0c, 0x20, 0x00, 0x1c, 0x8d, 0x50, 0x00, 0x00, 0x0d, 0x20, 0x00, 0x06, 0xfc, 0x10,
    0x00, 0x03, 0x4e, 0x21, 0x47, 0xcb, 0x37, 0xea, 0x51, 0x0a, 0xea, 0x02, 0xd9, 0x30, 0x00, 0x17,
    0xa0, 0x00, 0x0e, 0x60, 0x11, 0x00, 0x00, 0x01, 0x10, 0x00, 0x0d, 0x20, 0xef, 0xff, 0xff, 0xff,
    0xd0, 0x00, 0x0c, 0x20, 0x18, 0x50, 0x00, 0x85, 0x00, 0x2d, 0xce, 0xde, 0x38, 0xff, 0xff, 0xf5,
    0x00, 0x01, 0x0c, 0x21, 0x08, 0xff, 0xff, 0xf5, 0x00, 0x00, 0x0c, 0x20, 0x08, 0x50, 0x00, 0x85,
    0x00, 0x00, 0x0c, 0x22, 0x4a, 0xdc, 0xde, 0xfb, 0x91, 0x00, 0x0c, 0xd7, 0x99, 0x87, 0x65, 0xa8,
    0x30, 0x05, 0xae, 0x30, 0x00, 0x00, 0x00, 0x54, 0x00, 0x1b, 0x3c, 0x26, 0xff, 0xfb, 0xcf, 0xff,
    0x90, 0x00, 0x0c, 0x20, 0x10, 0x76, 0x29, 0x08, 0x40, 0x00, 0x0c, 0x20, 0x99, 0xc0, 0x0a, 0x4b,
    0x00, 0x00, 0x0c, 0x20, 0x1c, 0xd4, 0x03, 0xf5, 0x00, 0x03, 0x5e, 0x24, 0xd6, 0x29, 0x5d, 0x6d,
    0x71, 0x06, 0xd7, 0x1b, 0x40, 0x08, 0xa2, 0x02, 0x91, 0x00, 0x11, 0x00, 0x04, 0x90, 0x00, 0x01,
    0x10, 0x00, 0xcf, 0xff, 0xff, 0xff, 0xff, 0xff, 0xe0, 0x00, 0xc3, 0x10, 0xa3, 0x10, 0x1c, 0x00,
    0x00, 0x00, 0xb3, 0xff, 0xff, 0xbc, 0xff, 0xff, 0x40, 0x00, 0xb3, 0x05, 0xb7, 0x82, 0x7c, 0x64,
    0x10, 0x00, 0xb5, 0xb3, 0x92, 0x4a, 0x2c, 0x06, 0x70, 0x00, 0xb3, 0x10, 0x41, 0x00, 0x00, 0x00,
    0x00, 0x00, 0xb3, 0x00, 0x00, 0x00, 0x24, 0x74, 0x00, 0x00, 0xb2, 0x48, 0x76, 0x6e, 0x55, 0x54,
    0x10, 0x00, 0xc1, 0x9f, 0xff, 0xff, 0xff, 0xff, 0x50, 0x00, 0xe1, 0x22, 0x10, 0x0e, 0x00, 0x12,
    0x21, 0x02, 0xd6, 0xff, 0xff, 0xff, 0xff, 0xff, 0xf4, 0x06, 0xa1, 0x11, 0x00, 0x0e, 0x00, 0x01,
    0x11, 0x0c, 0x50, 0x00, 0x13, 0x4e, 0x00, 0x00, 0x00, 0x1a, 0x00, 0x00, 0x0e, 0xe8, 0x00, 0x00,
    0x00, 0x00, 0x00, 0x1e, 0x20, 0x0c, 0x40, 0x00, 0x00, 0x02, 0x30, 0x1e, 0x00, 0x3d, 0x00, 0x00,
    0x00, 0x07, 0xa0, 0x0e, 0x00, 0x76, 0x00, 0x00, 0x00, 0x06, 0x80, 0x0e, 0x00, 0xcf, 0xff, 0xff,
    0x90, 0x06, 0x80, 0x0e, 0x04, 0xa0, 0x00, 0xe0, 0x10, 0x06, 0x80, 0x0e, 0x0c, 0x40, 0x01, 0xc0,
    0x00, 0x06, 0x80, 0x0e, 0x7b, 0x52, 0x03, 0xa0, 0x00, 0x06, 0x80, 0x0e, 0x12, 0x77, 0x06, 0x70,
    0x00, 0x06, 0x80, 0x1e, 0x00, 0x2c, 0x0a, 0x30, 0x00, 0x0a, 0xcb, 0xce, 0x00, 0x09, 0x7d, 0x00,
    0x00, 0x0b, 0x83, 0x0e, 0x00, 0x01, 0xe7, 0x00, 0x00, 0x00, 0x00, 0x0e, 0x00, 0x06, 0xed, 0x20,
    0x00, 0x00, 0x00, 0x1e, 0x00, 0x8d, 0x16, 0xd4, 0x00, 0x00, 0x00, 0x1e, 0x5d, 0xb1, 0x00, 0x5e,
    0xa0, 0x00, 0x00, 0x2f, 0x26, 0x00, 0x00, 0x01, 0x40, 0x00, 0x00, 0x00, 0x00, 0x1d, 0x20, 0x00,
    0x00, 0x2f, 0xff, 0xff, 0x10, 0x4a, 0x00, 0x00, 0x00, 0x00, 0x00, 0x0d, 0x10, 0x93, 0x00, 0x01,
    0x10, 0x00, 0x00, 0x0d, 0x11, 0xef, 0xff, 0xff, 0xa0, 0x00, 0x00, 0x0d, 0x18, 0x70, 0x01, 0xe0,
    0x10, 0x00, 0x00, 0x0d, 0x4d, 0x10, 0x02, 0xc0, 0x00, 0x0a, 0xff, 0xff, 0x55, 0x50, 0x05, 0xa0,
    0x00, 0x09, 0x50, 0x01, 0x00, 0xd2, 0x08, 0x60, 0x00, 0x09, 0x50, 0x00, 0x00, 0x78, 0x0c, 0x20,
    0x00, 0x09, 0x50, 0x00, 0x00, 0x0d, 0x6a, 0x00, 0x00, 0x09, 0x50, 0x07, 0x40, 0x04, 0xf4, 0x00,
    0x00, 0x09, 0x54, 0xca, 0x10, 0x1b, 0xcd, 0x20, 0x00, 0x0b, 0xdd, 0x40, 0x04, 0xd9, 0x07, 0xe5,
    0x00, 0x1c, 0x80, 0x16, 0xcd, 0x50, 0x00, 0x5e, 0xb0, 0x01, 0x00, 0x1b, 0x71, 0x00, 0x00, 0x02,
    0x50, 0x00, 0x05, 0x90, 0x00, 0x04, 0xb1, 0x00, 0x00, 0x00, 0x02, 0xe2, 0x00, 0x07, 0x90, 0x00,
    0x00, 0x00, 0x00, 0x98, 0x00, 0x0c, 0x30, 0x00, 0x00, 0x1f, 0xff, 0xff, 0xff, 0x8f, 0xff, 0xff,
    0xf2, 0x00, 0x0c, 0x20, 0x00, 0x97, 0x00, 0x4b, 0x00, 0x00, 0x0c, 0x20, 0x03, 0xe1, 0x00, 0x69,
    0x00, 0x00, 0x0c, 0xff, 0xf7, 0x2d, 0x20, 0x77, 0x00, 0x00, 0x0c, 0x20, 0x86, 0x0a, 0x40, 0xa4,
    0x00, 0x00, 0x0d, 0x10, 0x95, 0x06, 0x70, 0xd1, 0x00, 0x00, 0x0d, 0x00, 0xa4, 0x02, 0xd3, 0xc0,
    0x00, 0x00, 0x4a, 0x00, 0xb3, 0x00, 0xbd, 0x60, 0x00, 0x00, 0x96, 0x00, 0xb2, 0x00, 0x6f, 0x30,
    0x00, 0x03, 0xd1, 0x01, 0xe1, 0x05, 0xe9, 0xe4, 0x00, 0x1d, 0x60, 0xdf, 0x93, 0xad, 0x30, 0x6f,
    0xb2, 0x16, 0x00, 0x10, 0x09, 0x91, 0x00, 0x03, 0x90, 0x00, 0x03, 0x70, 0x00, 0x08, 0x70, 0x00,
    0x00, 0x00, 0x05, 0xa0, 0x00, 0x0d, 0x30, 0x00, 0x00, 0x00, 0x04, 0xa0, 0x00, 0x4b, 0x00, 0x00,
    0x00, 0x00, 0x04, 0xa0, 0x00, 0xbf, 0xff, 0xff, 0xe0, 0x5f, 0xff, 0xff, 0xfd, 0xd0, 0x00, 0x77,
    0x10, 0x00, 0x04, 0xa0, 0x1d, 0x67, 0x00, 0x95, 0x00, 0x00, 0x04, 0xa0, 0x00, 0x2c, 0x00, 0xb3,
    0x00, 0x08, 0xff, 0xff, 0xe0, 0x0d, 0x00, 0xe0, 0x00, 0x07, 0x70, 0x01, 0xd0, 0x09, 0x44, 0xa0,
    0x00, 0x07, 0x70, 0x01, 0xd0, 0x03, 0xbb, 0x50, 0x00, 0x07, 0x70, 0x01, 0xd0, 0x00, 0xbc, 0x00,
    0x00, 0x07, 0xff, 0xff, 0xd0, 0x08, 0xdc, 0x80, 0x00, 0x08, 0x70, 0x01, 0xe5, 0xdc, 0x11, 0xbc,
    0x60, 0x04, 0x40, 0x00, 0x3c, 0x60, 0x00, 0x06, 0xb1, 0x00, 0x00, 0xf2, 0x03, 0xb2, 0x79, 0x00,
    0x00, 0x00, 0x10, 0xe0, 0x1b, 0x70, 0xa5, 0x00, 0x00, 0x02, 0xff, 0xff, 0xfa, 0x00, 0xc0, 0x00,
    0x00, 0x12, 0x21, 0xe2, 0xd1, 0x23, 0xff, 0xff, 0xf4, 0x3f, 0xff, 0xff, 0xff, 0xc9, 0x50, 0x2b,
    0x10, 0x12, 0x10, 0x3d, 0x01, 0x3d, 0x10, 0x39, 0x00, 0x00, 0x00, 0xc4, 0x00, 0x79, 0x40, 0x67,
    0x00, 0x00, 0x6f, 0xff, 0xfc, 0x01, 0xb0, 0x94, 0x00, 0x00, 0x9b, 0x14, 0xa0, 0x00, 0xb2, 0xc1,
    0x00, 0x2d, 0x90, 0x0e, 0x10, 0x10, 0x5b, 0xb0, 0x00, 0x03, 0x13, 0x5f, 0xbc, 0x80, 0x0e, 0x50,
    0x00, 0x09, 0xc9, 0x6f, 0x10, 0x00, 0x8c, 0xc0, 0x00, 0x00, 0x00, 0x0f, 0x00, 0x09, 0xb1, 0x9a,
    0x00, 0x00, 0x05, 0x5f, 0x04, 0xca, 0x10, 0x1c, 0xb2, 0x00, 0x08, 0xb6, 0x1a, 0x70, 0x00, 0x02,
    0xa1, 0x00, 0x10, 0xa7, 0x03, 0x00, 0xe4, 0x00, 0x00, 0x03, 0xc1, 0x95, 0x1d, 0x22, 0xd0, 0x00,
    0x00, 0x00, 0x86, 0x85, 0xa4, 0x05, 0x80, 0x00, 0x10, 0x0f, 0xff, 0xff, 0xff, 0xc9, 0xff, 0xff,
    0xf2, 0x00, 0x09, 0xbc, 0x30, 0x0d, 0x10, 0x4a, 0x00, 0x00, 0x58, 0x97, 0xc5, 0x59, 0x00, 0x59,
    0x00, 0x04, 0xc1, 0xa6, 0x26, 0xd3, 0x10, 0x67, 0x00, 0x1c, 0x20, 0x51, 0x00, 0x15, 0x90, 0x84,
    0x00, 0x00, 0x02, 0xe2, 0x01, 0x01, 0xc0, 0xb2, 0x00, 0x0f, 0xff, 0xff, 0xfe, 0x00, 0xa6, 0xc0,
    0x00, 0x01, 0x2d, 0x10, 0x77, 0x00, 0x3e, 0x70, 0x00, 0x00, 0x6b, 0x63, 0xc0, 0x00, 0x2e, 0x80,
    0x00, 0x00, 0x01, 0xae, 0xd7, 0x03, 0xd4, 0xb8, 0x00, 0x05, 0xad, 0x81, 0x29, 0x8d, 0x30, 0x1b,
    0xc1, 0x04, 0x61, 0x00, 0x07, 0xa1, 0x00, 0x00, 0x60, 0x01, 0x00, 0x4b, 0x00, 0x00, 0x94, 0x00,
    0x00, 0x0f, 0xff, 0xff, 0xff, 0xf6, 0xc2, 0x10, 0x00, 0x00, 0x00, 0x3a, 0x00, 0x04, 0xff, 0xff,
    0xe0, 0x03, 0xff, 0xff, 0xff, 0xad, 0x30, 0x49, 0x00, 0x02, 0xb0, 0x3a, 0x05, 0x84, 0x40, 0x66,
    0x00, 0x03, 0xb6, 0xda, 0x05, 0x80, 0xc2, 0xc2, 0x00, 0x00, 0x08, 0xea, 0x73, 0x00, 0x3d, 0xa0,
    0x00, 0x02, 0xac, 0x4a, 0x3c, 0x31, 0x8d, 0xd6, 0x00, 0x1d, 0x81, 0x4b, 0x00, 0x2e, 0x91, 0x2b,
    0xd1, 0x00, 0xcf, 0xff, 0xff, 0xff, 0xff, 0xff, 0x20, 0x00, 0x11, 0x82, 0x04, 0xa0, 0x01, 0x21,
    0x00, 0x00, 0x00, 0xe0, 0x04, 0xff, 0xff, 0xd0, 0x00, 0x02, 0x10, 0xe0, 0x04, 0xa0, 0x01, 0x11,
    0x20, 0x3f, 0xff, 0xff, 0xff, 0xff, 0xff, 0xff, 0xf2, 0x01, 0x00, 0x5a, 0x1a, 0x00, 0x49, 0x00,
    0x00, 0x4f, 0xff, 0xff, 0xff, 0xf9, 0x88, 0x00, 0x00, 0x01, 0x10, 0x58, 0x01, 0x11, 0xc3, 0x00,
    0x00, 0x05, 0xff, 0xff, 0xff, 0xa1, 0xfc, 0xcc, 0xd4, 0x04, 0x91, 0x59, 0x14, 0x97, 0x90, 0x0d,
    0x10, 0x04, 0xff, 0xff, 0xff, 0xad, 0x40, 0x0d, 0x00, 0x05, 0x97, 0xd9, 0x6d, 0xec, 0xc1, 0x1c,
    0x00, 0x06, 0x80, 0x6a, 0x03, 0xa1, 0x94, 0x49, 0x00, 0x01, 0x20, 0x75, 0x01, 0x20, 0x59, 0x86,
    0x00, 0x3f, 0xff, 0xff, 0xff, 0xf6, 0x1d, 0xd1, 0x00, 0x00, 0x07, 0x60, 0x00, 0x00, 0x09, 0xa0,
    0x00, 0x00, 0x0b, 0xff, 0xff, 0x10, 0x1e, 0xe1, 0x00, 0x00, 0x4d, 0x00, 0x1d, 0x01, 0xc7, 0x8b,
    0x10, 0x07, 0xd3, 0x26, 0x99, 0x3d, 0x90, 0x0c, 0xc1, 0x29, 0x20, 0x1a, 0x71, 0xb6, 0x00, 0x01,
    0xb2, 0x00, 0x00, 0x00, 0xb4, 0x00, 0x00, 0x00, 0x00, 0x00, 0x00, 0x00, 0x3d, 0x50, 0x00, 0x00,
    0x00, 0x01, 0x11, 0x00, 0x02, 0xa0, 0x00, 0x11, 0x10, 0x0b, 0xee, 0xdd, 0xdd, 0xdd, 0xef, 0xff,
    0xc0, 0x00, 0x00, 0x30, 0x00, 0x00, 0x96, 0x00, 0x00, 0x00, 0x01, 0xd1, 0x00, 0x00, 0xd1, 0x00,
    0x00, 0x00, 0x00, 0x6a, 0x00, 0x06, 0x90, 0x00, 0x00, 0x00, 0x00, 0x0b, 0x60, 0x1d, 0x20, 0x00,
    0x00, 0x00, 0x00, 0x01, 0xd5, 0x98, 0x00, 0x00, 0x00, 0x00, 0x00, 0x00, 0x2d, 0xd0, 0x00, 0x00,
    0x00, 0x00, 0x00, 0x01, 0x99, 0x99, 0x10, 0x00, 0x00, 0x00, 0x00, 0x6c, 0x60, 0x05, 0xd7, 0x10,
    0x00, 0x03, 0x8d, 0x81, 0x00, 0x00, 0x18, 0xeb, 0x61, 0x1c, 0x81, 0x00, 0x00, 0x00, 0x00, 0x16,
    0x90, 0x00, 0x00, 0xe2, 0x00, 0x00, 0x25, 0x91, 0x95, 0x80, 0xd0, 0xa5, 0xec, 0xb8, 0x62, 0xb3,
    0xb2, 0xd1, 0xc0, 0xe0, 0x00, 0x00, 0xb3, 0x76, 0xd8, 0x60, 0xe0, 0x00, 0x00, 0xb3, 0x11, 0xd1,
    0x00, 0xe0, 0x00, 0x00, 0xb8, 0xcb, 0xec, 0xc5, 0xef, 0xff, 0xfd, 0xb3, 0x19, 0xd5, 0x11, 0xd0,
    0x0e, 0x00, 0xb3, 0x29, 0xd6, 0x90, 0xd0, 0x0e, 0x00, 0xb3, 0x84, 0xd0, 0xc3, 0xd0, 0x0e, 0x00,
    0xb5, 0xc0, 0xd0, 0x33, 0xd0, 0x0e, 0x00, 0xb8, 0x50, 0xe1, 0x02, 0xb0, 0x0e, 0x00, 0xb3, 0x00,
    0xd2, 0x04, 0x80, 0x0e, 0x00, 0xcf, 0xff, 0xff, 0xb8, 0x40, 0x0e, 0x00, 0x74, 0x10, 0x00, 0x2c,
    0x00, 0x0e, 0x10, 0x00, 0x00, 0x00, 0x11, 0x00, 0x0f, 0x10, 0x00, 0x00, 0x00, 0x00, 0x00, 0x00,
    0x02, 0x00, 0x00, 0x0a, 0x60, 0x00, 0x00, 0x14, 0x9d, 0x50, 0x02, 0x11, 0x94, 0x01, 0x1c, 0xb7,
    0x30, 0x00, 0x0e, 0xff, 0xff, 0xff, 0x9b, 0x30, 0x00, 0x00, 0x01, 0x72, 0x00, 0x74, 0x1b, 0x30,
    0x00, 0x00, 0x00, 0x4c, 0x11, 0xd2, 0x0a, 0x30, 0x00, 0x00, 0x00, 0x04, 0x08, 0x50, 0x0a, 0xff,
    0xff, 0xf4, 0x4f, 0xff, 0xff, 0xff, 0xca, 0x30, 0xc2, 0x10, 0x01, 0x10, 0x85, 0x01, 0x1a, 0x30,
    0xc2, 0x00, 0x0c, 0xff, 0xff, 0xff, 0x9b, 0x20, 0xc2, 0x00, 0x01, 0x20, 0x85, 0x11, 0x1d, 0x10,
    0xc2, 0x00, 0x00, 0xb5, 0x85, 0xb4, 0x1d, 0x00, 0xc2, 0x00, 0x05, 0xa0, 0x85, 0x2d, 0x6a, 0x00,
    0xc2, 0x00, 0x1d, 0x20, 0x85, 0x01, 0xc4, 0x00, 0xc2, 0x00, 0x02, 0x25, 0xb5, 0x07, 0xc0, 0x00,
    0xc2, 0x00, 0x00, 0x0a, 0x81, 0x2c, 0x30, 0x00, 0xd3, 0x00, 0x00, 0x00, 0x05, 0x90, 0x00, 0x00,
    0x00, 0x00, 0x00, 0x02, 0xe2, 0x00, 0x00, 0x00, 0x00, 0x00, 0x00, 0xa7, 0x00, 0x00, 0x00, 0xcf,
    0xff, 0xff, 0xff, 0xff, 0xff, 0xfc, 0x00, 0x00, 0xa5, 0x00, 0x00, 0x00, 0x00, 0x00, 0x00, 0xa5,
    0x00, 0x00, 0x00, 0x00, 0x00, 0x00, 0xaf, 0xff, 0xff, 0xfe, 0x00, 0x00, 0x00, 0xb5, 0x00, 0x00,
    0x3c, 0x00, 0x00, 0x00, 0xc3, 0x00, 0x00, 0x4b, 0x00, 0x00, 0x00, 0xe1, 0x00, 0x00, 0x69, 0x00,
    0x00, 0x06, 0xa0, 0x00, 0x00, 0x88, 0x00, 0x00, 0x3e, 0x20, 0x00, 0x00, 0x97, 0x00, 0x06, 0xe5,
    0x00, 0x07, 0x89, 0xe3, 0x00, 0x2c, 0x40, 0x00, 0x05, 0x97, 0x30, 0x00, 0x00, 0xaf, 0xff, 0xff,
    0xff, 0xff, 0xf1, 0x00, 0x00, 0x00, 0x00, 0x1f, 0x00, 0x00, 0x00, 0x00, 0x00, 0x00, 0x00, 0x1e,
    0x00, 0x00, 0x00, 0x00, 0x00, 0x00, 0x00, 0x1d, 0x00, 0x00, 0x00, 0x00, 0x00, 0x00, 0x00, 0x3c,
    0x00, 0x00, 0x00, 0x00, 0x0b, 0xff, 0xff, 0xff, 0xff, 0xff, 0xff, 0x40, 0x00, 0x00, 0x00, 0x87,
    0x68, 0x00, 0x00, 0x00, 0x00, 0x00, 0x00, 0xc2, 0x68, 0x00, 0x00, 0x00, 0x00, 0x00, 0x04, 0xa0,
    0x68, 0x00, 0x00, 0x00, 0x00, 0x00, 0x1c, 0x10, 0x68, 0x00, 0x00, 0x10, 0x00, 0x01, 0xb4, 0x00,
    0x68, 0x00, 0x00, 0xe1, 0x00, 0x4b, 0x30, 0x00, 0x6b, 0x10, 0x17, 0xd0, 0x08, 0x81, 0x00, 0x00,
    0x2d, 0xff, 0xfd, 0x40, 0x00, 0x00, 0x00, 0x01, 0x10, 0x00, 0x01, 0x00, 0x0a, 0xdc, 0xcd, 0x8d,
    0xff, 0xff, 0xff, 0x30, 0x0a, 0x40, 0x05, 0x81, 0x00, 0x95, 0x01, 0x00, 0x0a, 0x40, 0x05, 0x82,
    0x80, 0x94, 0x00, 0x00, 0x0a, 0xff, 0xff, 0x83, 0xa0, 0xa3, 0x00, 0x00, 0x0a, 0x40, 0x05, 0x86,
    0x70, 0xb2, 0x02, 0x00, 0x0a, 0xff, 0xff, 0x99, 0xff, 0xff, 0xff, 0x20, 0x0a, 0x40, 0x00, 0x15,
    0x22, 0xd0, 0x00, 0x00, 0x0a, 0x40, 0x01, 0x00, 0x05, 0xb8, 0x10, 0x00, 0x0a, 0x40, 0x3c, 0x10,
    0x0b, 0x6e, 0x00, 0x00, 0x0a, 0x40, 0x2d, 0xb0, 0x4e, 0x1e, 0x00, 0x00, 0x0a, 0x56, 0xd6, 0xb7,
    0xe7, 0x0e, 0x00, 0x00, 0x0c, 0xea, 0x10, 0x5e, 0xb0, 0x0e, 0x21, 0x91, 0x1c, 0x50, 0x06, 0xfc,
    0x10, 0x0a, 0xfe, 0x90, 0x00, 0x00, 0x02, 0xa1, 0x00, 0x00, 0x00, 0x00, 0x0e, 0xff, 0xff, 0xff,
    0xff, 0xe0, 0x0d, 0x30, 0x00, 0x00, 0x03, 0xd0, 0x0d, 0x30, 0x00, 0x00, 0x03, 0xc0, 0x0d, 0x30,
    0x00, 0x00, 0x03, 0xc0, 0x0d, 0x30, 0x00, 0x00, 0x03, 0xc0, 0x0d, 0xff, 0xff, 0xff, 0xff, 0xc0,
    0x0d, 0x30, 0x00, 0x00, 0x03, 0xc0, 0x0d, 0x30, 0x00, 0x00, 0x03, 0xc0, 0x0d, 0x30, 0x00, 0x00,
    0x03, 0xc0, 0x0d, 0x30, 0x00, 0x00, 0x03, 0xc0, 0x0d, 0xff, 0xff, 0xff, 0xff, 0xc0, 0x0d, 0x30,
    0x00, 0x00, 0x03, 0xd0, 0x1f, 0x30, 0x00, 0x00, 0x02, 0x70, 0x0e, 0x40, 0x12, 0x10, 0x00, 0x01,
    0x20, 0x0f, 0x10, 0x3f, 0xff, 0xff, 0xff, 0xf0, 0x0e, 0x00, 0x3c, 0x00, 0x00, 0x01, 0xf0, 0x0e,
    0x00, 0x3c, 0x00, 0x00, 0x01, 0xf0, 0x0e, 0x00, 0x3c, 0x00, 0x00, 0x01, 0xf0, 0x0e, 0x00, 0x3c,
    0x00, 0x00, 0x01, 0xf0, 0x0e, 0x00, 0x3f, 0xff, 0xff, 0xff, 0xf0, 0x0e, 0x00, 0x3c, 0x00, 0x00,
    0x01, 0xf0, 0x0e, 0x00, 0x3c, 0x00, 0x00, 0x01, 0xf0, 0x0e, 0x00, 0x3c, 0x00, 0x00, 0x01, 0xf0,
    0x0e, 0x00, 0x3c, 0x00, 0x00, 0x01, 0xf0, 0x0f, 0x00, 0x3c, 0x00, 0x00, 0x01, 0xf0, 0x0f, 0x10,
    0x3f, 0xff, 0xff, 0xff, 0xf0, 0x1f, 0x20, 0x3c, 0x00, 0x00, 0x01, 0xf0, 0x00, 0x00, 0x37, 0x00,
    0x00, 0x00, 0x60, 0x00, 0x0f, 0xff, 0xff, 0xff, 0xff, 0xf1, 0x00, 0x00, 0x0e, 0x30, 0x00, 0x00,
    0x01, 0xf0, 0x00, 0x00, 0x0d, 0xff, 0xff, 0xff, 0xff, 0xf0, 0x00, 0x00, 0x0e, 0x30, 0x00, 0x00,
    0x01, 0xf0, 0x00, 0x00, 0x0e, 0x30, 0x00, 0x00, 0x01, 0xf1, 0x00, 0x00, 0x0f, 0xff, 0xff, 0xff,
    0xff, 0xf1, 0x00, 0x00, 0x00, 0x00, 0x08, 0x70, 0x00, 0x00, 0x00, 0x02, 0x11, 0x00, 0x08, 0x70,
    0x00, 0x11, 0x20, 0x2f, 0xff, 0xff, 0xff, 0xff, 0xff, 0xff, 0xf2, 0x02, 0x11, 0x00, 0x08, 0x70,
    0x00, 0x11, 0x20, 0x00, 0x00, 0x00, 0x08, 0x70, 0x00, 0x00, 0x00, 0x00, 0x00, 0x00, 0x09, 0x80,
    0x00, 0x00, 0x00, 0x00, 0x00, 0x00, 0x0a, 0x90, 0x00, 0x00, 0x00, 0x00, 0x00, 0x00, 0x00, 0x00,
    0x08, 0xa0, 0x00, 0x0c, 0xef, 0xfd, 0x20, 0x00, 0x07, 0x80, 0x00, 0x0e, 0x10, 0x0d, 0x20, 0x00,
    0x07, 0x80, 0x00, 0x0e, 0x10, 0x0d, 0x31, 0x00, 0x06, 0x80, 0x10, 0x0e, 0x10, 0x0d, 0x9f, 0xff,
    0xff, 0xff, 0xf0, 0x0e, 0x10, 0x0d, 0x31, 0x00, 0x06, 0x80, 0x10, 0x0e, 0xff, 0xff, 0x24, 0x50,
    0x06, 0x80, 0x00, 0x0e, 0x10, 0x0d, 0x22, 0xd3, 0x06, 0x80, 0x00, 0x0e, 0x10, 0x0d, 0x20, 0x4d,
    0x16, 0x80, 0x00, 0x0e, 0x10, 0x0d, 0x20, 0x09, 0x46, 0x80, 0x00, 0x0e, 0xff, 0xff, 0x20, 0x00,
    0x06, 0x80, 0x00, 0x0e, 0x10, 0x0d, 0x20, 0x00, 0x06, 0x80, 0x00, 0x0d, 0x10, 0x06, 0x20, 0x00,
    0x07, 0x80, 0x00, 0x00, 0x00, 0x00, 0x00, 0x14, 0x3c, 0x80, 0x00, 0x00, 0x00, 0x00, 0x00, 0x0e,
    0xeb, 0x20, 0x00, 0x00, 0x0d, 0xff, 0xff, 0xff, 0xff, 0xd0, 0x00, 0x00, 0x0c, 0x20, 0x00, 0x00,
    0x03, 0xc0, 0x00, 0x00, 0x0c, 0xff, 0xff, 0xff, 0xff, 0xc0, 0x00, 0x00, 0x0c, 0x20, 0x00, 0x00,
    0x03, 0xc0, 0x00, 0x00, 0x0d, 0xff, 0xff, 0xff, 0xff, 0xd0, 0x00, 0x00, 0x04, 0x10, 0x06, 0xa0,
    0x00, 0x00, 0x00, 0x00, 0x1e, 0x30, 0x06, 0xa0, 0x00, 0x00, 0x00, 0x00, 0x8f, 0xff, 0xff, 0xff,
    0xff, 0xfd, 0x00, 0x04, 0xd2, 0x10, 0x06, 0xa0, 0x01, 0x10, 0x00, 0x06, 0x44, 0xff, 0xff, 0xff,
    0xff, 0xf0, 0x00, 0x00, 0x00, 0x10, 0x06, 0xa0, 0x01, 0x10, 0x00, 0x02, 0x11, 0x00, 0x06, 0xa0,
    0x00, 0x01, 0x20, 0x0f, 0xff, 0xff, 0xff, 0xff, 0xff, 0xff, 0xf0, 0x00, 0x00, 0x00, 0x00, 0x0a,
    0x70, 0x00, 0x00, 0x1f, 0xff, 0xe0, 0x11, 0x09, 0x50, 0x11, 0x00, 0x1e, 0x01, 0xd0, 0x9f, 0xff,
    0xff, 0xf6, 0x00, 0x1e, 0x01, 0xd0, 0x94, 0x08, 0x50, 0x86, 0x00, 0x1e, 0x01, 0xd0, 0x94, 0x09,
    0x40, 0x86, 0x00, 0x1f, 0xff, 0xd0, 0x94, 0x0a, 0x30, 0x86, 0x00, 0x1e, 0x01, 0xd1, 0x94, 0x0c,
    0x10, 0x86, 0x10, 0x1e, 0x01, 0xdc, 0xff, 0xff, 0xff, 0xff, 0xd0, 0x1e, 0x01, 0xd1, 0x10, 0x3b,
    0x92, 0x01, 0x10, 0x1e, 0x01, 0xd0, 0x00, 0x76, 0x57, 0x00, 0x00, 0x1f, 0xff, 0xd0, 0x01, 0xd1,
    0x1d, 0x10, 0x00, 0x2e, 0x01, 0xe0, 0x0a, 0x60, 0x07, 0xa0, 0x00, 0x15, 0x00, 0x10, 0x8b, 0x00,
    0x00, 0xc7, 0x00, 0x00, 0x00, 0x2b, 0xb1, 0x00, 0x00, 0x3e, 0x80, 0x00, 0x01, 0xa9, 0x00, 0x00,
    0x00, 0x04, 0x80, 0x05, 0xff, 0xff, 0xff, 0xff, 0xff, 0x00, 0x04, 0xb0, 0x00, 0x00, 0x00, 0x1e,
    0x00, 0x04, 0xb0, 0x00, 0x00, 0x00, 0x1e, 0x00, 0x04, 0xff, 0xff, 0xff, 0xff, 0xfe, 0x00, 0x04,
    0xb0, 0x00, 0x00, 0x00, 0x1e, 0x00, 0x05, 0xff, 0xff, 0xff, 0xff, 0xfe, 0x00, 0x01, 0x10, 0x4b,
    0x01, 0xe0, 0x13, 0x00, 0x07, 0x20, 0x4b, 0x01, 0xe0, 0x07, 0xa0, 0x07, 0xb0, 0x4b, 0x01, 0xe0,
    0x1d, 0x60, 0x00, 0xc5, 0x4b, 0x01, 0xe0, 0x89, 0x00, 0x00, 0x5c, 0x4b, 0x01, 0xe3, 0xd1, 0x00,
    0x21, 0x11, 0x4b, 0x01, 0xe0, 0x10, 0x11, 0xff, 0xff, 0xff, 0xff, 0xff, 0xff, 0xff, 0x01, 0x00,
    0x00, 0x00, 0xb2, 0x00, 0x00, 0x00, 0x0f, 0xff, 0xf3, 0x06, 0xff, 0xfe, 0xa0, 0x00, 0x0e, 0x00,
    0xc2, 0x2a, 0x00, 0x0b, 0x80, 0x00, 0x0e, 0x00, 0xc3, 0xc2, 0x00, 0x6b, 0x11, 0x00, 0x0e, 0x00,
    0xc8, 0xbc, 0xef, 0xff, 0xfe, 0x00, 0x0e, 0x00, 0xc2, 0xb2, 0x07, 0x60, 0x0e, 0x00, 0x0f, 0xff,
    0xf2, 0xb2, 0x08, 0x50, 0x0e, 0x00, 0x0e, 0x00, 0xc2, 0xb2, 0x0a, 0x40, 0x0e, 0x00, 0x0e, 0x00,
    0xc2, 0xbf, 0xff, 0xff, 0xfe, 0x00, 0x0e, 0x00, 0xc2, 0x11, 0x3c, 0x52, 0x11, 0x00, 0x0e, 0x00,
    0xc2, 0x00, 0xb6, 0xc2, 0x00, 0x00, 0x0f, 0xff, 0xf2, 0x09, 0xd0, 0xc1, 0x00, 0x00, 0x0f, 0x00,
    0xc5, 0xbe, 0x30, 0xc2, 0x03, 0xa0, 0x1b, 0x00, 0x8f, 0xe3, 0x00, 0x9f, 0xfe, 0x60, 0x00, 0x00,
    0x1b, 0x20, 0x00, 0x00, 0x00, 0x00, 0x10, 0x5a, 0x10, 0x10, 0x01, 0x25, 0x91, 0xdf, 0xff, 0xff,
    0xf4, 0xe8, 0x76, 0x52, 0x04, 0x91, 0x60, 0x11, 0xd0, 0x00, 0x00, 0x0c, 0x12, 0xc0, 0x11, 0xff,
    0xff, 0xfe, 0x7f, 0xff, 0xff, 0xc1, 0xc0, 0x0d, 0x00, 0x12, 0x02, 0xc0, 0x12, 0xa0, 0x0d, 0x00,
    0x00, 0x25, 0xd7, 0x76, 0x70, 0x0d, 0x00, 0xbd, 0xba, 0xd4, 0x3d, 0x20, 0x0e, 0x00, 0x00, 0x03,
    0xc0, 0x46, 0x00, 0x03, 0x00, 0x01, 0xcd, 0xef, 0xff, 0xfe, 0xdc, 0x20, 0x00, 0xe0, 0x00, 0x00,
    0x00, 0x0d, 0x20, 0x00, 0xff, 0xff, 0xff, 0xff, 0xff, 0x20, 0x00, 0xe0, 0x00, 0x00, 0x00, 0x0d,
    0x20, 0x00, 0xff, 0xff, 0xff, 0xff, 0xff, 0x20, 0x01, 0xe0, 0x00, 0x00, 0x00, 0x08, 0x20, 0x00,
    0x04, 0xc0, 0x0b, 0x70, 0x00, 0x00, 0x04, 0xb0, 0x0a, 0x40, 0x00, 0x00, 0x04, 0xb0, 0x0a, 0x40,
    0x00, 0xcf, 0xff, 0xff, 0xff, 0xff, 0xfc, 0xc3, 0x04, 0xb0, 0x0a, 0x40, 0x4c, 0xc3, 0x04, 0xb0,
    0x0a, 0x40, 0x4c, 0xc3, 0x04, 0xb0, 0x0a, 0x40, 0x4c, 0xcf, 0xff, 0xff, 0xff, 0xff, 0xfc, 0xc3,
    0x04, 0xb0, 0x0a, 0x40, 0x4c, 0xc3, 0x04, 0xb0, 0x0a, 0x40, 0x4c, 0xc3, 0x04, 0xb0, 0x0a, 0x40,
    0x4c, 0xc3, 0x04, 0xb0, 0x0a, 0x40, 0x4c, 0xcf, 0xff, 0xff, 0xff, 0xff, 0xfc, 0xd3, 0x00, 0x00,
    0x00, 0x00, 0x4c, 0x00, 0x00, 0x00, 0x00, 0x00, 0x14, 0x07, 0xff, 0xff, 0xff, 0xff, 0xff, 0xff,
    0x90, 0x01, 0x21, 0x10, 0x02, 0xc0, 0x01, 0x12, 0x10, 0x00, 0x0f, 0xff, 0xff, 0xff, 0xff, 0xf5,
    0x00, 0x00, 0x0e, 0x00, 0x02, 0xc0, 0x00, 0xa5, 0x00, 0x00, 0x0e, 0x00, 0x02, 0xc0, 0x00, 0xa5,
    0x00, 0x00, 0x0e, 0xff, 0xff, 0xff, 0xff, 0xf5, 0x00, 0x00, 0x0e, 0x00, 0x03, 0xb0, 0x00, 0xa5,
    0x00, 0x00, 0x0d, 0xee, 0xff, 0xff, 0xfe, 0xe5, 0x00, 0x00, 0x03, 0x60, 0x06, 0x80, 0x00, 0x00,
    0x00, 0x00, 0x00, 0x8c, 0x6b, 0x40, 0x00, 0x00, 0x00, 0x00, 0x00, 0x02, 0xee, 0x94, 0x10, 0x00,
    0x00, 0x02, 0x35, 0x9d, 0x70, 0x39, 0xdd, 0xa9, 0x80, 0x0b, 0xd9, 0x51, 0x00, 0x00, 0x02, 0x57,
    0x70, 0x00, 0x0b, 0xff, 0xff, 0xff, 0xff, 0xa0, 0x00, 0x00, 0x0a, 0xff, 0xff, 0xff, 0xff, 0x90,
    0x00, 0x00, 0x0a, 0x40, 0x00, 0x00, 0x05, 0x90, 0x00, 0x02, 0x1c, 0xff, 0xff, 0xff, 0xff, 0xa1,
    0x20, 0x4f, 0xff, 0xff, 0xff, 0xff, 0xff, 0xff, 0xf1, 0x01, 0x4a, 0x00, 0x85, 0x11, 0x00, 0x01,
    0x10, 0x00, 0x4a, 0x00, 0x85, 0xbf, 0xff, 0xd8, 0x00, 0x00, 0x4f, 0xff, 0xf5, 0x1b, 0x00, 0x79,
    0x00, 0x00, 0x4a, 0x00, 0x85, 0x0a, 0x40, 0xc4, 0x00, 0x00, 0x4f, 0xff, 0xf5, 0x03, 0xd6, 0xc0,
    0x00, 0x00, 0x4a, 0x00, 0x8a, 0x60, 0x8f, 0x30, 0x00, 0x08, 0xbc, 0x77, 0xc9, 0x32, 0xdd, 0x90,
    0x00, 0x06, 0x41, 0x00, 0x96, 0x7e, 0x60, 0x9d, 0x60, 0x00, 0x00, 0x00, 0x97, 0xb4, 0x00, 0x05,
    0x90, 0x00, 0x9f, 0xff, 0xff, 0xff, 0xfe, 0x00, 0x97, 0x00, 0x00, 0x00, 0x2e, 0x00, 0x87, 0x00,
    0x00, 0x00, 0x2e, 0x00, 0x87, 0x00, 0x00, 0x00, 0x2e, 0x00, 0x8f, 0xff, 0xff, 0xff, 0xfe, 0x00,
    0x87, 0x00, 0x00, 0x00, 0x2e, 0x00, 0x87, 0x00, 0x00, 0x00, 0x2e, 0x00, 0x9f, 0xff, 0xff, 0xff,
    0xfe, 0x00, 0xa6, 0x00, 0x00, 0x00, 0x2e, 0x00, 0xc4, 0x00, 0x00, 0x00, 0x2e, 0x01, 0xe1, 0x00,
    0x00, 0x00, 0x2e, 0x08, 0xa0, 0x00, 0x00, 0x00, 0x2e, 0x3e, 0x20, 0x00, 0x00, 0x55, 0x9d, 0x77,
    0x00, 0x00, 0x00, 0x5c, 0xb5, 0x00, 0x00, 0x00, 0x0c, 0x50, 0x00, 0x00, 0x00, 0x01, 0x11, 0x00,
    0x4c, 0x00, 0x00, 0x01, 0x20, 0x09, 0xff, 0xff, 0xff, 0xff, 0xff, 0xff, 0xf1, 0x01, 0x11, 0x02,
    0xd0, 0x00, 0x00, 0x11, 0x20, 0x00, 0x00, 0x0a, 0x50, 0x00, 0x00, 0x00, 0x00, 0x00, 0x00, 0x5f,
    0xff, 0xff, 0xff, 0xf7, 0x00, 0x00, 0x03, 0xeb, 0x00, 0x00, 0x00, 0x96, 0x00, 0x00, 0x4e, 0xaf,
    0xff, 0xff, 0xff, 0xf5, 0x00, 0x07, 0xe5, 0x4b, 0x00, 0x00, 0x00, 0x95, 0x00, 0x06, 0x30, 0x4b,
    0x00, 0x00, 0x00, 0x95, 0x00, 0x00, 0x00, 0x4f, 0xff, 0xff, 0xff, 0xf5, 0x00, 0x00, 0x00, 0x4b,
    0x00, 0x00, 0x00, 0x95, 0x00, 0x00, 0x00, 0x4b, 0x00, 0x00, 0x00, 0x95, 0x00, 0x00, 0x00, 0x5b,
    0x00, 0x00, 0x24, 0xc5, 0x00, 0x00, 0x00, 0x5b, 0x00, 0x00, 0x2c, 0x91, 0x00, 0x03, 0xd0, 0x00,
    0xf1, 0x00, 0x00, 0x00, 0x13, 0xc0, 0x00, 0xd0, 0x0e, 0xff, 0xfe, 0x9f, 0xff, 0xff, 0xff, 0x5e,
    0x00, 0x0e, 0x12, 0xc0, 0x00, 0xd0, 0x0e, 0x00, 0x0e, 0x02, 0xff, 0xff, 0xe0, 0x0e, 0x11, 0x1e,
    0x02, 0xc0, 0x00, 0xd0, 0x0e, 0x54, 0x4e, 0x02, 0xc0, 0x00, 0xd0, 0x0e, 0x00, 0x0e, 0x02, 0xff,
    0xff, 0xe0, 0x0e, 0x00, 0x0e, 0x12, 0xc0, 0x00, 0xd0, 0x1e, 0xff, 0xfe, 0xff, 0xff, 0xff, 0xff,
    0x6e, 0x00, 0x0e, 0x10, 0x22, 0x04, 0x01, 0x2d, 0x00, 0x0e, 0x00, 0xa9, 0x08, 0x90, 0x4a, 0x00,
    0x0e, 0x07, 0xa0, 0x00, 0xb5, 0x96, 0x00, 0x0e, 0x7c, 0x10, 0x00, 0x23, 0xe1, 0x05, 0x7e, 0x41,
    0x00, 0x00, 0x05, 0x80, 0x05, 0xa5, 0x00, 0x00, 0x00, 0x06, 0xb0, 0x00, 0x00, 0x00, 0x00, 0x00,
    0x00, 0x06, 0xa0, 0x00, 0x00, 0x00, 0x00, 0x00, 0x00, 0x05, 0xa0, 0x00, 0x00, 0x00, 0x00, 0x2f,
    0xff, 0xff, 0xff, 0xff, 0xf4, 0x00, 0x00, 0x00, 0x00, 0x05, 0xa0, 0x00, 0x00, 0x00, 0x00, 0x00,
    0x00, 0x05, 0xa0, 0x00, 0x00, 0x00, 0x09, 0xff, 0xff, 0xff, 0xff, 0xff, 0xff, 0xc0, 0x00, 0x00,
    0x02, 0xb5, 0xaa, 0x30, 0x00, 0x00, 0x00, 0x00, 0x1c, 0x35, 0xa2, 0xd2, 0x00, 0x00, 0x00, 0x00,
    0xb7, 0x05, 0xa0, 0x4d, 0x20, 0x00, 0x00, 0x1b, 0x90, 0x05, 0xa0, 0x06, 0xe4, 0x00, 0x05, 0xd8,
    0x00, 0x05, 0xa0, 0x00, 0x5e, 0xb1, 0x1a, 0x60, 0x00, 0x06, 0xa0, 0x00, 0x02, 0x50, 0x00, 0x00,
    0x00, 0x07, 0xb0, 0x00, 0x00, 0x00, 0x00, 0x00, 0x00, 0x07, 0x90, 0x00, 0x00, 0x00, 0x00, 0x00,
    0x00, 0x07, 0x70, 0x00, 0x00, 0x00, 0x00, 0x00, 0x00, 0x07, 0x70, 0x00, 0x00, 0x00, 0x08, 0xff,
    0xff, 0xff, 0xff, 0xff, 0xff, 0x70, 0x00, 0x00, 0x00, 0xb8, 0x8b, 0x00, 0x00, 0x00, 0x00, 0x00,
    0x03, 0xb7, 0x7a, 0x40, 0x00, 0x00, 0x00, 0x00, 0x0a, 0x57, 0x73, 0xc0, 0x00, 0x00, 0x00, 0x00,
    0x4c, 0x07, 0x70, 0x97, 0x00, 0x00, 0x00, 0x01, 0xd4, 0x07, 0x70, 0x1d, 0x50, 0x00, 0x00, 0x1c,
    0x91, 0x07, 0x70, 0x15, 0xe6, 0x00, 0x01, 0xbb, 0xaf, 0xff, 0xff, 0xfc, 0x4e, 0xb1, 0x1d, 0xa0,
    0x11, 0x07, 0x70, 0x11, 0x02, 0x70, 0x03, 0x00, 0x00, 0x07, 0x80, 0x00, 0x00, 0x00, 0x00, 0x00,
    0x00, 0x08, 0x80, 0x00, 0x00, 0x00, 0x00, 0x00, 0x00, 0x09, 0x90, 0x00, 0x00, 0x00, 0x00, 0x06,
    0xa0, 0x00, 0x10, 0x00, 0x00, 0x00, 0x00, 0x05, 0x90, 0x02, 0xff, 0xff, 0xf0, 0x00, 0x01, 0x05,
    0x90, 0x12, 0xd0, 0x00, 0xe0, 0x00, 0x0f, 0xff, 0xff, 0xf2, 0xd0, 0x00, 0xe0, 0x00, 0x01, 0x09,
    0x90, 0x11, 0xd0, 0x00, 0xe0, 0x00, 0x00, 0x0d, 0xc0, 0x01, 0xd0, 0x00, 0xe0, 0x00, 0x00, 0x4e,
    0xea, 0x02, 0xd0, 0x00, 0xe0, 0x00, 0x00, 0xb8, 0x9a, 0x72, 0xd0, 0x00, 0xe0, 0x00, 0x04, 0xc5,
    0x91, 0xa3, 0xc0, 0x00, 0xe0, 0x00, 0x0c, 0x55, 0x90, 0x05, 0xb0, 0x00, 0xe0, 0x00, 0x5b, 0x05,
    0x90, 0x08, 0x80, 0x00, 0xe0, 0x00, 0x01, 0x05, 0x90, 0x0d, 0x50, 0x00, 0xe0, 0x00, 0x00, 0x06,
    0x90, 0x8e, 0x00, 0x00, 0xe1, 0x96, 0x00, 0x07, 0xa6, 0xf6, 0x00, 0x00, 0xaf, 0xd1, 0x00, 0x00,
    0x01, 0x90, 0x00, 0x00, 0x00, 0x00, 0x00, 0x04, 0xc1, 0x01, 0x10, 0x00, 0x01, 0x10, 0x00, 0x03,
    0xc0, 0x05, 0xff, 0xff, 0xff, 0xa0, 0x01, 0x03, 0xc0, 0x11, 0x10, 0x5a, 0x01, 0x10, 0x0f, 0xff,
    0xff, 0xf5, 0x00, 0x5a, 0x00, 0x00, 0x01, 0x05, 0xc0, 0x11, 0x00, 0x5a, 0x00, 0x00, 0x00, 0x0a,
    0xe1, 0x00, 0x00, 0x5a, 0x00, 0x00, 0x00, 0x2f, 0xfb, 0x01, 0x10, 0x5a, 0x00, 0x11, 0x00, 0x8b,
    0xcb, 0x6e, 0xff, 0xff, 0xff, 0xf5, 0x02, 0xe4, 0xc3, 0xb1, 0x10, 0x5a, 0x00, 0x11, 0x0b, 0x93,
    0xc0, 0x00, 0x00, 0x5a, 0x00, 0x00, 0x2d, 0x13, 0xc0, 0x00, 0x00, 0x5a, 0x00, 0x00, 0x01, 0x03,
    0xc0, 0x00, 0x00, 0x5a, 0x00, 0x00, 0x00, 0x03, 0xc0, 0x00, 0x00, 0x6b, 0x00, 0x00, 0x00, 0x04,
    0xc0, 0x00, 0x00, 0x7c, 0x00, 0x00, 0x00, 0x05, 0xd0, 0x00, 0x00, 0x00, 0x00, 0x00, 0x00, 0x00,
    0x07, 0x60, 0x00, 0x00, 0x00, 0x00, 0x00, 0x00, 0x2e, 0xff, 0xff, 0xec, 0x70, 0x00, 0x00, 0x01,
    0xa2, 0x00, 0x00, 0x7e, 0x30, 0x00, 0x00, 0x1b, 0x4c, 0x50, 0x05, 0xe4, 0x00, 0x00, 0x01, 0xc5,
    0x01, 0xb8, 0x6e, 0x40, 0x00, 0x00, 0x00, 0x10, 0x00, 0x3d, 0xf9, 0x30, 0x00, 0x00, 0x01, 0x24,
    0x8c, 0xb5, 0x15, 0xac, 0xa8, 0x61, 0x1e, 0xda, 0x62, 0x03, 0xc0, 0x00, 0x38, 0x80, 0x00, 0x9f,
    0xff, 0xff, 0xff, 0xff, 0xfd, 0x00, 0x00, 0x11, 0x00, 0x03, 0xb0, 0x20, 0x11, 0x00, 0x00, 0x00,
    0x59, 0x03, 0xb0, 0xba, 0x10, 0x00, 0x00, 0x06, 0xd3, 0x03, 0xb0, 0x06, 0xd4, 0x00, 0x02, 0xab,
    0x10, 0x03, 0xb0, 0x00, 0x3d, 0x20, 0x02, 0x70, 0x01, 0x05, 0xa0, 0x00, 0x00, 0x00, 0x00, 0x00,
    0x04, 0xfe, 0x50, 0x00, 0x00, 0x00, 0x00, 0x00, 0x00, 0x07, 0xb0, 0x00, 0x00, 0x00, 0x00, 0x11,
    0x00, 0x07, 0x80, 0x00, 0x11, 0x00, 0x00, 0x8f, 0xff, 0xff, 0xff, 0xff, 0xf9, 0x00, 0x00, 0x02,
    0x10, 0x07, 0x80, 0x01, 0x20, 0x00, 0x00, 0x05, 0xc1, 0x07, 0x80, 0x0a, 0x80, 0x00, 0x00, 0x00,
    0x5b, 0x07, 0x80, 0x7a, 0x00, 0x00, 0x01, 0x11, 0x02, 0x07, 0x80, 0x71, 0x11, 0x10, 0x07, 0xff,
    0xff, 0xff, 0xff, 0xff, 0xff, 0x90, 0x00, 0x00, 0x01, 0xc8, 0x9b, 0x20, 0x00, 0x00, 0x00, 0x00,
    0x1b, 0x57, 0x83, 0xc2, 0x00, 0x00, 0x00, 0x01, 0xc7, 0x07, 0x80, 0x4d, 0x30, 0x00, 0x00, 0x5d,
    0x60, 0x07, 0x80, 0x03, 0xda, 0x30, 0x1c, 0xc3, 0x00, 0x07, 0x80, 0x00, 0x19, 0xe1, 0x03, 0x00,
    0x00, 0x07, 0x80, 0x00, 0x00, 0x10, 0x00, 0x00, 0x00, 0x08, 0x90, 0x00, 0x00, 0x00, 0x00, 0x07,
    0x90, 0x00, 0x01, 0x24, 0x7b, 0x60, 0x00, 0x07, 0x80, 0x0d, 0xfe, 0xdb, 0x96, 0x50, 0x01, 0x06,
    0x80, 0x1c, 0x20, 0x00, 0x00, 0x00, 0x0d, 0xff, 0xff, 0xac, 0x20, 0x00, 0x00, 0x00, 0x00, 0x08,
    0x80, 0x0b, 0xff, 0xff, 0xff, 0x70, 0x00, 0x0e, 0xb0, 0x0b, 0x4b, 0x00, 0x0b, 0x40, 0x00, 0x5f,
    0xe7, 0x0b, 0x2c, 0x00, 0x0d, 0x10, 0x00, 0xba, 0x8c, 0x4c, 0x29, 0x30, 0x2b, 0x00, 0x04, 0xd6,
    0x85, 0x8d, 0x15, 0x80, 0x77, 0x00, 0x0c, 0x66, 0x80, 0x0e, 0x00, 0xc1, 0xd1, 0x00, 0x2c, 0x06,
    0x80, 0x1d, 0x00, 0x8c, 0x80, 0x00, 0x00, 0x06, 0x80, 0x6a, 0x00, 0x7f, 0x60, 0x00, 0x00, 0x07,
    0x80, 0xd4, 0x07, 0xe7, 0xe6, 0x00, 0x00, 0x07, 0x88, 0xc3, 0xa9, 0x20, 0x2a, 0xa1, 0x00, 0x08,
    0x92, 0x30, 0x00, 0x00, 0x00, 0x00, 0x00, 0x3d, 0x00, 0x00, 0x93, 0x00, 0x00, 0x00, 0x2c, 0x00,
    0x03, 0xe1, 0x00, 0x00, 0x10, 0x2c, 0x01, 0x08, 0x70, 0x00, 0x13, 0xaf, 0xff, 0xff, 0x1e, 0xff,
    0xff, 0xfe, 0x10, 0x5c, 0x01, 0xb8, 0x10, 0x00, 0x1d, 0x00, 0xad, 0x14, 0xb1, 0xe5, 0x00, 0x1d,
    0x01, 0xcd, 0xc3, 0x03, 0xc0, 0x00, 0x2d, 0x08, 0x8c, 0x4d, 0x09, 0x54, 0xa0, 0x2c, 0x2e, 0x3c,
    0x01, 0x2c, 0x00, 0xb4, 0x2c, 0xb7, 0x2c, 0x02, 0xc9, 0x77, 0xbc, 0x3b, 0x21, 0x2c, 0x01, 0x97,
    0x54, 0x2c, 0x6b, 0x00, 0x2c, 0x00, 0x00, 0x00, 0x01, 0x5a, 0x00, 0x2c, 0x00, 0x00, 0x05, 0x67,
    0xd7, 0x00, 0x3d, 0x00, 0x00, 0x05, 0xca, 0x50, 0x00, 0x05, 0xd0, 0x00, 0x0b, 0x60, 0x00, 0x00,
    0x00, 0x04, 0xb0, 0x00, 0x1f, 0x20, 0x00, 0x00, 0x01, 0x03, 0xb0, 0x10, 0x5b, 0x00, 0x00, 0x00,
    0x0e, 0xff, 0xff, 0xf3, 0xaf, 0xff, 0xff, 0xf3, 0x01, 0x04, 0xb0, 0x12, 0xe1, 0x00, 0x87, 0x10,
    0x00, 0x09, 0xd0, 0x09, 0x80, 0x00, 0x95, 0x00, 0x00, 0x1e, 0xe9, 0x2e, 0x5a, 0x00, 0xb3, 0x00,
    0x00, 0x7c, 0xba, 0x70, 0x1d, 0x00, 0xd1, 0x00, 0x01, 0xe5, 0xb2, 0xe2, 0x0b, 0x33, 0xc0, 0x00,
    0x0a, 0x93, 0xb0, 0x20, 0x05, 0xa8, 0x70, 0x00, 0x2d, 0x13, 0xb0, 0x00, 0x00, 0xde, 0x10, 0x00,
    0x00, 0x03, 0xb0, 0x00, 0x02, 0x88, 0x20, 0x00, 0x00, 0x03, 0xb0, 0x00, 0x56, 0x00, 0x83, 0x00,
    0x00, 0x04, 0xb0, 0x56, 0x20, 0x00, 0x06, 0x81, 0x00, 0x05, 0xc0, 0x00, 0x00, 0x00, 0x00, 0x00,
    0x00, 0x00, 0x00, 0x08, 0x90, 0x00, 0x00, 0x00, 0x01, 0x21, 0x10, 0x07, 0x80, 0x00, 0x12, 0x20,
    0x09, 0xff, 0xff, 0xff, 0xff, 0xff, 0xff, 0xb0, 0x01, 0x11, 0x07, 0xa7, 0x88, 0x80, 0x01, 0x10,
    0x00, 0x01, 0xa9, 0x07, 0x80, 0x8c, 0x40, 0x00, 0x03, 0x8d, 0x60, 0x08, 0x80, 0x03, 0xcd, 0x92,
    0x2d, 0x85, 0x31, 0x04, 0x50, 0x13, 0x44, 0x90, 0x00, 0x08, 0xff, 0xff, 0xff, 0xff, 0xa0, 0x00,
    0x00, 0x08, 0x70, 0x00, 0x00, 0x04, 0xa0, 0x00, 0x00, 0x08, 0xff, 0xff, 0xff, 0xff, 0xa0, 0x00,
    0x00, 0x08, 0x70, 0x00, 0x00, 0x04, 0xa0, 0x00, 0x00, 0x08, 0xff, 0xff, 0xff, 0xff, 0xa0, 0x00,
    0x00, 0x00, 0x00, 0x00, 0x00, 0x00, 0x00, 0x00, 0x0a, 0xff, 0xff, 0xff, 0xff, 0xff, 0xff, 0xc0,
    0x00, 0x0b, 0x50, 0x01, 0x10, 0x00, 0x01, 0x10, 0x00, 0x0b, 0x40, 0x0f, 0xff, 0xff, 0xff, 0x60,
    0x01, 0x0a, 0x41, 0x11, 0x10, 0x00, 0x01, 0x10, 0x3f, 0xff, 0xff, 0x60, 0x00, 0x00, 0x00, 0x00,
    0x01, 0x0c, 0x41, 0x21, 0x00, 0x00, 0x01, 0x10, 0x00, 0x1f, 0x50, 0x9f, 0xff, 0xff, 0xff, 0xf3,
    0x00, 0x6f, 0xe2, 0x11, 0x00, 0xc3, 0x01, 0x10, 0x00, 0xcc, 0x7c, 0x10, 0x20, 0xc3, 0x20, 0x00,
    0x04, 0xba, 0x47, 0x52, 0xe2, 0xc3, 0x8a, 0x00, 0x0c, 0x5a, 0x40, 0x0a, 0x70, 0xc3, 0x0a, 0x80,
    0x6c, 0x0a, 0x40, 0x6c, 0x00, 0xc3, 0x01, 0xd4, 0x13, 0x0a, 0x42, 0xd2, 0x00, 0xc3, 0x00, 0x43,
    0x00, 0x0b, 0x40, 0x00, 0x00, 0xc3, 0x00, 0x00, 0x00, 0x0b, 0x40, 0x00, 0x33, 0xe3, 0x00, 0x00,
    0x00, 0x0c, 0x50, 0x00, 0x8f, 0xb1, 0x00, 0x00, 0x00, 0x07, 0xb0, 0x01, 0x50, 0x00, 0x47, 0x00,
    0x00, 0x06, 0x90, 0x01, 0xc5, 0x00, 0x97, 0x00, 0x00, 0x06, 0x90, 0x00, 0x2e, 0x21, 0xc0, 0x00,
    0x01, 0x06, 0x90, 0x11, 0x13, 0x07, 0x70, 0x10, 0x0d, 0xff, 0xff, 0x8c, 0xff, 0xff, 0xff, 0xc0,
    0x01, 0x07, 0x90, 0x11, 0x10, 0x00, 0x01, 0x10, 0x00, 0x0c, 0xe5, 0x00, 0x00, 0x00, 0x00, 0x00,
    0x00, 0x4d, 0xac, 0x41, 0x10, 0x00, 0x01, 0x00, 0x00, 0xc7, 0x93, 0x47, 0xff, 0xff, 0xff, 0x00,
    0x07, 0x96, 0x90, 0x01, 0x10, 0x00, 0x01, 0x00, 0x3e, 0x16, 0x90, 0x00, 0x00, 0x00, 0x00, 0x00,
    0x02, 0x06, 0x90, 0x11, 0x00, 0x00, 0x00, 0x11, 0x00, 0x06, 0x90, 0x9f, 0xff, 0xff, 0xff, 0xf8,
    0x00, 0x06, 0x90, 0x11, 0x00, 0x00, 0x00, 0x11, 0x00, 0x07, 0xa0, 0x00, 0x00, 0x00, 0x00, 0x00,
    0x00, 0x1e, 0x20, 0x00, 0x00, 0x00, 0x0d, 0x30, 0x00, 0x0e, 0x00, 0x00, 0x00, 0x00, 0x0e, 0x10,
    0x01, 0x0e, 0x07, 0xff, 0xfc, 0x00, 0x0e, 0x10, 0x0d, 0xff, 0xf6, 0x00, 0x3b, 0x21, 0x1e, 0xe7,
    0x01, 0x2e, 0x00, 0x00, 0x49, 0xbb, 0xbf, 0x11, 0x00, 0x7f, 0x31, 0xb0, 0x67, 0x10, 0x0d, 0x10,
    0x00, 0xcf, 0xd1, 0x88, 0xa3, 0xa5, 0x0d, 0x10, 0x03, 0xdd, 0x6b, 0x0b, 0xe0, 0x2d, 0x0d, 0x10,
    0x0a, 0x7d, 0x07, 0x05, 0xe1, 0x0b, 0x5d, 0x10, 0x3f, 0x2d, 0x00, 0x0c, 0xb9, 0x03, 0x2d, 0x10,
    0x28, 0x0d, 0x00, 0x8a, 0x1d, 0x30, 0x0d, 0x10, 0x00, 0x0d, 0x07, 0xd1, 0x06, 0x60, 0x0d, 0x10,
    0x00, 0x0e, 0x4d, 0x20, 0x00, 0x00, 0x0d, 0x10, 0x00, 0x0e, 0x00, 0x00, 0x00, 0x03, 0x3e, 0x10,
    0x00, 0x1f, 0x00, 0x00, 0x00, 0x06, 0xd8, 0x00, 0x00, 0x09, 0x70, 0x00, 0x2b, 0x10, 0x00, 0x00,
    0x00, 0x09, 0x60, 0x00, 0x06, 0xc1, 0x00, 0x00, 0x01, 0x08, 0x61, 0x00, 0x00, 0x72, 0x00, 0x00,
    0x2f, 0xff, 0xff, 0x8f, 0xff, 0xff, 0xff, 0xf2, 0x01, 0x09, 0x61, 0x00, 0x94, 0x01, 0x90, 0x00,
    0x00, 0x0e, 0x60, 0x03, 0xd1, 0x00, 0x8b, 0x10, 0x00, 0x5f, 0xd1, 0x2d, 0x40, 0x00, 0x08, 0xb0,
    0x00, 0xbb, 0x9c, 0x88, 0x40, 0x01, 0x81, 0x50, 0x04, 0xc8, 0x65, 0x20, 0xd2, 0x04, 0xc1, 0x00,
    0x1d, 0x58, 0x60, 0x00, 0x6a, 0x0a, 0x50, 0x00, 0x29, 0x08, 0x60, 0x00, 0x0b, 0x9c, 0x00, 0x00,
    0x00, 0x08, 0x60, 0x00, 0x04, 0xf8, 0x00, 0x00, 0x00, 0x08, 0x60, 0x00, 0x5e, 0x7d, 0x91, 0x00,
    0x00, 0x09, 0x61, 0x6c, 0xc3, 0x01, 0xae, 0x82, 0x00, 0x09, 0x76, 0xb4, 0x00, 0x00, 0x04, 0xa1,
    0x00, 0x08, 0x90, 0x00, 0x4b, 0x00, 0x00, 0x00, 0x00, 0x08, 0x70, 0x00, 0x97, 0x00, 0x00, 0x00,
    0x01, 0x08, 0x70, 0x11, 0xef, 0xff, 0xfe, 0x10, 0x0d, 0xff, 0xff, 0x79, 0xa0, 0x00, 0x88, 0x00,
    0x01, 0x0a, 0x70, 0x7b, 0x37, 0x02, 0xc0, 0x00, 0x00, 0x1f, 0xc1, 0x12, 0x07, 0x7d, 0x30, 0x00,
    0x00, 0x6f, 0xda, 0x00, 0x06, 0xfc, 0x20, 0x00, 0x00, 0xca, 0x7b, 0x43, 0xac, 0x36, 0xe9, 0x40,
    0x03, 0xc8, 0x70, 0xae, 0x70, 0x00, 0x29, 0xe3, 0x0b, 0x68, 0x70, 0x25, 0xff, 0xff, 0xf9, 0x10,
    0x4d, 0x08, 0x70, 0x04, 0x90, 0x00, 0x59, 0x00, 0x03, 0x08, 0x70, 0x04, 0x90, 0x00, 0x59, 0x00,
    0x00, 0x08, 0x80, 0x04, 0xff, 0xff, 0xf9, 0x00, 0x00, 0x09, 0x90, 0x05, 0x90, 0x00, 0x48, 0x00,
    0x00, 0x00, 0x00, 0x05, 0x90, 0x00, 0x00, 0x00, 0x00, 0x0a, 0x90, 0x01, 0x00, 0x00, 0x01, 0x20,
    0x00, 0x09, 0x60, 0x3f, 0xff, 0xff, 0xff, 0xe0, 0x01, 0x08, 0x61, 0x3c, 0x00, 0x00, 0x01, 0x20,
    0x0d, 0xff, 0xff, 0x8c, 0x9f, 0xff, 0xff, 0x80, 0x01, 0x0b, 0x61, 0x3c, 0x00, 0x0e, 0x00, 0x00,
    0x00, 0x1f, 0xa0, 0x2c, 0x00, 0x0e, 0x00, 0x00, 0x00, 0x6e, 0xd7, 0x2c, 0x00, 0x0e, 0x00, 0x00,
    0x00, 0xda, 0x7d, 0x5c, 0x4f, 0xff, 0xff, 0x50, 0x06, 0xa8, 0x64, 0x4c, 0x00, 0x0e, 0x01, 0x00,
    0x2e, 0x38, 0x60, 0x2c, 0x10, 0x0e, 0x00, 0x10, 0x04, 0x08, 0x60, 0x2c, 0xcf, 0xff, 0xff, 0xe0,
    0x00, 0x08, 0x60, 0x2c, 0x11, 0x00, 0x00, 0x10, 0x00, 0x08, 0x60, 0x2c, 0x00, 0x00, 0x01, 0x21,
    0x00, 0x09, 0x70, 0x3f, 0xff, 0xff, 0xff, 0xf6, 0x00, 0x0a, 0x80, 0x01, 0x10, 0x00, 0x01, 0x11,
    0x00, 0x11, 0x00, 0x1b, 0x30, 0x00, 0x11, 0x00, 0x00, 0xff, 0xff, 0xff, 0xff, 0xff, 0xff, 0x20,
    0x00, 0xf0, 0x00, 0x7b, 0x00, 0x00, 0x0d, 0x20, 0x00, 0x00, 0x01, 0xe4, 0x00, 0x00, 0x00, 0x00,
    0x08, 0xff, 0xff, 0xff, 0xff, 0xff, 0xff, 0xc0, 0x00, 0x00, 0x4b, 0x00, 0x00, 0xa5, 0x00, 0x00,
    0x00, 0x01, 0xac, 0xa7, 0x08, 0x60, 0x00, 0x00, 0x00, 0xbe, 0xc8, 0x54, 0x20, 0x14, 0x9c, 0x20,
    0x00, 0x00, 0x00, 0x08, 0x80, 0x00, 0x00, 0x00, 0x08, 0xff, 0xff, 0xff, 0xff, 0xff, 0xff, 0xa0,
    0x00, 0x00, 0x02, 0xc9, 0x8b, 0x10, 0x00, 0x00, 0x00, 0x00, 0x5d, 0x28, 0x75, 0xc2, 0x00, 0x00,
    0x00, 0x4b, 0xc2, 0x08, 0x70, 0x5e, 0x94, 0x10, 0x1c, 0xe7, 0x00, 0x08, 0x70, 0x01, 0x8d, 0xe1,
    0x03, 0x10, 0x00, 0x09, 0x80, 0x00, 0x00, 0x10, 0x00, 0x0c, 0x60, 0x00, 0x00, 0x83, 0x00, 0x00,
    0x00, 0x0b, 0x30, 0x36, 0x00, 0xe1, 0x01, 0x81, 0x01, 0x0a, 0x31, 0x2d, 0x30, 0xd1, 0x07, 0xb0,
    0x2f, 0xff, 0xff, 0x85, 0xc0, 0xd1, 0x3d, 0x10, 0x01, 0x0d, 0x31, 0x10, 0xa1, 0xd1, 0xa3, 0x00,
    0x00, 0x3f, 0xb0, 0x11, 0x00, 0xd1, 0x14, 0x50, 0x00, 0xaf, 0xfa, 0x7f, 0xff, 0xff, 0xff, 0xa0,
    0x03, 0xeb, 0x5d, 0x60, 0x00, 0x00, 0x04, 0xa0, 0x0c, 0x8a, 0x31, 0x11, 0x00, 0x00, 0x04, 0xa0,
    0x2b, 0x1a, 0x30, 0x2f, 0xff, 0xff, 0xff, 0xa0, 0x00, 0x0a, 0x30, 0x01, 0x10, 0x00, 0x04, 0xa0,
    0x00, 0x0a, 0x30, 0x11, 0x00, 0x00, 0x04, 0xa0, 0x00, 0x0b, 0x40, 0xcf, 0xff, 0xff, 0xff, 0xa0,
    0x00, 0x0c, 0x50, 0x11, 0x00, 0x00, 0x04, 0xb0, 0x00, 0x0d, 0x60, 0x00, 0x00, 0x6c, 0x47, 0x00,
    0x00, 0x0c, 0x30, 0x10, 0x00, 0x4a, 0x0b, 0x70, 0x01, 0x0b, 0x30, 0xdf, 0xff, 0xff, 0xff, 0xf0,
    0x0c, 0xff, 0xfd, 0x04, 0x00, 0x2c, 0x00, 0x00, 0x01, 0x0e, 0x31, 0x0d, 0x0d, 0x3d, 0x02, 0x00,
    0x00, 0x3f, 0x80, 0x0c, 0x0c, 0x1d, 0x09, 0x90, 0x00, 0x9e, 0xb6, 0x1c, 0x0c, 0x1c, 0x1c, 0x20,
    0x01, 0xcb, 0x38, 0xef, 0xff, 0xfb, 0x4c, 0x00, 0x09, 0x7b, 0x30, 0x1d, 0x0c, 0x17, 0xb8, 0x00,
    0x3e, 0x1b, 0x30, 0x1c, 0x0c, 0x14, 0xf2, 0x00, 0x01, 0x0b, 0x30, 0x4a, 0x0c, 0x16, 0xe0, 0x00,
    0x00, 0x0b, 0x30, 0xa5, 0x0d, 0x5d, 0xb5, 0x30, 0x00, 0x0c, 0x34, 0xd0, 0x06, 0xe3, 0x3d, 0xc5,
    0x00, 0x0d, 0x47, 0x40, 0x08, 0x40, 0x07, 0xa0, 0x00, 0x02, 0x10, 0x00, 0x00, 0x00, 0x00, 0x00,
    0x00, 0x0d, 0x40, 0x00, 0x06, 0x70, 0x00, 0x00, 0x00, 0x0e, 0x10, 0x00, 0x0c, 0x80, 0x00, 0x00,
    0x00, 0x0d, 0x10, 0x00, 0x4a, 0xa4, 0x00, 0x00, 0x01, 0x0d, 0x11, 0x00, 0xc2, 0x1c, 0x20, 0x00,
    0x2f, 0xff, 0xff, 0x39, 0x70, 0x03, 0xd2, 0x00, 0x01, 0x1f, 0x11, 0x8a, 0x00, 0x00, 0x5e, 0x60,
    0x00, 0x5f, 0x67, 0xbc, 0xff, 0xff, 0xf5, 0xb1, 0x00, 0xae, 0x96, 0x01, 0x15, 0x00, 0x10, 0x00,
    0x02, 0xad, 0x2b, 0x34, 0x0c, 0x30, 0x5b, 0x00, 0x0a, 0x5d, 0x10, 0x2d, 0x04, 0xa0, 0x97, 0x00,
    0x2d, 0x0d, 0x10, 0x08, 0x60, 0xd2, 0xc1, 0x00, 0x01, 0x0d, 0x10, 0x02, 0xa0, 0x03, 0xa0, 0x00,
    0x00, 0x0d, 0x10, 0x10, 0x00, 0x0a, 0x30, 0x10, 0x00, 0x0d, 0x23, 0xff, 0xff, 0xff, 0xff, 0xe0,
    0x00, 0x0e, 0x20, 0x10, 0x00, 0x00, 0x01, 0x10, 0x00, 0x07, 0x80, 0x00, 0x01, 0xc2, 0x00, 0x00,
    0x00, 0x07, 0x60, 0x02, 0x14, 0xb0, 0x00, 0x00, 0x01, 0x07, 0x60, 0x1a, 0xff, 0xff, 0xff, 0x70,
    0x0e, 0xff, 0xff, 0xb9, 0x40, 0x00, 0x07, 0x70, 0x01, 0x19, 0x60, 0x19, 0xff, 0xff, 0xff, 0x70,
    0x00, 0x0e, 0xc1, 0x09, 0x40, 0x00, 0x07, 0x70, 0x00, 0x5e, 0xd9, 0x0a, 0xff, 0xff, 0xff, 0x70,
    0x00, 0xc8, 0x7d, 0x63, 0x21, 0x95, 0x02, 0x31, 0x06, 0xa7, 0x64, 0xaf, 0xff, 0xff, 0xff, 0xf5,
    0x1e, 0x37, 0x60, 0x68, 0x00, 0x95, 0x00, 0x95, 0x19, 0x07, 0x60, 0x68, 0x00, 0x95, 0x00, 0x95,
    0x00, 0x07, 0x60, 0x68, 0x00, 0x95, 0x00, 0x95, 0x00, 0x08, 0x60, 0x68, 0x00, 0xa5, 0x11, 0xb4,
    0x00, 0x08, 0x70, 0x33, 0x00, 0xa6, 0x2f, 0xb1, 0x00, 0x09, 0x80, 0x00, 0x00, 0xb7, 0x00, 0x00,
    0x00, 0x0b, 0x80, 0x00, 0x79, 0x05, 0xb0, 0x00, 0x00, 0x0a, 0x50, 0x10, 0x67, 0x04, 0xa0, 0x10,
    0x01, 0x09, 0x51, 0xcf, 0xf8, 0x7d, 0xff, 0xf3, 0x2f, 0xff, 0xff, 0x60, 0x00, 0x00, 0x00, 0x10,
    0x01, 0x0b, 0x51, 0x1d, 0xff, 0xff, 0xff, 0x30, 0x00, 0x0f, 0x60, 0x0d, 0x00, 0x00, 0x0a, 0x30,
    0x00, 0x5f, 0xe3, 0x0d, 0xff, 0xff, 0xff, 0x30, 0x00, 0xbc, 0x7d, 0x3d, 0x00, 0x00, 0x0a, 0x30,
    0x03, 0xc9, 0x53, 0x0e, 0xff, 0xff, 0xff, 0x40, 0x0b, 0x69, 0x50, 0x10, 0x00, 0xd0, 0x00, 0x11,
    0x4d, 0x09, 0x52, 0xff, 0xff, 0xff, 0xff, 0xf8, 0x01, 0x09, 0x50, 0x21, 0x06, 0xa8, 0x01, 0x11,
    0x00, 0x09, 0x50, 0x00, 0x4c, 0x16, 0x91, 0x00, 0x00, 0x0a, 0x61, 0x4a, 0xc2, 0x00, 0x5d, 0x82,
    0x00, 0x0b, 0x64, 0xc6, 0x00, 0x00, 0x02, 0x91, 0x00, 0x0b, 0x70, 0x00, 0xa6, 0x06, 0xb0, 0x00,
    0x00, 0x0a, 0x40, 0x11, 0x95, 0x05, 0x90, 0x10, 0x01, 0x0a, 0x51, 0x9f, 0xff, 0xff, 0xff, 0xa0,
    0x2f, 0xff, 0xff, 0x41, 0x95, 0x04, 0x91, 0x21, 0x01, 0x0c, 0x51, 0xff, 0xff, 0xff, 0xff, 0xf6,
    0x00, 0x1f, 0xb0, 0x11, 0x00, 0xe1, 0x00, 0x11, 0x00, 0x7d, 0xaa, 0x3e, 0xff, 0xff, 0xfe, 0x40,
    0x00, 0xba, 0x4b, 0x5b, 0x00, 0xe1, 0x0a, 0x40, 0x06, 0x79, 0x40, 0x2f, 0xff, 0xff, 0xff, 0x40,
    0x2d, 0x19, 0x40, 0x3b, 0x00, 0xe1, 0x0a, 0x40, 0x13, 0x09, 0x40, 0x3f, 0xff, 0xff, 0xff, 0x50,
    0x00, 0x09, 0x40, 0x01, 0x31, 0x07, 0x52, 0x20, 0x00, 0x0a, 0x50, 0x03, 0xd6, 0x02, 0xb8, 0x00,
    0x00, 0x0a, 0x51, 0x8d, 0x30, 0x00, 0x09, 0xb0, 0x00, 0x0b, 0x65, 0xa1, 0x00, 0x00, 0x00, 0x30,
    0x00, 0x00, 0x00, 0x08, 0xa0, 0x00, 0x00, 0x00, 0x07, 0x40, 0x00, 0x0b, 0x60, 0x00, 0x00, 0x00,
    0x04, 0xe2, 0x00, 0x1e, 0x10, 0x00, 0x12, 0x10, 0x00, 0x6d, 0x10, 0x6f, 0xff, 0xff, 0xff, 0x30,
    0x00, 0x0b, 0x90, 0xd5, 0x00, 0x00, 0x3d, 0x00, 0x00, 0x01, 0x18, 0xc0, 0x3f, 0x10, 0x97, 0x00,
    0x00, 0x01, 0x08, 0x30, 0x3c, 0x00, 0x62, 0x00, 0x00, 0x09, 0x70, 0x00, 0x4e, 0x00, 0x00, 0x00,
    0x00, 0x1e, 0x10, 0x00, 0x8d, 0x50, 0x00, 0x00, 0x00, 0x89, 0x00, 0x01, 0xd3, 0xd1, 0x00, 0x00,
    0x01, 0xe2, 0x00, 0x08, 0xa0, 0x8a, 0x00, 0x00, 0x0a, 0x90, 0x00, 0x8d, 0x10, 0x1c, 0xb1, 0x00,
    0x1a, 0x20, 0x4c, 0xd2, 0x00, 0x01, 0xce, 0x60, 0x00, 0x02, 0xc8, 0x00, 0x00, 0x00, 0x08, 0x90,
    0x00, 0x00, 0x00, 0x00, 0xd5, 0x00, 0x00, 0x00, 0x00, 0x00, 0x00, 0x00, 0xd3, 0x00, 0x00, 0x00,
    0x00, 0x00, 0x00, 0x00, 0xd3, 0x00, 0x00, 0x00, 0x00, 0x06, 0x80, 0x00, 0xd3, 0x00, 0x00, 0x00,
    0x00, 0x07, 0x90, 0x00, 0xd3, 0x00, 0x01, 0x00, 0x00, 0x07, 0x80, 0x00, 0xdf, 0xff, 0xff, 0x30,
    0x00, 0x07, 0x80, 0x00, 0xd3, 0x00, 0x01, 0x00, 0x00, 0x07, 0x80, 0x00, 0xd3, 0x00, 0x00, 0x00,
    0x00, 0x07, 0x80, 0x00, 0xd3, 0x00, 0x00, 0x00, 0x00, 0x07, 0x80, 0x00, 0xd3, 0x00, 0x00, 0x00,
    0x00, 0x07, 0x80, 0x00, 0xd3, 0x00, 0x00, 0x00, 0x01, 0x07, 0x80, 0x00, 0xd3, 0x00, 0x00, 0x10,
    0x4f, 0xff, 0xff, 0xff, 0xff, 0xff, 0xff, 0xf4, 0x00, 0x9f, 0xff, 0xff, 0xff, 0xff, 0xfe, 0x00,
    0x00, 0x11, 0x10, 0x00, 0xe1, 0x00, 0x11, 0x00, 0x00, 0x00, 0x00, 0x00, 0xe1, 0x00, 0x00, 0x00,
    0x00, 0x00, 0x00, 0x00, 0xe1, 0x00, 0x00, 0x00, 0x00, 0x03, 0xb1, 0x00, 0xe1, 0x01, 0x11, 0x00,
    0x00, 0x03, 0xc0, 0x00, 0xef, 0xff, 0xfb, 0x00, 0x00, 0x03, 0xc0, 0x00, 0xe1, 0x00, 0x00, 0x00,
    0x00, 0x03, 0xc0, 0x00, 0xe1, 0x00, 0x00, 0x00, 0x00, 0x03, 0xc0, 0x00, 0xe1, 0x00, 0x00, 0x00,
    0x00, 0x03, 0xc0, 0x00, 0xe1, 0x00, 0x00, 0x00, 0x02, 0x13, 0xc0, 0x00, 0xe1, 0x00, 0x01, 0x20,
    0x2f, 0xff, 0xff, 0xff, 0xff, 0xff, 0xff, 0xf2, 0x2b, 0x74, 0x21, 0x00, 0x00, 0x12, 0x47, 0xc2,
    0x00, 0x00, 0x06, 0x40, 0x0a, 0x90, 0x00, 0x00, 0x00, 0x00, 0x0a, 0x50, 0x09, 0x60, 0x00, 0x00,
    0x00, 0x00, 0x0a, 0x40, 0x09, 0x60, 0x01, 0x00, 0x00, 0x84, 0x0a, 0x40, 0x09, 0x60, 0x0b, 0x90,
    0x00, 0xc4, 0x0a, 0x40, 0x19, 0x60, 0x9b, 0x10, 0x00, 0xc4, 0x0a, 0xff, 0xa9, 0x68, 0xb0, 0x00,
    0x00, 0xc4, 0x0a, 0x40, 0x19, 0xca, 0x00, 0x00, 0x00, 0xc4, 0x0a, 0x40, 0x09, 0x90, 0x00, 0x00,
    0x00, 0xc4, 0x0a, 0x40, 0x09, 0x60, 0x00, 0x00, 0x00, 0xc4, 0x0a, 0x40, 0x09, 0x60, 0x00, 0x00,
    0x00, 0xc4, 0x0a, 0x40, 0x09, 0x60, 0x00, 0x00, 0x00, 0xc4, 0x0a, 0x78, 0x89, 0x60, 0x00, 0xa2,
    0x14, 0xdb, 0xcd, 0xa7, 0x38, 0x80, 0x05, 0xe1, 0x1d, 0xa6, 0x20, 0x00, 0x04, 0xef, 0xfc, 0x40,
    0x00, 0x00, 0x00, 0x00, 0xd5, 0x00, 0x00, 0x00, 0x00, 0x00, 0x42, 0x00, 0xc3, 0x00, 0x11, 0x00,
    0x00, 0x00, 0xb4, 0x00, 0xcf, 0xff, 0xfd, 0x00, 0x00, 0x00, 0xb4, 0x00, 0xc3, 0x00, 0x00, 0x00,
    0x12, 0x10, 0xb4, 0x00, 0xc3, 0x00, 0x01, 0x21, 0x4f, 0xff, 0xff, 0xff, 0xff, 0xff, 0xff, 0xf3,
    0x02, 0x11, 0x00, 0x00, 0x63, 0x00, 0x11, 0x20, 0x00, 0x00, 0x1b, 0x20, 0xc3, 0x00, 0x06, 0x10,
    0x00, 0x00, 0xb9, 0x00, 0xc3, 0x00, 0x3f, 0x50, 0x00, 0x1a, 0xa0, 0x00, 0xc3, 0x01, 0xd6, 0x00,
    0x03, 0xd9, 0x00, 0x00, 0xc3, 0x3d, 0x70, 0x00, 0x01, 0x50, 0x00, 0x00, 0xca, 0xd5, 0x00, 0x00,
    0x02, 0x22, 0x35, 0x8c, 0xd7, 0x10, 0x00, 0x00, 0x07, 0xed, 0xb9, 0x63, 0x00, 0x00, 0x00, 0x00,
    0x4f, 0xff, 0xff, 0xff, 0xff, 0xff, 0xff, 0xf2, 0x01, 0x00, 0xe1, 0x00, 0x0a, 0x50, 0x00, 0x10,
    0x00, 0x03, 0xb0, 0x00, 0x0a, 0x50, 0x00, 0x00, 0x00, 0x08, 0x60, 0x00, 0x0a, 0x50, 0x07, 0x00,
    0x00, 0x1e, 0xff, 0xfc, 0x0a, 0x50, 0x7e, 0x50, 0x00, 0x89, 0x00, 0x5a, 0x0a, 0x59, 0xa1, 0x00,
    0x03, 0xe1, 0x00, 0x86, 0x0a, 0xd5, 0x00, 0x00, 0x2d, 0x55, 0x60, 0xc2, 0x0a, 0x50, 0x00, 0x00,
    0x15, 0x01, 0xc8, 0xb0, 0x0a, 0x50, 0x00, 0x00, 0x00, 0x00, 0x2f, 0x40, 0x0a, 0x50, 0x00, 0x00,
    0x00, 0x00, 0x9a, 0x00, 0x0a, 0x50, 0x00, 0x72, 0x00, 0x1a, 0xc1, 0x00, 0x09, 0x80, 0x03, 0xe3,
    0x05, 0xec, 0x10, 0x00, 0x04, 0xdf, 0xfe, 0x70, 0x03, 0xa1, 0x00, 0x00, 0x00, 0x00, 0x00, 0x00,
    0x00, 0x01, 0x38, 0xa0, 0x00, 0x00, 0x00, 0x00, 0x00, 0xee, 0xc8, 0x62, 0x5f, 0xff, 0xc0, 0x00,
    0x00, 0xd2, 0x00, 0x00, 0x49, 0x01, 0xc0, 0x00, 0x00, 0xd2, 0x00, 0x00, 0x58, 0x01, 0xc0, 0x00,
    0x00, 0xdf, 0xff, 0xc1, 0xb4, 0x01, 0xd1, 0x10, 0x00, 0xd2, 0x00, 0x1b, 0x80, 0x00, 0xcf, 0xe0,
    0x00, 0xd2, 0x00, 0x01, 0x00, 0x00, 0x00, 0x00, 0x00, 0xdf, 0xff, 0xbd, 0xfe, 0xdb, 0xbe, 0x10,
    0x00, 0xd2, 0x00, 0x10, 0xa2, 0x00, 0x68, 0x00, 0x00, 0xd2, 0x01, 0x53, 0x48, 0x00, 0xb1, 0x00,
    0x27, 0xeb, 0xdc, 0xa3, 0x08, 0x26, 0x40, 0x00, 0x29, 0xe4, 0x00, 0x00, 0x03, 0xcc, 0x20, 0x00,
    0x00, 0xd2, 0x00, 0x25, 0xac, 0x35, 0xea, 0x61, 0x00, 0xe3, 0x00, 0x6b, 0x50, 0x00, 0x16, 0xa0,
    0x00, 0x00, 0xa6, 0x00, 0x00, 0x00, 0x00, 0x00, 0x00, 0x03, 0xe2, 0x00, 0x00, 0x00, 0x00, 0x00,
    0x00, 0x0b, 0xff, 0xff, 0xff, 0xff, 0xff, 0x50, 0x00, 0x7d, 0x10, 0x00, 0x00, 0x00, 0x00, 0x00,
    0x06, 0xe9, 0xff, 0xff, 0xff, 0xff, 0xf1, 0x00, 0x09, 0x58, 0x70, 0x3c, 0x20, 0x00, 0xe0, 0x00,
    0x00, 0x09, 0x50, 0x04, 0xd2, 0x00, 0xe0, 0x00, 0x1f, 0xff, 0xff, 0xff, 0xff, 0xff, 0xff, 0xf2,
    0x00, 0x0b, 0x30, 0x22, 0x00, 0x01, 0xd0, 0x00, 0x00, 0x0c, 0x20, 0x4d, 0x60, 0x02, 0xc0, 0x00,
    0x00, 0x0d, 0x10, 0x01, 0xb3, 0x03, 0xb0, 0x00, 0x00, 0x0e, 0xff, 0xff, 0xff, 0xff, 0xfc, 0x20,
    0x00, 0x02, 0x10, 0x00, 0x00, 0x05, 0x91, 0x00, 0x00, 0x00, 0x00, 0x00, 0x02, 0x3c, 0x60, 0x00,
    0x00, 0x00, 0x00, 0x00, 0x06, 0xd8, 0x00, 0x00, 0x0a, 0x30, 0x00, 0x0a, 0x80, 0x00, 0x00, 0x0f,
    0x10, 0x00, 0x0a, 0x50, 0x00, 0x00, 0x0e, 0x10, 0x00, 0x0a, 0x50, 0x00, 0x00, 0x0e, 0x10, 0x00,
    0x0a, 0x50, 0x01, 0x30, 0x0e, 0x10, 0x00, 0x0a, 0x50, 0x5d, 0xc0, 0x0e, 0xff, 0xff, 0x4a, 0xbc,
    0x93, 0x00, 0x0e, 0x10, 0x01, 0x0a, 0x91, 0x00, 0x00, 0x0e, 0x10, 0x00, 0x0a, 0x50, 0x00, 0x00,
    0x0e, 0x10, 0x00, 0x0a, 0x50, 0x00, 0x00, 0x0e, 0x10, 0x00, 0x0a, 0x50, 0x00, 0x00, 0x0e, 0x10,
    0x00, 0x1a, 0x50, 0x00, 0x00, 0x0e, 0x12, 0x8e, 0x5a, 0x50, 0x00, 0x85, 0x3f, 0xcc, 0x71, 0x09,
    0x80, 0x02, 0xd6, 0x4b, 0x30, 0x00, 0x05, 0xef, 0xfe, 0x90, 0x11, 0x10, 0x04, 0x92, 0x00, 0x01,
    0x20, 0x8f, 0xff, 0xff, 0xff, 0xff, 0xff, 0xf4, 0x11, 0x10, 0x00, 0x00, 0x00, 0x01, 0x21, 0x00,
    0x6f, 0xff, 0xff, 0xff, 0xf0, 0x00, 0x00, 0x58, 0x00, 0x00, 0x00, 0xd0, 0x00, 0x00, 0x6f, 0xff,
    0xff, 0xff, 0xf0, 0x00, 0xaf, 0xff, 0xff, 0xff, 0xff, 0xff, 0xf5, 0xa4, 0x00, 0x00, 0x02, 0x49,
    0x30, 0x95, 0xa4, 0x7e, 0xdc, 0xe8, 0x66, 0x70, 0x75, 0x00, 0xbe, 0xff, 0xff, 0xff, 0xf6, 0x00,
    0x01, 0x79, 0xad, 0xff, 0xff, 0xff, 0x10, 0x3f, 0xff, 0xff, 0xfe, 0xa6, 0x31, 0x00, 0x27, 0x54,
    0x21, 0xa5, 0x00, 0x02, 0xb5, 0x00, 0x00, 0x00, 0x6e, 0xff, 0xfe, 0xa1, 0x05, 0x43, 0x33, 0x35,
    0x68, 0xbc, 0x10, 0x0e, 0x20, 0x00, 0x7b, 0x65, 0x55, 0x20, 0x0e, 0x20, 0x00, 0x77, 0x00, 0x00,
    0x00, 0x0d, 0x20, 0x00, 0x68, 0x00, 0x00, 0x00, 0x0d, 0x20, 0x00, 0x59, 0x00, 0x00, 0x00, 0x0d,
    0xff, 0xff, 0xff, 0xff, 0xff, 0xb0, 0x0d, 0x20, 0x00, 0x1d, 0x00, 0x00, 0x00, 0x0d, 0x20, 0x00,
    0x0d, 0x20, 0x00, 0x00, 0x0d, 0x20, 0x00, 0x09, 0x60, 0x00, 0x00, 0x0d, 0x20, 0x02, 0x03, 0xc0,
    0x00, 0x00, 0x0d, 0x22, 0xc9, 0x00, 0xb6, 0x00, 0x00, 0x0e, 0x9d, 0x50, 0x00, 0x2e, 0x30, 0x73,
    0x4f, 0xb1, 0x00, 0x00, 0x04, 0xe7, 0xd4, 0x06, 0x00, 0x00, 0x00, 0x00, 0x2a, 0x80, 0x00, 0x01,
    0xc2, 0x00, 0x00, 0x00, 0x00, 0x00, 0x00, 0x06, 0x90, 0x00, 0x00, 0x00, 0x01, 0x00, 0x00, 0x0d,
    0xff, 0xff, 0xff, 0xff, 0xff, 0x40, 0x00, 0x78, 0x11, 0x00, 0x00, 0x01, 0x21, 0x00, 0x04, 0xd1,
    0xff, 0xff, 0xff, 0xff, 0xd0, 0x00, 0x2e, 0x41, 0x21, 0x00, 0x00, 0x12, 0x20, 0x00, 0x01, 0xdf,
    0xff, 0xff, 0xff, 0xff, 0x70, 0x00, 0x00, 0x00, 0x00, 0x00, 0x00, 0x0a, 0x50, 0x00, 0x00, 0x00,
    0x00, 0x00, 0x00, 0x0a, 0x50, 0x00, 0x00, 0x00, 0x00, 0x00, 0x00, 0x09, 0x50, 0x00, 0x00, 0x00,
    0x00, 0x00, 0x00, 0x07, 0x60, 0x00, 0x00, 0x00, 0x00, 0x00, 0x00, 0x04, 0xa0, 0x20, 0x00, 0x00,
    0x00, 0x00, 0x00, 0x00, 0xd4, 0xb4, 0x00, 0x00, 0x00, 0x00, 0x00, 0x00, 0x4e, 0xc0, 0x00, 0x00,
    0x00, 0x00, 0x00, 0x00, 0x01, 0x10, 0x00, 0x00, 0x00, 0x08, 0xb0, 0x00, 0x00, 0x00, 0x00, 0x00,
    0x00, 0x07, 0x90, 0x00, 0x00, 0x00, 0x00, 0x00, 0x00, 0x06, 0x90, 0x00, 0x04, 0x00, 0x00, 0x00,
    0x00, 0x06, 0xa0, 0x00, 0x6e, 0x30, 0x0b, 0xff, 0xff, 0x76, 0xf2, 0x06, 0xb2, 0x00, 0x02, 0x11,
    0x0b, 0x36, 0xba, 0x98, 0x00, 0x00, 0x00, 0x00, 0x1d, 0x06, 0x99, 0x80, 0x00, 0x00, 0x00, 0x00,
    0x86, 0x06, 0x91, 0xc2, 0x00, 0x00, 0x00, 0x02, 0xc0, 0x06, 0x90, 0x4c, 0x10, 0x00, 0x00, 0x2c,
    0x30, 0x06, 0x90, 0x06, 0xd2, 0x00, 0x04, 0xd5, 0x00, 0x06, 0x90, 0x00, 0x6e, 0x50, 0x3d, 0x40,
    0x00, 0x06, 0x90, 0x00, 0x05, 0xe3, 0x00, 0x00, 0x02, 0x1a, 0x80, 0x00, 0x00, 0x10, 0x00, 0x00,
    0x0a, 0xfd, 0x40, 0x00, 0x00, 0x00, 0x01, 0x30, 0x00, 0x00, 0x08, 0x90, 0x00, 0x00, 0x02, 0xc9,
    0x00, 0xc6, 0x07, 0x70, 0x00, 0x00, 0x00, 0x08, 0xa0, 0xc3, 0x07, 0x70, 0x00, 0x00, 0x00, 0x00,
    0x10, 0xc3, 0x07, 0x71, 0x49, 0x20, 0x37, 0x00, 0x00, 0xc4, 0x5b, 0xdb, 0x8c, 0x20, 0x19, 0xb2,
    0x7b, 0xfb, 0x79, 0x70, 0x0b, 0x20, 0x00, 0x76, 0x44, 0xc3, 0x07, 0x70, 0x0c, 0x20, 0x00, 0x00,
    0x00, 0xc3, 0x07, 0x70, 0x0c, 0x10, 0x00, 0x06, 0x40, 0xc3, 0x07, 0x70, 0x2e, 0x10, 0x00, 0x0d,
    0x40, 0xc3, 0x07, 0x75, 0xf8, 0x00, 0x00, 0x4b, 0x00, 0xc3, 0x08, 0x80, 0x20, 0x10, 0x00, 0xc3,
    0x00, 0xc3, 0x02, 0x20, 0x00, 0xb5, 0x07, 0xa0, 0x00, 0xa9, 0x10, 0x00, 0x05, 0xe2, 0x1c, 0x20,
    0x00, 0x2a, 0xef, 0xfe, 0xec, 0x50, 0x00, 0x00, 0x00, 0x00, 0x00, 0x00, 0x00, 0x00, 0x00, 0x00,
    0x00, 0x00, 0xb7, 0x00, 0x00, 0x01, 0xd7, 0x00, 0x00, 0x0a, 0x50, 0x00, 0x00, 0x02, 0xbc, 0x7f,
    0xff, 0xff, 0xff, 0xf6, 0x00, 0x00, 0x36, 0x80, 0x0a, 0x50, 0x0d, 0x10, 0x95, 0x00, 0x59, 0x00,
    0xa5, 0x04, 0xa0, 0x05, 0xcb, 0x25, 0x80, 0x0a, 0x50, 0x00, 0x00, 0x00, 0x72, 0x6f, 0xff, 0xff,
    0xfe, 0x60, 0x00, 0x00, 0x06, 0x78, 0x60, 0x00, 0xc4, 0x00, 0x00, 0x81, 0x76, 0x2c, 0x00, 0x3d,
    0x00, 0x00, 0x3d, 0x09, 0x40, 0xb5, 0x0b, 0x60, 0x00, 0x07, 0x80, 0xc1, 0x03, 0xd9, 0xc0, 0x00,
    0x00, 0xd3, 0x1b, 0x00, 0x09, 0xf3, 0x00, 0x00, 0x4d, 0x08, 0x50, 0x06, 0xea, 0xd4, 0x00, 0x0c,
    0x82, 0xb0, 0x4b, 0xc3, 0x05, 0xec, 0x60, 0x12, 0x10, 0x1b, 0x70, 0x00, 0x01, 0x76, 0x00, 0x00,
    0x40, 0x00, 0x01, 0xb2, 0x00, 0x00, 0x00, 0x00, 0xab, 0x10, 0x00, 0x5d, 0x20, 0x00, 0x00, 0x00,
    0x07, 0xd0, 0x00, 0x07, 0x70, 0x00, 0x00, 0x00, 0x00, 0x29, 0xff, 0xff, 0xff, 0xff, 0x90, 0x05,
    0x00, 0x00, 0x00, 0x09, 0x60, 0x00, 0x00, 0x1b, 0xc3, 0x00, 0x00, 0x09, 0x60, 0x00, 0x00, 0x00,
    0x6e, 0x10, 0x00, 0x09, 0x60, 0x00, 0x00, 0x00, 0x01, 0x00, 0xff, 0xff, 0xff, 0xff, 0x00, 0x00,
    0x01, 0xb0, 0x00, 0x09, 0x60, 0x00, 0x00, 0x00, 0x07, 0x90, 0x00, 0x09, 0x60, 0x00, 0x00, 0x00,
    0x0c, 0x10, 0x00, 0x09, 0x60, 0x00, 0x00, 0x00, 0x67, 0x00, 0x00, 0x09, 0x60, 0x00, 0x00, 0x01,
    0xc0, 0x00, 0x00, 0x09, 0x60, 0x00, 0x00, 0x0b, 0x50, 0x6f, 0xff, 0xff, 0xff, 0xff, 0xf4, 0x06,
    0xff, 0xff, 0xff, 0xff, 0xff, 0xff, 0xb0, 0x01, 0x11, 0x08, 0x60, 0x00, 0x00, 0x11, 0x10, 0x00,
    0x00, 0x7f, 0xff, 0xff, 0xff, 0xc0, 0x00, 0x00, 0x19, 0xf3, 0x00, 0x00, 0x02, 0xd0, 0x00, 0x05,
    0xc6, 0xb3, 0x00, 0x00, 0x02, 0xd0, 0x00, 0x19, 0x20, 0xbf, 0xff, 0xff, 0xff, 0xd0, 0x00, 0x00,
    0x00, 0x11, 0x04, 0xa0, 0x01, 0x24, 0x00, 0x06, 0xee, 0xee, 0xd4, 0xc0, 0x01, 0xac, 0x10, 0x01,
    0x10, 0x08, 0x63, 0xd1, 0x4c, 0x60, 0x00, 0x00, 0x00, 0x3c, 0x03, 0xdd, 0xb2, 0x00, 0x00, 0x00,
    0x02, 0xd3, 0x03, 0xc3, 0xd5, 0x00, 0x00, 0x00, 0x4d, 0x40, 0x03, 0xc0, 0x1b, 0xc6, 0x10, 0x09,
    0xd4, 0x01, 0x17, 0xb0, 0x00, 0x4c, 0xd1, 0x02, 0x10, 0x02, 0xfd, 0x50, 0x00, 0x00, 0x10, 0x03,
    0x00, 0x00, 0x00, 0x13, 0x69, 0xc1, 0x1c, 0xb2, 0x1e, 0xed, 0xed, 0x96, 0x52, 0x00, 0x8e, 0x21,
    0x00, 0x88, 0x00, 0x00, 0x00, 0x02, 0x00, 0x00, 0x88, 0x00, 0x00, 0x62, 0x00, 0x11, 0x00, 0x88,
    0x00, 0x11, 0x7e, 0x80, 0xef, 0xff, 0xff, 0xff, 0xff, 0x02, 0xb5, 0x11, 0x10, 0x88, 0x01, 0x12,
    0x00, 0x01, 0x02, 0x10, 0x88, 0x01, 0x20, 0x00, 0x4c, 0x0a, 0xff, 0xff, 0xff, 0xb0, 0x00, 0xb6,
    0x0a, 0x50, 0x00, 0x04, 0xb0, 0x03, 0xd0, 0x0a, 0x50, 0x00, 0x04, 0xb0, 0x0b, 0x60, 0x0a, 0x50,
    0x00, 0x04, 0xb0, 0x4e, 0x10, 0x0a, 0xff, 0xff, 0xff, 0xb0, 0x67, 0x00, 0x0b, 0x50, 0x00, 0x04,
    0xb0, 0x00, 0x00, 0x00, 0x00, 0x00, 0x00, 0x00, 0x01, 0xc4, 0x00, 0x00, 0x12, 0x46, 0xa8, 0x00,
    0x00, 0x3d, 0x73, 0xfe, 0xec, 0xb9, 0x76, 0x00, 0x00, 0x01, 0x72, 0xc0, 0x00, 0x00, 0x01, 0x00,
    0x00, 0x00, 0x02, 0xc0, 0x01, 0x47, 0xcd, 0x10, 0x0c, 0x60, 0x02, 0xc1, 0xfc, 0xd6, 0x20, 0x00,
    0x01, 0xaa, 0x13, 0xc0, 0xe0, 0x93, 0x00, 0x10, 0x00, 0x06, 0x03, 0xb0, 0xd0, 0x76, 0x1b, 0x90,
    0x00, 0x02, 0x04, 0xa0, 0xd0, 0x4c, 0xc5, 0x00, 0x00, 0x0a, 0x66, 0x80, 0xd0, 0x0d, 0x10, 0x00,
    0x00, 0x1d, 0x0a, 0x50, 0xd0, 0x08, 0x60, 0x00, 0x00, 0x86, 0x0d, 0x10, 0xd0, 0x01, 0xd2, 0x00,
    0x02, 0xc0, 0x6b, 0x00, 0xe2, 0xc2, 0x5d, 0x10, 0x0c, 0x51, 0xd4, 0x04, 0xfd, 0x60, 0x08, 0xd1,
    0x17, 0x06, 0xa0, 0x05, 0xa1, 0x00, 0x00, 0x30, 0x01, 0x20, 0x00, 0x00, 0xa3, 0x00, 0x00, 0x00,
    0x04, 0xd8, 0x01, 0x10, 0x3d, 0x10, 0x01, 0x10, 0x00, 0x19, 0x9d, 0xff, 0xff, 0xff, 0xff, 0xc0,
    0x00, 0x00, 0x01, 0x04, 0xb0, 0x00, 0x11, 0x10, 0x05, 0x00, 0x00, 0x1c, 0x10, 0x1a, 0x10, 0x00,
    0x0a, 0xd3, 0x00, 0xa5, 0x00, 0x06, 0xb0, 0x00, 0x00, 0x4d, 0x19, 0xfa, 0xbc, 0xcb, 0xd9, 0x00,
    0x00, 0x00, 0x03, 0x87, 0x10, 0x00, 0x0b, 0x20, 0x00, 0x03, 0x20, 0x87, 0x1d, 0x08, 0x70, 0x00,
    0x00, 0x0b, 0x60, 0x86, 0x0d, 0x08, 0x60, 0x00, 0x00, 0x5d, 0x00, 0x95, 0x0d, 0x08, 0x60, 0x00,
    0x01, 0xd5, 0x00, 0xd1, 0x0d, 0x08, 0x60, 0x00, 0x0a, 0xd0, 0x0a, 0x90, 0x1d, 0x07, 0x71, 0xc1,
    0x1d, 0x62, 0xdc, 0x10, 0x1e, 0x04, 0xef, 0xa0, 0x03, 0x00, 0x81, 0x00, 0x00, 0x00, 0x00, 0x00,
    0x00, 0x82, 0x00, 0x00, 0xc5, 0x69, 0x00, 0x00, 0x00, 0x7e, 0x50, 0x00, 0xd3, 0x09, 0xb0, 0x00,
    0x00, 0x03, 0xe3, 0x00, 0xd2, 0x00, 0x50, 0x00, 0x00, 0x00, 0x10, 0x00, 0xc5, 0x57, 0xbb, 0x00,
    0x0c, 0x50, 0x09, 0xac, 0xfb, 0x85, 0x20, 0x00, 0x03, 0xc9, 0x15, 0x31, 0xb4, 0x00, 0x00, 0x00,
    0x00, 0x18, 0x10, 0x00, 0x97, 0x47, 0xbe, 0x50, 0x00, 0x00, 0x17, 0x9b, 0xed, 0x86, 0x40, 0x00,
    0x00, 0x08, 0x78, 0x52, 0x3b, 0x00, 0xb7, 0x00, 0x00, 0x0d, 0x30, 0x00, 0x0d, 0x2a, 0xa0, 0x00,
    0x00, 0x5b, 0x00, 0x00, 0x0a, 0xe8, 0x00, 0x00, 0x00, 0xd4, 0x00, 0x02, 0x9d, 0xe1, 0x00, 0x20,
    0x06, 0xd0, 0x16, 0xbe, 0x70, 0x6c, 0x21, 0xf0, 0x0a, 0x60, 0x1d, 0x71, 0x00, 0x07, 0xec, 0xa0,
    0x00, 0x00, 0x00, 0x00, 0x00, 0x00, 0x26, 0x10, 0x03, 0x00, 0x0b, 0x10, 0x00, 0x00, 0x6b, 0x1d,
    0x60, 0x06, 0xb0, 0x00, 0x00, 0x59, 0x01, 0xc6, 0x10, 0x71, 0x11, 0x94, 0x59, 0x00, 0x23, 0xff,
    0xff, 0xfb, 0xa3, 0x59, 0x73, 0x00, 0x10, 0x05, 0x91, 0xa3, 0x59, 0x3d, 0x50, 0x11, 0x06, 0x70,
    0xa3, 0x59, 0x02, 0xd2, 0x5a, 0x08, 0x50, 0xa3, 0x59, 0x00, 0x10, 0x08, 0x6c, 0x10, 0xa3, 0x59,
    0x00, 0x33, 0x00, 0xcb, 0x00, 0xa3, 0x59, 0x00, 0xa7, 0x00, 0x9d, 0x00, 0xa3, 0x59, 0x02, 0xd0,
    0x03, 0xb7, 0x80, 0x93, 0x59, 0x09, 0x60, 0x1c, 0x20, 0xc4, 0x00, 0x59, 0x2d, 0x02, 0xc6, 0x00,
    0x32, 0x00, 0x59, 0xa7, 0x1d, 0x70, 0x00, 0x00, 0x12, 0x78, 0x11, 0x01, 0x00, 0x00, 0x00, 0x1e,
    0xb2, 0x05, 0x00, 0x00, 0x00, 0x5d, 0x00, 0x00, 0x09, 0xd3, 0x1c, 0x20, 0x4a, 0x00, 0xa9, 0x00,
    0x4d, 0x16, 0xc0, 0x4a, 0x06, 0xc1, 0x00, 0x00, 0x02, 0xa3, 0x4a, 0x3c, 0x21, 0x85, 0x00, 0x0e,
    0xff, 0xff, 0xff, 0xf8, 0x3c, 0xb1, 0x0d, 0x20, 0x00, 0x00, 0x87, 0x00, 0x95, 0x0d, 0x20, 0x00,
    0x00, 0x87, 0x00, 0x00, 0x0d, 0xff, 0xff, 0xff, 0xf7, 0x00, 0x09, 0x1d, 0x20, 0x00, 0x00, 0x87,
    0x00, 0x5c, 0x0d, 0x20, 0x00, 0x00, 0x87, 0x00, 0xc4, 0x0d, 0xff, 0xff, 0xff, 0xf7, 0x06, 0xb0,
    0x0d, 0x20, 0x00, 0x00, 0x87, 0x2e, 0x30, 0x0d, 0x20, 0x00, 0x11, 0xa7, 0x48, 0x00, 0x0e, 0x20,
    0x00, 0x1f, 0xd3, 0x09, 0x60, 0x01, 0x10, 0x00, 0x00, 0x01, 0x10, 0x01, 0xba, 0x1b, 0xff, 0xff,
    0xff, 0xff, 0x70, 0x00, 0x08, 0x3b, 0x41, 0x30, 0x02, 0x08, 0x70, 0x00, 0x00, 0x0b, 0x49, 0xb0,
    0x2d, 0x48, 0x70, 0x1a, 0x30, 0x00, 0x6b, 0x05, 0x42, 0xd3, 0x00, 0x05, 0xe6, 0x04, 0xc1, 0x0a,
    0x50, 0x4a, 0x00, 0x00, 0x2b, 0x11, 0x10, 0x09, 0x40, 0x01, 0x10, 0x00, 0x00, 0x1b, 0xff, 0xff,
    0xff, 0xff, 0x80, 0x00, 0x03, 0xb1, 0x11, 0xcb, 0x97, 0x01, 0x10, 0x00, 0x09, 0x70, 0x09, 0x79,
    0x4b, 0x30, 0x00, 0x00, 0x2d, 0x00, 0x6c, 0x09, 0x42, 0xd2, 0x00, 0x00, 0xa6, 0x06, 0xd2, 0x09,
    0x40, 0x5e, 0x40, 0x04, 0xd0, 0x8e, 0x30, 0x09, 0x40, 0x06, 0xd1, 0x0d, 0x60, 0x12, 0x00, 0x0a,
    0x40, 0x00, 0x10, 0x01, 0x00, 0x00, 0x00, 0x0b, 0x50, 0x00, 0x00, 0x03, 0x00, 0x00, 0x00, 0x89,
    0x00, 0x00, 0x00, 0xba, 0x13, 0xff, 0xff, 0xff, 0xff, 0x20, 0x00, 0x79, 0x00, 0x00, 0x87, 0x00,
    0x00, 0x00, 0x00, 0x00, 0xaf, 0xff, 0xff, 0xfa, 0x00, 0x82, 0x00, 0x00, 0x00, 0x87, 0x00, 0x00,
    0x05, 0xd6, 0x0d, 0xff, 0xff, 0xff, 0xff, 0xf0, 0x02, 0x80, 0x00, 0x00, 0x00, 0x00, 0x00, 0x00,
    0x00, 0x00, 0xaf, 0xff, 0xff, 0xf9, 0x00, 0x00, 0x38, 0x09, 0x50, 0x00, 0x06, 0x80, 0x00, 0x0a,
    0x70, 0x9f, 0xff, 0xff, 0xf8, 0x00, 0x02, 0xd0, 0x09, 0x50, 0x00, 0x06, 0x80, 0x00, 0xa5, 0x00,
    0x9f, 0xff, 0xff, 0xf8, 0x00, 0x5d, 0x00, 0x0a, 0x50, 0x00, 0x07, 0x80, 0x05, 0x40, 0x00, 0xb5,
    0x00, 0x0a, 0xd4, 0x00, 0x01, 0xb2, 0x00, 0x10, 0x00, 0x00, 0x11, 0x00, 0x00, 0x5e, 0x40, 0xff,
    0xff, 0xff, 0xf5, 0x00, 0x00, 0x04, 0x70, 0xe1, 0x00, 0x00, 0xb4, 0x00, 0x00, 0x00, 0x00, 0xe1,
    0x00, 0x00, 0xb4, 0x00, 0x0d, 0x60, 0x00, 0xef, 0xff, 0xff, 0xf4, 0x00, 0x03, 0xcb, 0x10, 0xe1,
    0x00, 0x00, 0xb4, 0x00, 0x00, 0x08, 0x10, 0xff, 0xff, 0xff, 0xf5, 0x00, 0x00, 0x00, 0x00, 0x00,
    0x00, 0x00, 0x00, 0x00, 0x00, 0x07, 0x1b, 0xff, 0xff, 0xff, 0xff, 0x20, 0x00, 0x1e, 0x1a, 0x40,
    0xd0, 0x58, 0x0c, 0x20, 0x00, 0x67, 0x0a, 0x40, 0xd0, 0x58, 0x0c, 0x20, 0x00, 0xb1, 0x0a, 0x40,
    0xd0, 0x58, 0x0c, 0x20, 0x06, 0x70, 0x0a, 0x40, 0xd0, 0x58, 0x0c, 0x20, 0x1d, 0x14, 0xff, 0xff,
    0xff, 0xff, 0xff, 0xf4, 0x00, 0x00, 0x00, 0x00, 0x26, 0x00, 0x00, 0x00, 0x01, 0x20, 0x00, 0x00,
    0x5b, 0x00, 0x11, 0x00, 0x04, 0xd8, 0x00, 0x00, 0x4f, 0xff, 0xfa, 0x00, 0x00, 0x19, 0x80, 0x00,
    0x4b, 0x00, 0x12, 0x20, 0x00, 0x00, 0x0e, 0xff, 0xff, 0xff, 0xff, 0x70, 0x05, 0x00, 0x0d, 0x10,
    0x37, 0x00, 0x0d, 0x10, 0x1a, 0xc3, 0x0d, 0x10, 0x59, 0x25, 0x55, 0x00, 0x00, 0x4c, 0x0d, 0x5b,
    0xcd, 0x87, 0x34, 0x00, 0x00, 0x00, 0x0d, 0x00, 0x4a, 0x00, 0x5d, 0x00, 0x00, 0x07, 0x1e, 0x00,
    0x1c, 0xff, 0xd4, 0x00, 0x00, 0x2d, 0x2d, 0x00, 0x22, 0x90, 0x01, 0x00, 0x00, 0x96, 0x4a, 0x33,
    0xb3, 0x96, 0x1c, 0x20, 0x03, 0xd0, 0x86, 0x94, 0xb2, 0x27, 0x35, 0xb0, 0x0c, 0x61, 0xe2, 0xc0,
    0xb4, 0x02, 0xd5, 0x91, 0x19, 0x16, 0x83, 0x60, 0x6e, 0xfe, 0xa0, 0x00, 0x01, 0x40, 0x00, 0x01,
    0xc7, 0x00, 0x00, 0x00, 0x02, 0xc8, 0x12, 0x10, 0x18, 0x90, 0x01, 0x20, 0x00, 0x09, 0xaf, 0xff,
    0xff, 0xff, 0xff, 0xd0, 0x00, 0x00, 0x2d, 0x00, 0x00, 0x00, 0x01, 0xd0, 0x1d, 0x50, 0x1d, 0x7f,
    0xff, 0xff, 0xf5, 0xc0, 0x02, 0xb9, 0x01, 0x11, 0x0b, 0x40, 0x12, 0x00, 0x00, 0x06, 0x06, 0xff,
    0xff, 0xff, 0xff, 0x00, 0x00, 0x00, 0x05, 0x90, 0x0b, 0x40, 0x0f, 0x00, 0x00, 0x04, 0x55, 0xff,
    0xff, 0xff, 0xff, 0x00, 0x00, 0x09, 0x85, 0x90, 0x0b, 0x40, 0x0f, 0x00, 0x00, 0x0d, 0x25, 0xff,
    0xff, 0xff, 0xff, 0x00, 0x00, 0x69, 0x03, 0x63, 0x30, 0x03, 0x12, 0x00, 0x01, 0xd2, 0x00, 0x09,
    0xc1, 0x2c, 0xa2, 0x00, 0x0a, 0x90, 0x05, 0xc8, 0x00, 0x00, 0x4c, 0x81, 0x06, 0x20, 0x3c, 0x40,
    0x00, 0x00, 0x01, 0x70, 0x00, 0x40, 0x00, 0x48, 0x00, 0x0c, 0x30, 0x00, 0x01, 0xca, 0x10, 0xa4,
    0x00, 0x2d, 0x00, 0x00, 0x00, 0x09, 0x8f, 0xff, 0xf4, 0x79, 0x00, 0x00, 0x00, 0x00, 0x1b, 0x00,
    0x84, 0xdf, 0xff, 0xf0, 0x1a, 0x20, 0x1f, 0xff, 0xf9, 0xc0, 0x0d, 0x00, 0x06, 0xe6, 0x2f, 0xff,
    0xf5, 0x62, 0x1c, 0x00, 0x00, 0x26, 0x01, 0x31, 0x01, 0x75, 0x2a, 0x00, 0x00, 0x00, 0x10, 0x58,
    0x01, 0x48, 0x58, 0x00, 0x00, 0x02, 0xcf, 0xff, 0xff, 0x1c, 0x95, 0x00, 0x00, 0x2d, 0x14, 0xff,
    0xf7, 0x09, 0xe1, 0x00, 0x00, 0x87, 0x06, 0x50, 0x66, 0x09, 0xb0, 0x00, 0x01, 0xd1, 0x0a, 0x20,
    0x75, 0x5d, 0xa5, 0x00, 0x08, 0x80, 0x5a, 0x2c, 0xc8, 0xe2, 0x1d, 0x80, 0x2e, 0x20, 0x81, 0x02,
    0x3c, 0x20, 0x02, 0x91, 0x03, 0x00, 0x00, 0x00, 0x00, 0x00, 0x00, 0x00, 0x00, 0x00, 0xe6, 0x00,
    0x00, 0x00, 0x00, 0x00, 0x00, 0xe2, 0x00, 0x00, 0x00, 0x00, 0x9f, 0xff, 0xff, 0xff, 0xff, 0xff,
    0xfb, 0x00, 0x03, 0xd0, 0x01, 0x10, 0x00, 0x00, 0x00, 0x05, 0xa0, 0x03, 0xf1, 0x00, 0x00, 0x00,
    0x08, 0x80, 0x01, 0xe0, 0x02, 0x00, 0x00, 0x0b, 0x46, 0x51, 0xd0, 0x0c, 0x50, 0x00, 0x0e, 0x1c,
    0x32, 0xe0, 0x88, 0x00, 0x00, 0x4b, 0x3c, 0x06, 0xf6, 0x90, 0x00, 0x00, 0xa5, 0x13, 0x0a, 0x7d,
    0x10, 0x00, 0x03, 0xd0, 0x00, 0x5c, 0x08, 0xa0, 0x00, 0x1d, 0x60, 0x06, 0xd2, 0x00, 0xbb, 0x10,
    0xab, 0x04, 0xbc, 0x20, 0x00, 0x09, 0xe6, 0x01, 0x2c, 0x60, 0x00, 0x00, 0x00, 0x65, 0x00, 0x00,
    0x09, 0x80, 0x08, 0x80, 0x00, 0x00, 0x00, 0x00, 0x5d, 0x20, 0x02, 0xcb, 0x10, 0x00, 0x00, 0x05,
    0xd2, 0x00, 0x00, 0x1a, 0xd2, 0x00, 0x01, 0x9c, 0x20, 0x00, 0x00, 0x31, 0x9e, 0x30, 0x08, 0xb1,
    0x68, 0x00, 0x00, 0xca, 0x08, 0x50, 0x00, 0x00, 0x1d, 0x10, 0x02, 0xe1, 0x00, 0x00, 0x00, 0x00,
    0x07, 0xa0, 0x0a, 0x70, 0x00, 0x00, 0x00, 0x00, 0x00, 0xa8, 0x5c, 0x00, 0x00, 0x00, 0x00, 0x00,
    0x00, 0x1c, 0xe2, 0x00, 0x00, 0x00, 0x00, 0x00, 0x00, 0x7c, 0x9c, 0x30, 0x00, 0x00, 0x00, 0x00,
    0x5d, 0xa1, 0x05, 0xda, 0x40, 0x00, 0x02, 0x7d, 0xc4, 0x00, 0x00, 0x17, 0xdd, 0x90, 0x0a, 0xa4,
    0x00, 0x00, 0x00, 0x00, 0x05, 0x50, 0x00, 0x04, 0x30, 0x00, 0x5b, 0x00, 0x00, 0x00, 0x0a, 0x80,
    0x00, 0x4a, 0x00, 0x00, 0x00, 0x09, 0x70, 0x00, 0x4a, 0x00, 0x00, 0x00, 0x08, 0x70, 0x00, 0x4a,
    0x00, 0x00, 0x00, 0x08, 0xff, 0xff, 0xff, 0xff, 0xf6, 0x00, 0x08, 0x60, 0x00, 0x00, 0x00, 0x00,
    0x00, 0x08, 0x60, 0x00, 0x00, 0x00, 0x00, 0x00, 0x08, 0x60, 0x00, 0x00, 0x00, 0x00, 0x00, 0x09,
    0xff, 0xff, 0xff, 0xf2, 0x00, 0x00, 0x0a, 0x40, 0x00, 0x00, 0xe1, 0x00, 0x00, 0x0c, 0x20, 0x00,
    0x00, 0xe1, 0x00, 0x00, 0x1d, 0x00, 0x00, 0x00, 0xe1, 0x00, 0x00, 0x88, 0x00, 0x00, 0x00, 0xe1,
    0x00, 0x06, 0xd1, 0x00, 0x00, 0x00, 0xe2, 0x00, 0x1c, 0x30, 0x00, 0x00, 0x00, 0xb1, 0x00, 0x01,
    0xd2, 0x6a, 0x00, 0x01, 0x24, 0x7b, 0x70, 0x00, 0xf0, 0x59, 0x05, 0xfe, 0xdb, 0x96, 0x50, 0x00,
    0xe0, 0x59, 0x04, 0xa0, 0x00, 0x00, 0x00, 0x00, 0xd0, 0x59, 0x04, 0xa0, 0x00, 0x00, 0x00, 0x00,
    0xd0, 0x59, 0x04, 0xff, 0xff, 0xff, 0x20, 0x00, 0xef, 0xff, 0xf4, 0xaa, 0x30, 0x0d, 0x10, 0x00,
    0xd0, 0x00, 0x14, 0xa7, 0x50, 0x0d, 0x00, 0x00, 0xd0, 0x00, 0x04, 0xa4, 0x90, 0x3a, 0x00, 0x00,
    0xff, 0xff, 0x05, 0x90, 0xc0, 0x77, 0x00, 0x01, 0xc0, 0x0e, 0x06, 0x70, 0xa3, 0xc2, 0x00, 0x02,
    0xb0, 0x0e, 0x09, 0x50, 0x5c, 0xb0, 0x00, 0x05, 0xa0, 0x0e, 0x0e, 0x10, 0x1f, 0x80, 0x00, 0x08,
    0x70, 0x0e, 0x5c, 0x01, 0xdb, 0xe6, 0x00, 0x0d, 0x40, 0x0e, 0x96, 0x6e, 0xa0, 0x5f, 0xa1, 0x19,
    0x00, 0x05, 0x01, 0xa7, 0x00, 0x04, 0x80, 0x2f, 0xff, 0xff, 0xff, 0xff, 0xff, 0xff, 0x00, 0x11,
    0x30, 0x00, 0x00, 0xf1, 0x01, 0x10, 0x00, 0x3e, 0x20, 0x00, 0x0f, 0x00, 0x00, 0x00, 0x08, 0x70,
    0x00, 0x00, 0xf0, 0x00, 0x00, 0x03, 0xd1, 0x00, 0x00, 0x0f, 0x11, 0x23, 0x00, 0xaf, 0xff, 0xff,
    0xff, 0xff, 0xff, 0xc0, 0x01, 0x10, 0x00, 0x09, 0x6f, 0x00, 0x11, 0x00, 0x00, 0x00, 0x06, 0xa0,
    0xf0, 0x00, 0x00, 0x00, 0x00, 0x05, 0xc1, 0x0f, 0x00, 0x00, 0x00, 0x00, 0x07, 0xd2, 0x00, 0xf0,
    0x00, 0x00, 0x00, 0x2b, 0xb1, 0x00, 0x0f, 0x00, 0x00, 0x02, 0x8e, 0x70, 0x00, 0x00, 0xf0, 0x00,
    0x00, 0x8b, 0x20, 0x00, 0x32, 0x5f, 0x00, 0x00, 0x00, 0x00, 0x00, 0x0b, 0xed, 0x70, 0x00, 0x00,
    0x00, 0x01, 0xd3, 0x00, 0x1a, 0x10, 0x00, 0x00, 0x00, 0x71, 0xe0, 0x00, 0x68, 0x00, 0x00, 0x00,
    0x00, 0xc0, 0xe0, 0x10, 0xcf, 0xff, 0xff, 0xe3, 0x04, 0xff, 0xff, 0xb6, 0x92, 0xb0, 0xd0, 0xe2,
    0x08, 0x50, 0xe0, 0x5d, 0x16, 0x71, 0xc0, 0xe1, 0x1e, 0x10, 0xe0, 0x13, 0x0b, 0x24, 0xa0, 0xf0,
    0x01, 0x00, 0xe1, 0x40, 0x4a, 0x07, 0x71, 0xe0, 0x00, 0x03, 0xec, 0x51, 0xc2, 0x0c, 0x31, 0xd0,
    0x07, 0xdb, 0xe0, 0x2c, 0x60, 0x3d, 0x03, 0xc0, 0x04, 0x30, 0xe0, 0x15, 0x00, 0xc5, 0x04, 0xb0,
    0x00, 0x00, 0xe0, 0x00, 0x0a, 0xa0, 0x06, 0x90, 0x00, 0x00, 0xe0, 0x02, 0xbb, 0x00, 0x09, 0x70,
    0x00, 0x00, 0xf0, 0x04, 0x90, 0x28, 0x9e, 0x20, 0x00, 0x01, 0xf2, 0x00, 0x00, 0x08, 0x73, 0x00,
    0x00, 0x00, 0xd5, 0x00, 0x05, 0xc0, 0x00, 0x00, 0x00, 0x00, 0xc3, 0x00, 0x04, 0xb1, 0x70, 0x00,
    0x0b, 0x20, 0xb3, 0x00, 0x04, 0xa0, 0xa9, 0x00, 0x05, 0xc1, 0xb3, 0x00, 0x04, 0xa0, 0x0a, 0x10,
    0x00, 0x87, 0xb3, 0x21, 0x04, 0x90, 0x01, 0x20, 0x00, 0x00, 0xb3, 0xdf, 0xff, 0xff, 0xff, 0xd0,
    0x00, 0x02, 0xb3, 0x21, 0x08, 0xc0, 0x01, 0x20, 0x00, 0x3c, 0xb3, 0x00, 0x0b, 0x73, 0x00, 0x00,
    0x01, 0xc2, 0xb3, 0x00, 0x1c, 0x1a, 0x00, 0x00, 0x1c, 0x50, 0xb3, 0x00, 0x76, 0x08, 0x40, 0x00,
    0x28, 0x00, 0xb3, 0x02, 0xc0, 0x01, 0xc2, 0x00, 0x00, 0x00, 0xb3, 0x0b, 0x40, 0x00, 0x5c, 0x10,
    0x00, 0x00, 0xb4, 0xb8, 0x00, 0x00, 0x09, 0xc2, 0x00, 0x00, 0xc7, 0x80, 0x00, 0x00, 0x00, 0x81,
    0x01, 0x11, 0x00, 0x2b, 0x30, 0x00, 0x11, 0x10, 0x05, 0xff, 0xff, 0xff, 0xff, 0xff, 0xff, 0x60,
    0x01, 0x21, 0x00, 0x0c, 0x30, 0x00, 0x11, 0x10, 0x01, 0x81, 0x00, 0x6a, 0x02, 0x00, 0x52, 0x00,
    0x00, 0x6c, 0x22, 0xd1, 0x2e, 0x43, 0xd4, 0x00, 0x00, 0x04, 0x4d, 0xdb, 0xe5, 0x2c, 0x20, 0x00,
    0x00, 0x00, 0x31, 0x0b, 0x64, 0x03, 0x10, 0x00, 0x00, 0x07, 0xc1, 0xb6, 0x0a, 0x55, 0xd4, 0x00,
    0x01, 0xa9, 0x1c, 0xba, 0x97, 0xc3, 0x3d, 0x40, 0x17, 0x80, 0x00, 0x08, 0x60, 0x11, 0x03, 0x21,
    0x4f, 0xff, 0xff, 0xff, 0xff, 0xff, 0xff, 0xf4, 0x12, 0x10, 0x00, 0x08, 0x60, 0x00, 0x11, 0x21,
    0x00, 0x00, 0x00, 0x09, 0x60, 0x00, 0x00, 0x00, 0x00, 0x00, 0x00, 0x09, 0x60, 0x00, 0x00, 0x00,
    0x00, 0x00, 0x00, 0x0a, 0x70, 0x00, 0x00, 0x00, 0x6f, 0xff, 0xff, 0x8f, 0xff, 0xff, 0xff, 0xf1,
    0x00, 0x0e, 0x01, 0x11, 0x00, 0xa5, 0x00, 0x10, 0x00, 0x0e, 0x00, 0x00, 0x00, 0xd2, 0x00, 0x00,
    0x01, 0x0e, 0x01, 0x10, 0x02, 0xe0, 0x00, 0x00, 0x3f, 0xff, 0xff, 0x50, 0x07, 0xe0, 0x20, 0x00,
    0x01, 0x0e, 0x01, 0x10, 0x0d, 0xe5, 0xd1, 0x00, 0x00, 0x0e, 0x00, 0x00, 0x4d, 0xe0, 0x9a, 0x00,
    0x00, 0x0e, 0x00, 0x01, 0xd5, 0xe0, 0x0d, 0x60, 0x00, 0x0e, 0x16, 0x49, 0xb1, 0xe0, 0x04, 0xe1,
    0x01, 0x5f, 0xea, 0xae, 0x21, 0xe0, 0x00, 0xa4, 0x4f, 0xc6, 0x13, 0xe4, 0x01, 0xe0, 0x00, 0x00,
    0x14, 0x00, 0x00, 0x10, 0x01, 0xe0, 0x00, 0x00, 0x00, 0x00, 0x00, 0x00, 0x01, 0xe0, 0x00, 0x00,
    0x00, 0x00, 0x00, 0x00, 0x02, 0xf0, 0x00, 0x00, 0x00, 0x00, 0x00, 0x00, 0x00, 0x79, 0x00, 0x00,
    0x01, 0x00, 0x00, 0x10, 0x00, 0xc2, 0x00, 0x00, 0x0d, 0xff, 0xff, 0xc7, 0xdf, 0xff, 0xed, 0xb0,
    0x01, 0x16, 0x90, 0x19, 0x60, 0x00, 0x01, 0xf0, 0x00, 0x06, 0x90, 0x08, 0x60, 0x00, 0x01, 0xe0,
    0x01, 0x16, 0x90, 0x18, 0x60, 0x00, 0x01, 0xe0, 0x08, 0xff, 0xff, 0x98, 0x60, 0x00, 0x01, 0xe0,
    0x01, 0x16, 0x91, 0x18, 0xff, 0xff, 0xff, 0xe0, 0x00, 0x06, 0x90, 0x08, 0x60, 0x00, 0x01, 0xe0,
    0x00, 0x06, 0x90, 0x08, 0x60, 0x00, 0x01, 0xe0, 0x00, 0x06, 0x90, 0x38, 0x60, 0x00, 0x01, 0xe0,
    0x00, 0x07, 0xdd, 0xa8, 0x60, 0x00, 0x01, 0xe0, 0x0a, 0xc8, 0x30, 0x09, 0xff, 0xff, 0xff, 0xe0,
    0x01, 0x00, 0x00, 0x0a, 0x60, 0x00, 0x01, 0xf0, 0x00, 0x00, 0x00, 0x00, 0x00, 0x00, 0x00, 0x40,
    0x01, 0x00, 0x01, 0x00, 0x00, 0x00, 0x00, 0x00, 0x2f, 0xff, 0xff, 0x5c, 0x88, 0xc8, 0x8c, 0x30,
    0x01, 0x0d, 0x11, 0x4a, 0x00, 0xe0, 0x0b, 0x30, 0x00, 0x0d, 0x10, 0x3a, 0x00, 0xe0, 0x0b, 0x30,
    0x01, 0x0d, 0x11, 0x3f, 0xff, 0xff, 0xff, 0x30, 0x0d, 0xff, 0xfe, 0x3a, 0x00, 0xe0, 0x0b, 0x30,
    0x01, 0x0d, 0x11, 0x4a, 0x00, 0xe0, 0x0b, 0x30, 0x00, 0x0d, 0x10, 0x4f, 0xff, 0xff, 0xff, 0x40,
    0x00, 0x0d, 0x10, 0x11, 0x10, 0xe0, 0x00, 0x00, 0x00, 0x0d, 0x10, 0x12, 0x10, 0xe0, 0x01, 0x10,
    0x00, 0x0d, 0x67, 0x7f, 0xff, 0xff, 0xff, 0x80, 0x3a, 0xde, 0xa6, 0x11, 0x10, 0xe0, 0x11, 0x10,
    0x18, 0x30, 0x01, 0x10, 0x00, 0xe0, 0x01, 0x11, 0x00, 0x00, 0x0b, 0xff, 0xff, 0xff, 0xff, 0xf7,
    0x00, 0x00, 0x00, 0x00, 0x09, 0x60, 0x01, 0x10, 0x01, 0x00, 0x01, 0x00, 0x09, 0xff, 0xff, 0x70,
    0x0f, 0xff, 0xff, 0x00, 0x09, 0x50, 0x00, 0x00, 0x01, 0x0e, 0x01, 0xbe, 0xff, 0xff, 0xff, 0xe1,
    0x00, 0x0e, 0x00, 0xc2, 0x0b, 0x30, 0x06, 0x90, 0x01, 0x0e, 0x01, 0xb4, 0x6d, 0xaa, 0xa3, 0x20,
    0x0b, 0xff, 0xf9, 0xb3, 0x5c, 0x51, 0x04, 0x00, 0x01, 0x0e, 0x01, 0xc1, 0x07, 0xef, 0xfd, 0x20,
    0x00, 0x0e, 0x00, 0xd0, 0x00, 0x00, 0x00, 0x00, 0x00, 0x0e, 0x00, 0xd0, 0x4e, 0xfe, 0xa0, 0x00,
    0x00, 0x0e, 0x04, 0xb0, 0x59, 0x04, 0xa0, 0x00, 0x14, 0x7f, 0xdc, 0x70, 0x68, 0x03, 0xa0, 0x00,
    0x2d, 0x73, 0x2e, 0x20, 0xc5, 0x03, 0xb1, 0xb2, 0x00, 0x00, 0xa7, 0x2c, 0xd0, 0x01, 0xdf, 0xb0,
    0x00, 0x00, 0x10, 0x0a, 0x20, 0x00, 0x00, 0x00, 0x00, 0x00, 0x00, 0x06, 0xc0, 0x00, 0x00, 0x00,
    0x00, 0x02, 0x71, 0x06, 0xb0, 0x00, 0x00, 0x00, 0x00, 0x07, 0xb0, 0x05, 0xb0, 0x00, 0x00, 0x00,
    0x00, 0x0b, 0x40, 0x05, 0xb0, 0x00, 0x00, 0x00, 0x00, 0x2f, 0xee, 0xff, 0xff, 0xff, 0xfb, 0x00,
    0x00, 0x97, 0x00, 0x05, 0xb0, 0x00, 0x00, 0x00, 0x03, 0xd1, 0x00, 0x05, 0xb0, 0x00, 0x00, 0x00,
    0x0c, 0x50, 0x00, 0x05, 0xb0, 0x00, 0x00, 0x00, 0x01, 0x09, 0xff, 0xff, 0xff, 0xff, 0xf1, 0x00,
    0x00, 0x00, 0x00, 0x05, 0xb0, 0x00, 0x00, 0x00, 0x00, 0x00, 0x00, 0x05, 0xb0, 0x00, 0x00, 0x00,
    0x00, 0x00, 0x00, 0x05, 0xb0, 0x00, 0x00, 0x00, 0x02, 0x11, 0x00, 0x05, 0xb0, 0x00, 0x01, 0x20,
    0x1f, 0xff, 0xff, 0xff, 0xff, 0xff, 0xff, 0xf2, 0x00, 0xef, 0xff, 0xff, 0xff, 0xff, 0xf6, 0x00,
    0xd3, 0x00, 0x0c, 0x30, 0x00, 0xb5, 0x00, 0xd3, 0x00, 0x0c, 0x30, 0x00, 0xb4, 0x00, 0xd3, 0x00,
    0x0c, 0x30, 0x00, 0xb4, 0x00, 0xdf, 0xff, 0xff, 0xff, 0xff, 0xf4, 0x00, 0xd3, 0x00, 0x0c, 0x30,
    0x00, 0xb4, 0x00, 0xd3, 0x00, 0x0c, 0x30, 0x00, 0xb4, 0x00, 0xdf, 0xff, 0xff, 0xff, 0xff, 0xf4,
    0x00, 0xd3, 0x00, 0x0c, 0x30, 0x00, 0xb4, 0x00, 0xe2, 0x00, 0x0c, 0x30, 0x00, 0xb4, 0x01, 0xf0,
    0x00, 0x0d, 0x30, 0x00, 0xb4, 0x04, 0xb0, 0x00, 0x0d, 0x40, 0x00, 0xb4, 0x0b, 0x60, 0x00, 0x02,
    0x10, 0x25, 0xe4, 0x2b, 0x00, 0x00, 0x00, 0x00, 0x3c, 0x90, 0x00, 0x00, 0x08, 0xb0, 0x00, 0x00,
    0x00, 0x00, 0x07, 0x90, 0x00, 0x00, 0x21, 0x10, 0x07, 0x80, 0x00, 0x11, 0xdf, 0xff, 0xff, 0xff,
    0xff, 0xfd, 0xd2, 0x00, 0x07, 0x80, 0x00, 0x1d, 0xd2, 0x00, 0x07, 0x80, 0x00, 0x1d, 0xd2, 0x00,
    0x07, 0x80, 0x00, 0x1d, 0xdf, 0xff, 0xff, 0xff, 0xff, 0xfd, 0xd2, 0x00, 0x07, 0x80, 0x00, 0x1d,
    0xd2, 0x00, 0x07, 0x80, 0x00, 0x1d, 0xd2, 0x00, 0x07, 0x80, 0x00, 0x1d, 0xd2, 0x00, 0x07, 0x80,
    0x00, 0x1d, 0xdf, 0xff, 0xff, 0xff, 0xff, 0xfd, 0xe2, 0x00, 0x00, 0x00, 0x00, 0x1e, 0x00, 0x00,
    0x09, 0xa0, 0x00, 0x00, 0x00, 0x12, 0x10, 0x08, 0x80, 0x00, 0x00, 0x00, 0x7f, 0xff, 0xff, 0xff,
    0xed, 0xc5, 0x00, 0x68, 0x00, 0x07, 0x80, 0x00, 0x96, 0x00, 0x68, 0x00, 0x07, 0x80, 0x00, 0x96,
    0x00, 0x68, 0x00, 0x07, 0x80, 0x00, 0x96, 0x00, 0x6f, 0xff, 0xff, 0xff, 0xff, 0xf6, 0x00, 0x68,
    0x00, 0x07, 0x80, 0x00, 0x96, 0x00, 0x68, 0x00, 0x07, 0x80, 0x00, 0x96, 0x00, 0x7f, 0xff, 0xff,
    0xff, 0xff, 0xf7, 0x00, 0x78, 0x00, 0x07, 0x80, 0x00, 0x98, 0x00, 0x44, 0x00, 0x07, 0x80, 0x00,
    0x11, 0x95, 0x00, 0x00, 0x07, 0xa1, 0x00, 0x03, 0xe3, 0x00, 0x00, 0x02, 0xcf, 0xff, 0xfe, 0x70,
    0x00, 0x00, 0x00, 0x00, 0xb3, 0x00, 0x00, 0x00, 0x00, 0x01, 0x00, 0x00, 0x5b, 0x00, 0x00, 0x00,
    0x00, 0x08, 0xff, 0xff, 0xff, 0xff, 0xff, 0xf4, 0x0b, 0x27, 0x70, 0x10, 0x00, 0x00, 0x01, 0x10,
    0x05, 0xb6, 0x85, 0xff, 0xff, 0xff, 0xff, 0x80, 0x00, 0xa6, 0x81, 0x21, 0x10, 0x00, 0x97, 0x00,
    0x00, 0x05, 0x80, 0x00, 0x00, 0x2a, 0x30, 0x00, 0x01, 0x8d, 0x80, 0x00, 0x01, 0xd2, 0x00, 0x00,
    0x1d, 0x86, 0x70, 0x00, 0x01, 0xc0, 0x00, 0x00, 0x02, 0x08, 0x60, 0x00, 0x01, 0xc0, 0x00, 0x00,
    0x00, 0x0c, 0x30, 0x00, 0x01, 0xc0, 0x00, 0x00, 0x00, 0x4d, 0x00, 0x00, 0x01, 0xc0, 0x00, 0x00,
    0x01, 0xd6, 0x00, 0x00, 0x13, 0xc0, 0x00, 0x00, 0x02, 0x90, 0x00, 0x00, 0xdd, 0x60, 0x00, 0x00,
    0x01, 0x10, 0x00, 0x12, 0x44, 0x08, 0x70, 0x00, 0x06, 0xff, 0xff, 0xf5, 0x4b, 0xa9, 0x20, 0x00,
    0x01, 0x30, 0x02, 0xb0, 0x0c, 0x70, 0x2c, 0x60, 0x00, 0x8b, 0x2c, 0x20, 0x03, 0xe7, 0xb4, 0x00,
    0x00, 0x07, 0xe4, 0x00, 0x00, 0x5f, 0x60, 0x00, 0x02, 0x9d, 0xef, 0xff, 0xff, 0xfd, 0xcd, 0x82,
    0x4e, 0x81, 0x11, 0x00, 0x00, 0x11, 0x04, 0xb2, 0x01, 0x07, 0xff, 0xff, 0xff, 0xff, 0x70, 0x00,
    0x00, 0x07, 0x80, 0x00, 0x00, 0x08, 0x70, 0x00, 0x00, 0x07, 0x80, 0x00, 0x00, 0x08, 0x70, 0x00,
    0x00, 0x07, 0xff, 0xff, 0xff, 0xff, 0x70, 0x00, 0x00, 0x00, 0x2d, 0x10, 0x01, 0xd5, 0x00, 0x00,
    0x01, 0x10, 0x07, 0x90, 0x09, 0x70, 0x01, 0x10, 0x0c, 0xff, 0xff, 0xff, 0xff, 0xff, 0xff, 0xb0,
    0x00, 0x00, 0x7a, 0x10, 0x00, 0x00, 0x00, 0x02, 0xd2, 0x00, 0x00, 0x00, 0x9f, 0xff, 0xff, 0xff,
    0xff, 0xf8, 0x87, 0x00, 0x00, 0x00, 0x00, 0x78, 0x87, 0x00, 0x00, 0x00, 0x00, 0x78, 0x87, 0x00,
    0x00, 0x00, 0x00, 0x78, 0x87, 0x00, 0x00, 0x00, 0x00, 0x78, 0x8f, 0xff, 0xff, 0xff, 0xff, 0xf8,
    0x87, 0x00, 0x00, 0x00, 0x00, 0x78, 0x87, 0x00, 0x00, 0x00, 0x00, 0x78, 0x87, 0x00, 0x00, 0x00,
    0x00, 0x78, 0x87, 0x00, 0x00, 0x00, 0x00, 0x78, 0x8f, 0xff, 0xff, 0xff, 0xff, 0xf8, 0x97, 0x00,
    0x00, 0x00, 0x00, 0x78, 0x00, 0x00, 0x00, 0x00, 0x00, 0x34, 0xdf, 0xff, 0xff, 0xff, 0xff, 0xff,
    0xfd, 0x00, 0x00, 0x02, 0xd0, 0x00, 0x00, 0x00, 0x00, 0x00, 0x0a, 0x60, 0x00, 0x00, 0x00, 0x01,
    0xff, 0xff, 0xff, 0xff, 0xff, 0x20, 0x01, 0xe0, 0x00, 0x00, 0x00, 0x0d, 0x20, 0x01, 0xe0, 0x00,
    0x00, 0x00, 0x0d, 0x20, 0x01, 0xe0, 0x00, 0x00, 0x00, 0x0d, 0x20, 0x01, 0xff, 0xff, 0xff, 0xff,
    0xff, 0x20, 0x01, 0xe0, 0x00, 0x00, 0x00, 0x0d, 0x20, 0x01, 0xe0, 0x00, 0x00, 0x00, 0x0d, 0x20,
    0x01, 0xe0, 0x00, 0x00, 0x00, 0x0d, 0x20, 0x01, 0xff, 0xff, 0xff, 0xff, 0xff, 0x20, 0x01, 0xe0,
    0x00, 0x00, 0x00, 0x0d, 0x20, 0x00, 0x00, 0x00, 0x00, 0x00, 0x07, 0x10, 0x00, 0x2d, 0x20, 0x00,
    0x48, 0x00, 0x00, 0x00, 0x5b, 0x00, 0x00, 0x8a, 0x00, 0x00, 0x00, 0x86, 0x00, 0x00, 0xd4, 0x00,
    0x11, 0x5e, 0xff, 0xee, 0x12, 0xff, 0xff, 0xf6, 0x5a, 0x00, 0x0e, 0x19, 0x90, 0x00, 0xc5, 0x4a,
    0x00, 0x0e, 0x3e, 0x20, 0x00, 0xc4, 0x4a, 0x00, 0x0e, 0x67, 0x62, 0x00, 0xc4, 0x4a, 0x00, 0x0e,
    0x10, 0x7a, 0x00, 0xc4, 0x4f, 0xff, 0xff, 0x10, 0x1e, 0x30, 0xd3, 0x4a, 0x00, 0x0e, 0x10, 0x07,
    0x90, 0xd3, 0x4a, 0x00, 0x0e, 0x10, 0x01, 0x10, 0xd3, 0x4a, 0x00, 0x0e, 0x10, 0x00, 0x00, 0xd2,
    0x4f, 0xff, 0xff, 0x10, 0x00, 0x03, 0xf1, 0x5a, 0x00, 0x0e, 0x20, 0x08, 0xed, 0x60, 0x6a, 0x00,
    0x00, 0x00, 0x00, 0x00, 0x00, 0x3f, 0xff, 0xff, 0xff, 0xff, 0xf3, 0x2d, 0x00, 0x00, 0x00, 0x00,
    0xd2, 0x2d, 0x00, 0x00, 0x00, 0x00, 0xd2, 0x2d, 0x00, 0x00, 0x00, 0x00, 0xd2, 0x2f, 0xff, 0xff,
    0xff, 0xff, 0xf2, 0x2d, 0x00, 0x00, 0x00, 0x00, 0xd2, 0x2d, 0x00, 0x00, 0x00, 0x00, 0xd2, 0x2f,
    0xff, 0xff, 0xff, 0xff, 0xf2, 0x2d, 0x00, 0x00, 0x00, 0x00, 0xd2, 0x2d, 0x00, 0x00, 0x00, 0x00,
    0xd2, 0x2d, 0x00, 0x00, 0x00, 0x00, 0xd2, 0x2f, 0xff, 0xff, 0xff, 0xff, 0xf2, 0x3d, 0x00, 0x00,
    0x00, 0x00, 0xd3, 0x00, 0x00, 0x00, 0x00, 0x00, 0x51, 0x00, 0x00, 0x00, 0x09, 0x90, 0x00, 0x00,
    0x00, 0x00, 0x21, 0x10, 0x0a, 0x50, 0x01, 0x12, 0x00, 0x03, 0xff, 0xff, 0xff, 0xff, 0xff, 0xff,
    0x00, 0x00, 0x21, 0x10, 0x0e, 0x10, 0x01, 0x12, 0x00, 0x00, 0x07, 0xff, 0xff, 0xff, 0xff, 0x80,
    0x00, 0x00, 0x07, 0x90, 0x00, 0x00, 0x08, 0x70, 0x00, 0x00, 0x06, 0xff, 0xff, 0xff, 0xff, 0x70,
    0x00, 0x00, 0x06, 0x90, 0x00, 0x00, 0x08, 0x70, 0x00, 0x00, 0x06, 0x90, 0x00, 0x00, 0x08, 0x70,
    0x00, 0x00, 0x06, 0xff, 0xff, 0xff, 0xff, 0x70, 0x00, 0x00, 0x06, 0x90, 0x00, 0x00, 0x08, 0x70,
    0x00, 0x00, 0x06, 0xff, 0xff, 0xff, 0xff, 0x70, 0x00, 0x01, 0x06, 0x90, 0x00, 0x00, 0x08, 0x70,
    0x10, 0x4f, 0xff, 0xff, 0xff, 0xff, 0xff, 0xff, 0xf4, 0x00, 0x24, 0x33, 0x33, 0x45, 0x79, 0xc5,
    0x00, 0x00, 0x6f, 0xff, 0xff, 0xff, 0xfe, 0xca, 0x00, 0x00, 0x4f, 0xff, 0xff, 0xd8, 0x10, 0x00,
    0x00, 0x00, 0x01, 0x10, 0x1d, 0x00, 0x01, 0x11, 0x00, 0x00, 0x0e, 0xff, 0xff, 0xff, 0xff, 0xf5,
    0x00, 0x01, 0x12, 0x10, 0xb5, 0x00, 0x11, 0x22, 0x20, 0x0b, 0xff, 0xff, 0xff, 0xff, 0xff, 0xff,
    0xf3, 0x02, 0x11, 0x1c, 0x88, 0xdf, 0xeb, 0x82, 0x20, 0x00, 0x01, 0xbb, 0x00, 0x00, 0x00, 0xb4,
    0x00, 0x00, 0x4b, 0x5f, 0xff, 0xff, 0xff, 0xf3, 0x00, 0x0a, 0xc1, 0x4b, 0x00, 0x00, 0x00, 0xb3,
    0x00, 0x02, 0x10, 0x4f, 0xff, 0xff, 0xff, 0xf3, 0x00, 0x00, 0x00, 0x4b, 0x00, 0x00, 0x00, 0xb3,
    0x00, 0x00, 0x00, 0x4f, 0xff, 0xff, 0xff, 0xf4, 0x00, 0x00, 0x00, 0x5b, 0x00, 0x00, 0x00, 0xa4,
    0x00, 0xef, 0xff, 0x66, 0xff, 0xff, 0xff, 0x80, 0xd1, 0x08, 0x56, 0x80, 0x00, 0x05, 0x80, 0xd1,
    0x08, 0x56, 0x80, 0x00, 0x05, 0x80, 0xdf, 0xff, 0x56, 0xff, 0xff, 0xff, 0x80, 0xd7, 0x7b, 0x56,
    0x80, 0x0d, 0x10, 0x10, 0xd1, 0x08, 0x56, 0x80, 0x0d, 0x10, 0x00, 0xd1, 0x08, 0x56, 0x80, 0x0b,
    0x20, 0x00, 0xdf, 0xff, 0x56, 0xff, 0xff, 0xff, 0xfb, 0xd1, 0x08, 0x56, 0x80, 0x08, 0x50, 0x00,
    0xd1, 0x08, 0x56, 0x80, 0x05, 0x90, 0x00, 0xdf, 0xff, 0x56, 0x80, 0x31, 0xd0, 0x00, 0xd1, 0x08,
    0x66, 0x88, 0xb0, 0x95, 0x03, 0x71, 0x02, 0x1a, 0xe8, 0x00, 0x1d, 0x7c, 0x00, 0x00, 0x07, 0x40,
    0x00, 0x03, 0xc8, 0x01, 0x00, 0x00, 0x00, 0x00, 0x00, 0x00, 0x00, 0x0e, 0xff, 0xff, 0xf7, 0xff,
    0xff, 0xff, 0x10, 0x00, 0x09, 0x60, 0x11, 0x34, 0x00, 0x0e, 0x00, 0x00, 0x0b, 0x30, 0x00, 0x78,
    0x00, 0x1c, 0x00, 0x00, 0x0c, 0x00, 0x00, 0x85, 0x00, 0x3a, 0x00, 0x00, 0x4f, 0xff, 0xd0, 0x94,
    0x00, 0x58, 0x00, 0x00, 0xa9, 0x00, 0xc0, 0xb2, 0x00, 0x76, 0x11, 0x02, 0xf9, 0x00, 0xc0, 0xdf,
    0xff, 0xff, 0xf3, 0x0c, 0xa9, 0x00, 0xc0, 0x00, 0x00, 0x00, 0xc2, 0x18, 0x59, 0x00, 0xc1, 0x10,
    0x00, 0x11, 0xd1, 0x00, 0x49, 0x00, 0xc9, 0xff, 0xff, 0xf8, 0xd0, 0x00, 0x4f, 0xff, 0xc1, 0x10,
    0x00, 0x13, 0xc0, 0x00, 0x59, 0x00, 0xc0, 0x00, 0x01, 0x18, 0x90, 0x00, 0x34, 0x00, 0x20, 0x00,
    0x0b, 0xea, 0x10, 0x00, 0x00, 0x00, 0x00, 0x00, 0x6c, 0x00, 0x00, 0x01, 0x00, 0x00, 0x02, 0x50,
    0x5a, 0x03, 0x70, 0x0a, 0xff, 0xff, 0xe4, 0xb0, 0x5a, 0x04, 0xb0, 0x01, 0x19, 0x51, 0x13, 0xb0,
    0x5a, 0x04, 0xa0, 0x00, 0x0d, 0x00, 0x03, 0xb0, 0x5a, 0x04, 0xa0, 0x00, 0x59, 0x00, 0x03, 0xb0,
    0x5a, 0x04, 0xa0, 0x01, 0xd9, 0x49, 0x74, 0xff, 0xff, 0xff, 0xb0, 0x09, 0xd7, 0x07, 0x61, 0x11,
    0x5a, 0x00, 0x00, 0x2b, 0x77, 0x07, 0x65, 0x50, 0x5a, 0x01, 0x92, 0x00, 0x67, 0x07, 0x68, 0x70,
    0x5a, 0x00, 0xf0, 0x00, 0x67, 0x07, 0x68, 0x60, 0x5a, 0x00, 0xe0, 0x00, 0x6f, 0xff, 0x68, 0x60,
    0x5a, 0x00, 0xe0, 0x00, 0x77, 0x07, 0x78, 0x60, 0x5a, 0x00, 0xe0, 0x00, 0x87, 0x01, 0x19, 0xff,
    0xff, 0xff, 0xf0, 0x00, 0x00, 0x00, 0x00, 0x00, 0x00, 0x00, 0xf1, 0x0d, 0xff, 0xff, 0x9f, 0xff,
    0xff, 0xff, 0xf2, 0x02, 0x1d, 0x01, 0x11, 0x10, 0xc3, 0x01, 0x20, 0x00, 0x4a, 0x00, 0x02, 0x10,
    0xc3, 0x01, 0x10, 0x00, 0x95, 0x00, 0x0e, 0x4a, 0xf5, 0x9e, 0x60, 0x01, 0xef, 0xff, 0x1e, 0x00,
    0xc3, 0x09, 0x50, 0x07, 0xf3, 0x0d, 0x1e, 0xff, 0xff, 0xff, 0x50, 0x3c, 0xd3, 0x0d, 0x1e, 0x00,
    0xc2, 0x09, 0x50, 0x00, 0xc3, 0x0d, 0x1f, 0xff, 0xff, 0xff, 0x60, 0x00, 0xc3, 0x0d, 0x15, 0x00,
    0xe0, 0x01, 0x10, 0x00, 0xcf, 0xff, 0x1c, 0x53, 0xb0, 0x00, 0x00, 0x00, 0xc3, 0x0d, 0x12, 0xdc,
    0x50, 0x00, 0x00, 0x00, 0x71, 0x02, 0x01, 0xaa, 0xe8, 0x42, 0x00, 0x00, 0x00, 0x04, 0x9d, 0x50,
    0x2a, 0xff, 0xf4, 0x00, 0x00, 0x0b, 0x81, 0x00, 0x00, 0x16, 0x90, 0x00, 0x00, 0x00, 0x00, 0x06,
    0xa0, 0x00, 0x00, 0x01, 0x00, 0x00, 0x00, 0x1e, 0x50, 0x00, 0x00, 0x07, 0xff, 0xff, 0xf4, 0xbf,
    0xff, 0xf9, 0x00, 0x00, 0x05, 0x80, 0x2c, 0xe2, 0x03, 0x90, 0x00, 0x00, 0x09, 0x10, 0x49, 0xcd,
    0xff, 0xec, 0x90, 0x00, 0x5f, 0xff, 0x91, 0xc0, 0x2c, 0x00, 0xe0, 0x03, 0xea, 0x04, 0x91, 0xc0,
    0x2c, 0x00, 0xe0, 0x0c, 0xca, 0x04, 0x91, 0xff, 0xff, 0xff, 0xf0, 0x02, 0x5a, 0x04, 0x91, 0xc0,
    0x2c, 0x00, 0xe0, 0x00, 0x4a, 0x04, 0x92, 0xc0, 0x2c, 0x00, 0xe0, 0x00, 0x4f, 0xff, 0x93, 0xff,
    0xff, 0xff, 0xf0, 0x00, 0x5a, 0x04, 0x96, 0x90, 0x2c, 0x00, 0xe0, 0x00, 0x37, 0x01, 0x3c, 0x50,
    0x3d, 0x00, 0xe0, 0x00, 0x00, 0x00, 0x6d, 0x10, 0x00, 0x11, 0xe0, 0x00, 0x00, 0x00, 0x75, 0x00,
    0x00, 0xae, 0x90, 0x01, 0x00, 0x00, 0x00, 0x00, 0xc4, 0x00, 0x00, 0x0e, 0xff, 0xff, 0x8c, 0x00,
    0xc2, 0x08, 0x70, 0x01, 0x0c, 0x11, 0x2b, 0x00, 0xc2, 0x08, 0x60, 0x00, 0x1a, 0x00, 0x2f, 0xff,
    0xff, 0xff, 0x60, 0x00, 0x73, 0x00, 0x02, 0x21, 0x00, 0x00, 0x00, 0x01, 0xef, 0xfb, 0x00, 0xa6,
    0x00, 0x00, 0x00, 0x0b, 0xf0, 0x3b, 0xdf, 0xff, 0xff, 0xff, 0xf5, 0x5b, 0xe0, 0x3b, 0x00, 0xd2,
    0x39, 0x00, 0x00, 0x00, 0xe0, 0x3b, 0x02, 0xbd, 0x48, 0x06, 0x50, 0x00, 0xe0, 0x3b, 0x06, 0xb9,
    0x5b, 0x1c, 0x10, 0x00, 0xff, 0xfb, 0x0b, 0x21, 0x7d, 0x53, 0x00, 0x00, 0xe0, 0x3b, 0x4b, 0x00,
    0xc4, 0xc0, 0x00, 0x00, 0xa0, 0x01, 0xd3, 0x08, 0x70, 0x8a, 0x00, 0x00, 0x00, 0x0b, 0x82, 0xa8,
    0x00, 0x09, 0xc3, 0x00, 0x00, 0x03, 0x1b, 0x50, 0x00, 0x00, 0x61, 0x00, 0x1f, 0xff, 0xff, 0xff,
    0xff, 0xf8, 0x00, 0x00, 0x01, 0x10, 0x00, 0x00, 0x01, 0x11, 0x00, 0x00, 0x00, 0x00, 0x00, 0x00,
    0x00, 0x00, 0x00, 0x01, 0x11, 0x00, 0x00, 0x00, 0x00, 0x01, 0x11, 0x0c, 0xff, 0xff, 0xff, 0xff,
    0xff, 0xff, 0xf5, 0x01, 0x11, 0x00, 0x03, 0xc0, 0x00, 0x01, 0x11, 0x00, 0x00, 0x21, 0x03, 0xc0,
    0x02, 0x00, 0x00, 0x00, 0x00, 0xca, 0x03, 0xc0, 0x4d, 0x20, 0x00, 0x00, 0x07, 0xc0, 0x03, 0xc0,
    0x05, 0xd2, 0x00, 0x00, 0x4d, 0x20, 0x03, 0xc0, 0x00, 0x5d, 0x10, 0x03, 0xe4, 0x00, 0x03, 0xc0,
    0x00, 0x08, 0xc1, 0x1d, 0x60, 0x00, 0x03, 0xc0, 0x00, 0x00, 0x70, 0x01, 0x00, 0x02, 0x49, 0xb0,
    0x00, 0x00, 0x00, 0x00, 0x00, 0x01, 0xfc, 0x40, 0x00, 0x00, 0x00, 0x00, 0x00, 0xa6, 0x00, 0x00,
    0x88, 0x00, 0x00, 0x01, 0x10, 0x94, 0x11, 0x10, 0x77, 0x01, 0x10, 0x0a, 0xff, 0xff, 0xf8, 0xff,
    0xff, 0xff, 0x80, 0x01, 0x11, 0xda, 0x21, 0x11, 0xdc, 0x11, 0x10, 0x00, 0x0a, 0xc7, 0xc4, 0x0a,
    0x98, 0xb2, 0x00, 0x01, 0xb5, 0x94, 0x24, 0xb4, 0x77, 0x2c, 0x70, 0x0b, 0x52, 0xa5, 0x0b, 0x40,
    0x78, 0x21, 0x60, 0x00, 0x0e, 0xff, 0xff, 0xff, 0xff, 0xd0, 0x00, 0x00, 0x02, 0x11, 0x00, 0x00,
    0x11, 0x20, 0x00, 0x09, 0xff, 0xff, 0xff, 0xff, 0xff, 0xff, 0x70, 0x02, 0x21, 0x10, 0x07, 0x90,
    0x11, 0x12, 0x10, 0x00, 0x00, 0x92, 0x07, 0x90, 0x57, 0x10, 0x00, 0x00, 0x3c, 0x81, 0x07, 0x90,
    0x28, 0xd9, 0x10, 0x0a, 0xc4, 0x01, 0x29, 0x80, 0x00, 0x19, 0x30, 0x01, 0x00, 0x01, 0xec, 0x30,
    0x00, 0x00, 0x00, 0x00, 0x00, 0x04, 0xa0, 0x00, 0x00, 0x00, 0x21, 0x10, 0x00, 0xb5, 0x00, 0x01,
    0x12, 0xcf, 0xff, 0xff, 0xff, 0xff, 0xff, 0xfc, 0x22, 0x61, 0x51, 0x00, 0x2a, 0x36, 0x32, 0x02,
    0xe0, 0x6b, 0xa7, 0xc5, 0x1e, 0x20, 0x02, 0xc0, 0x38, 0xc9, 0xc7, 0x1d, 0x10, 0x02, 0xc1, 0xa5,
    0x00, 0x17, 0x2d, 0x10, 0x02, 0xff, 0xff, 0xff, 0xff, 0xff, 0x10, 0x00, 0x00, 0x00, 0xd3, 0x00,
    0x00, 0x00, 0x0c, 0xff, 0xff, 0xff, 0xff, 0xff, 0xe0, 0x0c, 0x30, 0x0b, 0x20, 0x91, 0x02, 0xd0,
    0x0c, 0x31, 0xb9, 0x67, 0xca, 0x02, 0xd0, 0x0c, 0x33, 0xb8, 0x75, 0x3c, 0x32, 0xd0, 0x0c, 0x30,
    0x00, 0x00, 0x02, 0x24, 0xd0, 0x00, 0x00, 0x00, 0x00, 0x00, 0xde, 0x80, 0x00, 0x01, 0x36, 0xa1,
    0x00, 0x2d, 0x10, 0x00, 0x07, 0xec, 0xe6, 0x31, 0x00, 0x1e, 0x00, 0x00, 0x00, 0x00, 0xd1, 0x00,
    0x00, 0x1e, 0x00, 0x10, 0x00, 0x00, 0xd1, 0x01, 0xbe, 0xff, 0xff, 0xf1, 0x0c, 0xff, 0xff, 0xf8,
    0xd0, 0x1e, 0x00, 0xe1, 0x00, 0x00, 0xe1, 0x02, 0xd0, 0x1e, 0x00, 0xe1, 0x00, 0x05, 0xf3, 0x02,
    0xd0, 0x1e, 0x00, 0xe1, 0x00, 0x0b, 0xfd, 0x32, 0xd0, 0x1e, 0x00, 0xe1, 0x00, 0x3c, 0xd4, 0xe4,
    0xff, 0xff, 0xff, 0xf1, 0x00, 0xb5, 0xd1, 0x22, 0xd0, 0x1e, 0x00, 0xe2, 0x06, 0xc0, 0xd1, 0x01,
    0x50, 0x1e, 0x00, 0x10, 0x0a, 0x30, 0xd1, 0x00, 0x00, 0x1e, 0x00, 0x00, 0x00, 0x00, 0xd1, 0x00,
    0x00, 0x1e, 0x00, 0x00, 0x00, 0x00, 0xd1, 0x00, 0x00, 0x1e, 0x00, 0x00, 0x00, 0x00, 0xe2, 0x00,
    0x00, 0x2f, 0x00, 0x00, 0x00, 0x02, 0x59, 0xc1, 0x00, 0x6a, 0x00, 0x00, 0x08, 0xdc, 0xc5, 0x31,
    0x00, 0x69, 0x00, 0x00, 0x00, 0x04, 0xa0, 0x00, 0x54, 0x69, 0x31, 0x00, 0x01, 0x04, 0xa0, 0x10,
    0xa6, 0x69, 0x69, 0x00, 0x0c, 0xff, 0xff, 0xf3, 0xd1, 0x69, 0x0b, 0x50, 0x01, 0x1f, 0xb0, 0x14,
    0xb0, 0x69, 0x02, 0xd1, 0x00, 0x6c, 0xf7, 0x0b, 0x50, 0x69, 0x00, 0x72, 0x00, 0xc7, 0xbc, 0x54,
    0x00, 0x69, 0x07, 0x40, 0x05, 0xc4, 0xa2, 0xd1, 0x00, 0x69, 0x1e, 0x30, 0x1d, 0x54, 0xa0, 0x10,
    0x00, 0x58, 0xa7, 0x00, 0x2a, 0x04, 0xa0, 0x00, 0x00, 0x08, 0xc0, 0x00, 0x00, 0x04, 0xa0, 0x00,
    0x02, 0xbb, 0x10, 0x00, 0x00, 0x05, 0xb0, 0x36, 0xbd, 0x60, 0x00, 0x00, 0x00, 0x06, 0xc0, 0xab,
    0x61, 0x00, 0x00, 0x00, 0x00, 0x00, 0x00, 0x01, 0x10, 0x00, 0x01, 0x10, 0x05, 0x78, 0xad, 0x57,
    0xff, 0xff, 0xff, 0x50, 0x04, 0x8a, 0xa3, 0x17, 0x70, 0x00, 0x09, 0x50, 0x00, 0x07, 0x70, 0x06,
    0x70, 0x00, 0x09, 0x40, 0x01, 0x07, 0x71, 0x17, 0x70, 0x00, 0x09, 0x50, 0x0e, 0xde, 0xee, 0xb7,
    0xff, 0xff, 0xff, 0x50, 0x00, 0x0b, 0x80, 0x02, 0x10, 0x00, 0x02, 0x20, 0x00, 0x2d, 0xd8, 0x1f,
    0xff, 0xff, 0xff, 0xf1, 0x00, 0x98, 0x7a, 0x62, 0x10, 0x86, 0x01, 0x10, 0x04, 0xa7, 0x71, 0x11,
    0x10, 0x86, 0x01, 0x10, 0x2d, 0x27, 0x70, 0x0a, 0xff, 0xff, 0xff, 0x80, 0x26, 0x07, 0x70, 0x01,
    0x10, 0x86, 0x01, 0x10, 0x00, 0x07, 0x70, 0x11, 0x00, 0x86, 0x00, 0x11, 0x00, 0x07, 0x80, 0xaf,
    0xff, 0xff, 0xff, 0xf8, 0x00, 0x08, 0x80, 0x11, 0x10, 0x00, 0x01, 0x11, 0x00, 0x00, 0x25, 0x10,
    0x4a, 0x00, 0x00, 0x00, 0x09, 0xee, 0xc8, 0x40, 0xc9, 0x30, 0x00, 0x00, 0x00, 0x08, 0x60, 0x09,
    0xff, 0xff, 0xe3, 0x00, 0x01, 0x08, 0x60, 0x8f, 0x40, 0x19, 0x41, 0x10, 0x1f, 0xff, 0xff, 0xa9,
    0xff, 0xff, 0xff, 0x30, 0x01, 0x09, 0x60, 0x11, 0x10, 0x00, 0x0c, 0x30, 0x00, 0x1e, 0xb1, 0x08,
    0xff, 0xff, 0xff, 0x30, 0x00, 0x7f, 0xbb, 0x02, 0x21, 0x00, 0x0c, 0x30, 0x02, 0xda, 0x69, 0x7c,
    0xff, 0xff, 0xfd, 0x30, 0x0b, 0x88, 0x61, 0x11, 0x44, 0xa0, 0x01, 0x00, 0x4c, 0x08, 0x60, 0x64,
    0xc2, 0x98, 0x0c, 0x30, 0x00, 0x08, 0x60, 0xc2, 0xc2, 0x16, 0x23, 0xc2, 0x00, 0x08, 0x75, 0xa0,
    0xb3, 0x00, 0x78, 0x43, 0x00, 0x09, 0x71, 0x20, 0x8d, 0xcc, 0xc2, 0x00, 0x00, 0x00, 0x06, 0x70,
    0x00, 0x00, 0x00, 0x00, 0x00, 0x02, 0xd0, 0x00, 0x00, 0x00, 0x02, 0x10, 0x00, 0x95, 0x00, 0x11,
    0x20, 0x0d, 0xff, 0xff, 0xff, 0xff, 0xff, 0xd0, 0x02, 0x11, 0x00, 0x00, 0x00, 0x11, 0x20, 0x00,
    0x14, 0x00, 0x00, 0x00, 0xb8, 0x00, 0x00, 0x1d, 0x10, 0x00, 0x01, 0xe2, 0x00, 0x00, 0x08, 0x70,
    0x00, 0x05, 0xa0, 0x00, 0x00, 0x01, 0xd0, 0x00, 0x0b, 0x40, 0x00, 0x00, 0x00, 0xa6, 0x00, 0x2c,
    0x00, 0x00, 0x00, 0x00, 0x4c, 0x00, 0x85, 0x00, 0x00, 0x21, 0x00, 0x05, 0x01, 0xd0, 0x00, 0x11,
    0xef, 0xff, 0xff, 0xff, 0xff, 0xff, 0xfd, 0x00, 0xa3, 0x00, 0x00, 0x00, 0x97, 0x00, 0x00, 0x00,
    0x3d, 0x10, 0x00, 0x00, 0x95, 0x00, 0x00, 0x01, 0x07, 0x51, 0x1c, 0x40, 0x85, 0x07, 0x80, 0x0f,
    0xff, 0xff, 0x5b, 0x20, 0x85, 0x06, 0x80, 0x09, 0x20, 0x01, 0x1c, 0xff, 0xff, 0xff, 0x80, 0x01,
    0x10, 0x36, 0x11, 0x00, 0x00, 0x00, 0x11, 0x07, 0x80, 0x5c, 0x7f, 0xff, 0xff, 0xff, 0xf5, 0x02,
    0xc0, 0x86, 0x13, 0x13, 0xa0, 0x02, 0x31, 0x00, 0xd1, 0xb2, 0x2f, 0xff, 0xff, 0xff, 0xc0, 0x00,
    0xa5, 0xc0, 0x2c, 0x0c, 0x18, 0x54, 0xb0, 0x00, 0x15, 0x82, 0x3c, 0x0c, 0x18, 0x54, 0xb0, 0x14,
    0x6c, 0xdc, 0x5c, 0x0c, 0x18, 0x54, 0xb0, 0x1c, 0x84, 0x10, 0x2c, 0x0c, 0x18, 0x54, 0xb0, 0x00,
    0x00, 0x00, 0x2c, 0x05, 0x13, 0x36, 0xb0, 0x00, 0x00, 0x00, 0x2c, 0x00, 0x00, 0x7e, 0x60, 0x00,
    0x03, 0xb1, 0x00, 0x02, 0xc1, 0x00, 0x00, 0x00, 0x0b, 0x40, 0x01, 0x08, 0x70, 0x00, 0x00, 0x00,
    0x7f, 0xff, 0xff, 0x4e, 0xff, 0xff, 0xf0, 0x05, 0xd1, 0x59, 0x00, 0xa7, 0x07, 0xa1, 0x00, 0x1c,
    0x30, 0x0d, 0x23, 0xa0, 0x00, 0x83, 0x00, 0x00, 0x11, 0x23, 0x46, 0x79, 0xbe, 0x70, 0x00, 0x00,
    0xac, 0xa9, 0xad, 0x53, 0x10, 0x00, 0x00, 0x00, 0x00, 0x00, 0x4b, 0x12, 0x34, 0x63, 0x00, 0x04,
    0xbc, 0xce, 0xff, 0xed, 0xcb, 0x94, 0x00, 0x02, 0x64, 0x32, 0x4b, 0x12, 0x34, 0x67, 0x40, 0x0e,
    0xff, 0xff, 0xff, 0xed, 0xcb, 0xa9, 0x50, 0x05, 0x43, 0x21, 0x4b, 0x00, 0x00, 0x00, 0x61, 0x00,
    0x00, 0x00, 0x4d, 0x10, 0x00, 0x15, 0xe2, 0x00, 0x00, 0x00, 0x2c, 0xef, 0xff, 0xec, 0x60, 0x00,
    0x08, 0x60, 0x00, 0x03, 0xa1, 0x00, 0x00, 0x00, 0x1e, 0xff, 0xed, 0x1a, 0xff, 0xed, 0xa0, 0x00,
    0xa5, 0x78, 0x01, 0x4a, 0x0c, 0x40, 0x10, 0x09, 0xb0, 0x0d, 0x30, 0xb2, 0x03, 0xb0, 0x00, 0x08,
    0x22, 0x11, 0x09, 0x80, 0x01, 0x20, 0x00, 0x00, 0x0d, 0xff, 0xff, 0xff, 0xff, 0xf2, 0x00, 0x00,
    0x02, 0x11, 0x08, 0x70, 0x01, 0x20, 0x00, 0x0a, 0x96, 0x42, 0x18, 0x71, 0x13, 0x58, 0xc2, 0x0a,
    0x96, 0x42, 0x10, 0x01, 0x13, 0x58, 0xc2, 0x00, 0x00, 0x00, 0x00, 0x00, 0x4d, 0x00, 0x00, 0x04,
    0xff, 0xff, 0xff, 0xff, 0xff, 0xff, 0x40, 0x00, 0x00, 0x1d, 0x50, 0x00, 0x4c, 0x00, 0x00, 0x00,
    0x00, 0x02, 0xd5, 0x00, 0x4c, 0x00, 0x00, 0x00, 0x00, 0x00, 0x21, 0x10, 0x6b, 0x00, 0x00, 0x00,
    0x00, 0x00, 0x00, 0x7f, 0xd5, 0x00, 0x00, 0x00, 0x01, 0xc2, 0x00, 0x03, 0xb0, 0x00, 0x00, 0x00,
    0x09, 0x80, 0x01, 0x18, 0x80, 0x11, 0x31, 0x00, 0x5f, 0xff, 0xff, 0x5e, 0xff, 0xff, 0xf2, 0x04,
    0xe4, 0x1b, 0x11, 0xb7, 0x08, 0x70, 0x10, 0x09, 0x47, 0x85, 0x92, 0x80, 0x00, 0xc1, 0x00, 0x00,
    0x00, 0xa8, 0x7f, 0xff, 0xff, 0xfc, 0x00, 0x00, 0x56, 0x12, 0x00, 0x00, 0x00, 0x3b, 0x00, 0x00,
    0x77, 0x09, 0xff, 0xff, 0xa0, 0x3b, 0x00, 0x00, 0x77, 0x08, 0x50, 0x03, 0xa0, 0x3b, 0x00, 0x00,
    0x77, 0x08, 0xff, 0xff, 0xa0, 0x3b, 0x00, 0x00, 0x77, 0x08, 0x50, 0x03, 0xa0, 0x3b, 0x00, 0x00,
    0x77, 0x08, 0x50, 0x03, 0xa0, 0x3b, 0x00, 0x00, 0x77, 0x09, 0xff, 0xff, 0xa0, 0x3b, 0x00, 0x00,
    0x87, 0x00, 0x00, 0x00, 0x12, 0x7b, 0x00, 0x00, 0x97, 0x00, 0x00, 0x00, 0x0e, 0xd4, 0x00, 0x00,
    0x08, 0x60, 0x12, 0x01, 0xb2, 0x01, 0x20, 0x00, 0x4f, 0xff, 0xff, 0x08, 0xff, 0xff, 0xf1, 0x06,
    0xd1, 0x3b, 0x04, 0x7b, 0x08, 0x60, 0x10, 0x07, 0x20, 0x0c, 0x15, 0xb2, 0x04, 0x80, 0x00, 0x08,
    0xff, 0xff, 0xff, 0xff, 0xff, 0xff, 0xc0, 0x08, 0x80, 0x00, 0x00, 0x00, 0x00, 0x03, 0xc0, 0x08,
    0x85, 0xff, 0xff, 0xff, 0xff, 0x63, 0xc0, 0x00, 0x04, 0xb0, 0x00, 0x00, 0x09, 0x50, 0x00, 0x00,
    0x04, 0xff, 0xff, 0xff, 0xff, 0x50, 0x00, 0x00, 0x04, 0xb0, 0x00, 0x00, 0x00, 0x00, 0x00, 0x00,
    0x04, 0xff, 0xff, 0xff, 0xff, 0xf3, 0x00, 0x00, 0x04, 0xb0, 0x00, 0x00, 0x00, 0xc3, 0x00, 0x00,
    0x04, 0xb0, 0x00, 0x00, 0x00, 0xc3, 0x00, 0x00, 0x04, 0xff, 0xff, 0xff, 0xff, 0xf3, 0x00, 0x00,
    0x05, 0xb0, 0x00, 0x00, 0x00, 0xa3, 0x00, 0x00, 0x09, 0x70, 0x00, 0x00, 0xc6, 0x00, 0x00, 0x02,
    0x08, 0x65, 0x6f, 0xff, 0xff, 0xff, 0xa0, 0x0a, 0x58, 0x6b, 0x30, 0x00, 0xb4, 0x00, 0x00, 0x02,
    0xc8, 0x77, 0x04, 0xff, 0xff, 0xff, 0x20, 0x01, 0x18, 0x61, 0x00, 0x00, 0xb4, 0x00, 0x00, 0x0e,
    0xff, 0xff, 0x8f, 0xff, 0xff, 0xff, 0xf6, 0x01, 0x1e, 0x71, 0x00, 0x00, 0x00, 0x00, 0x00, 0x00,
    0x5d, 0xc7, 0x05, 0xff, 0xff, 0xff, 0x10, 0x00, 0xb9, 0x68, 0x44, 0xa0, 0x00, 0x0e, 0x00, 0x06,
    0x88, 0x60, 0x04, 0xff, 0xff, 0xff, 0x00, 0x2d, 0x18, 0x60, 0x04, 0xa0, 0x00, 0x0e, 0x00, 0x01,
    0x08, 0x60, 0x04, 0xff, 0xff, 0xff, 0x00, 0x00, 0x08, 0x60, 0x05, 0xa0, 0x00, 0x0e, 0x00, 0x00,
    0x09, 0x60, 0x06, 0xa0, 0x02, 0xda, 0x00, 0x00, 0x0a, 0x80, 0x01, 0x70, 0x00, 0x00, 0x00, 0x00,
    0x09, 0x30, 0x00, 0x00, 0xb0, 0x00, 0x00, 0x01, 0x0c, 0x21, 0x00, 0x00, 0x86, 0x00, 0x00, 0x0c,
    0x1c, 0x1c, 0x7f, 0xff, 0xff, 0xff, 0xf1, 0x06, 0x8c, 0x4a, 0x49, 0x11, 0x49, 0x01, 0x20, 0x02,
    0x5c, 0xa3, 0x5a, 0xaf, 0xff, 0xff, 0x61, 0x2f, 0xff, 0xff, 0x7c, 0xff, 0xff, 0xff, 0xf8, 0x00,
    0x1f, 0x21, 0x59, 0x21, 0x49, 0x08, 0x51, 0x00, 0x5f, 0x90, 0x68, 0x9f, 0xff, 0xff, 0x50, 0x00,
    0xbe, 0x69, 0x76, 0x11, 0x49, 0x14, 0x30, 0x02, 0xcc, 0x16, 0x84, 0xef, 0xff, 0xff, 0x70, 0x0a,
    0x6c, 0x10, 0xa2, 0xe1, 0x00, 0x08, 0x70, 0x4e, 0x1c, 0x10, 0xb0, 0xe1, 0x00, 0x08, 0x70, 0x03,
    0x0c, 0x24, 0x70, 0xef, 0xff, 0xff, 0x70, 0x00, 0x0d, 0x39, 0x00, 0xe1, 0x00, 0x07, 0x60, 0x00,
    0x0e, 0x41, 0x00, 0x20, 0x00, 0x00, 0x00, 0x00, 0x00, 0x00, 0x02, 0x35, 0x8b, 0xb0, 0x0c, 0xed,
    0xdc, 0xfc, 0x76, 0x43, 0x30, 0x00, 0x00, 0x09, 0xc3, 0x00, 0x00, 0x00, 0x00, 0x02, 0xb8, 0x00,
    0x01, 0x92, 0x00, 0x00, 0x7f, 0xa8, 0x89, 0x9d, 0x82, 0x00, 0x00, 0x45, 0x43, 0x7d, 0x91, 0x00,
    0x00, 0x00, 0x00, 0x5c, 0x92, 0x01, 0xc2, 0x00, 0x03, 0x9e, 0xc7, 0x67, 0x89, 0xce, 0x20, 0x03,
    0xa8, 0x76, 0x8c, 0x43, 0x25, 0xd1, 0x00, 0x03, 0x30, 0x4b, 0x00, 0x00, 0x40, 0x00, 0x1d, 0x80,
    0x4b, 0x06, 0xa1, 0x00, 0x03, 0xd5, 0x00, 0x4b, 0x00, 0x7d, 0x20, 0x5e, 0x40, 0x11, 0x6b, 0x00,
    0x05, 0xe4, 0x03, 0x00, 0x7f, 0xe7, 0x00, 0x00, 0x44, 0x02, 0x10, 0x00, 0x79, 0x00, 0x01, 0x20,
    0x0f, 0xff, 0xff, 0xff, 0xff, 0xff, 0xf0, 0x02, 0x21, 0x00, 0x67, 0x01, 0x12, 0x20, 0x05, 0xff,
    0xff, 0xff, 0xff, 0xff, 0x40, 0x22, 0x21, 0x00, 0x67, 0x00, 0x12, 0x22, 0xdf, 0xff, 0xff, 0xff,
    0xff, 0xff, 0xfd, 0x21, 0x25, 0x79, 0x72, 0x7d, 0x91, 0x12, 0x02, 0xff, 0xff, 0xff, 0x91, 0x00,
    0x00, 0x00, 0x53, 0x49, 0xb3, 0x00, 0xb2, 0x00, 0x03, 0x7b, 0xe7, 0x33, 0x45, 0xad, 0x10, 0x0a,
    0xca, 0x88, 0xab, 0x55, 0x47, 0xc0, 0x00, 0x02, 0x80, 0x59, 0x0a, 0x91, 0x30, 0x01, 0x7d, 0x50,
    0x59, 0x00, 0x7d, 0x40, 0x4e, 0x81, 0x12, 0x79, 0x00, 0x03, 0xd1, 0x02, 0x00, 0x1e, 0xd5, 0x00,
    0x00, 0x00, 0x01, 0x11, 0x00, 0x4b, 0x00, 0x01, 0x20, 0x08, 0xff, 0xff, 0xff, 0xff, 0xff, 0xd0,
    0x01, 0x11, 0x00, 0x4b, 0x00, 0x11, 0x20, 0x00, 0x00, 0x00, 0x4b, 0x00, 0x00, 0x00, 0x4f, 0xff,
    0xff, 0xff, 0xff, 0xff, 0xfb, 0x4a, 0x00, 0x05, 0xb3, 0x00, 0x00, 0x4b, 0x4a, 0x15, 0xa6, 0x00,
    0x16, 0xc2, 0x4b, 0x00, 0xdf, 0xff, 0xff, 0xf8, 0x20, 0x00, 0x00, 0x67, 0x9c, 0xe9, 0x20, 0x86,
    0x00, 0x08, 0xff, 0xfa, 0x43, 0x44, 0x5d, 0x80, 0x02, 0x43, 0x10, 0x3c, 0x01, 0x00, 0xa3, 0x00,
    0x03, 0xa1, 0x3c, 0x07, 0xc3, 0x00, 0x01, 0x8d, 0x50, 0x3c, 0x00, 0x4d, 0x70, 0x4d, 0x81, 0x01,
    0x4b, 0x00, 0x01, 0xb5, 0x13, 0x00, 0x0e, 0xd7, 0x00, 0x00, 0x00, 0x00, 0x03, 0xb1, 0x00, 0x00,
    0x00, 0x00, 0x00, 0x00, 0x09, 0xa0, 0x01, 0x00, 0x00, 0x01, 0x10, 0x00, 0x2d, 0x10, 0x1f, 0xff,
    0xff, 0xff, 0x80, 0x00, 0x96, 0x06, 0xb2, 0x00, 0xc3, 0x01, 0x10, 0x04, 0xb0, 0x0d, 0x50, 0x00,
    0xc3, 0x00, 0x00, 0x0d, 0xdc, 0xd9, 0x00, 0x00, 0xc3, 0x00, 0x00, 0x02, 0x12, 0xc0, 0x00, 0x00,
    0xc3, 0x00, 0x00, 0x00, 0x0c, 0x30, 0x00, 0x00, 0xc3, 0x00, 0x00, 0x00, 0xa7, 0x00, 0x20, 0x00,
    0xc3, 0x00, 0x00, 0x0a, 0xfb, 0xdd, 0x90, 0x00, 0xc3, 0x00, 0x00, 0x05, 0x53, 0x00, 0x00, 0x00,
    0xc3, 0x00, 0x00, 0x00, 0x00, 0x04, 0x82, 0x00, 0xc3, 0x00, 0x00, 0x06, 0x9c, 0xeb, 0x82, 0x00,
    0xc3, 0x00, 0x10, 0x0a, 0x84, 0x00, 0x8f, 0xff, 0xff, 0xff, 0xf2, 0x00, 0x0a, 0x50, 0x00, 0x02,
    0xa2, 0x00, 0x00, 0x00, 0x1e, 0x20, 0x00, 0x02, 0xd0, 0x00, 0x00, 0x00, 0x78, 0x00, 0x11, 0x02,
    0xc0, 0x01, 0x00, 0x01, 0xc1, 0x1b, 0x8f, 0xff, 0xff, 0xff, 0x30, 0x09, 0x70, 0x7a, 0x11, 0x12,
    0xc0, 0x01, 0x00, 0x2f, 0xee, 0xc1, 0x06, 0x12, 0xc0, 0x27, 0x00, 0x02, 0x09, 0x20, 0x0e, 0x02,
    0xc0, 0x3c, 0x00, 0x01, 0xa4, 0x23, 0x0e, 0x02, 0xc0, 0x3c, 0x00, 0x0a, 0xdb, 0x98, 0x0e, 0x01,
    0xff, 0xfc, 0x00, 0x00, 0x00, 0x00, 0x03, 0x31, 0xe6, 0x7c, 0x00, 0x00, 0x00, 0x00, 0x10, 0x02,
    0xc0, 0x02, 0x00, 0x14, 0x57, 0xad, 0x60, 0x02, 0xc0, 0x00, 0x71, 0x1d, 0xa6, 0x20, 0x00, 0x02,
    0xe1, 0x03, 0xe2, 0x00, 0x00, 0x00, 0x00, 0x00, 0xbf, 0xfe, 0x60, 0x00, 0x06, 0x90, 0x00, 0x2d,
    0x23, 0x00, 0x00, 0x00, 0x0c, 0x50, 0x00, 0x1e, 0x08, 0xb1, 0x00, 0x00, 0x69, 0x02, 0x20, 0x0e,
    0x00, 0x66, 0x00, 0x02, 0xc1, 0x08, 0xc1, 0x0e, 0x24, 0x7a, 0x00, 0x1c, 0xa7, 0x7d, 0x6a, 0xcf,
    0xb8, 0x64, 0x00, 0x08, 0x76, 0xe3, 0x33, 0x1e, 0x00, 0x00, 0x00, 0x00, 0x08, 0x70, 0x00, 0x0d,
    0x24, 0x7a, 0x80, 0x00, 0x6a, 0x00, 0x59, 0xbf, 0xb8, 0x53, 0x10, 0x07, 0xf9, 0x9b, 0x65, 0x2a,
    0x50, 0x3b, 0x10, 0x09, 0x86, 0x42, 0x00, 0x07, 0x82, 0xd7, 0x00, 0x00, 0x00, 0x00, 0x10, 0x03,
    0xdd, 0x50, 0x00, 0x00, 0x25, 0x8c, 0xb0, 0x29, 0xf6, 0x00, 0x00, 0x1f, 0xd9, 0x63, 0x8c, 0xe7,
    0x4d, 0x20, 0x91, 0x02, 0x00, 0x00, 0x85, 0x00, 0x06, 0xd7, 0xe1, 0x00, 0x00, 0x00, 0x00, 0x00,
    0x00, 0x4a, 0x40, 0x00, 0x06, 0x40, 0x00, 0x00, 0xf2, 0x00, 0x00, 0x00, 0x1e, 0x40, 0x21, 0x00,
    0xe1, 0x01, 0x10, 0x00, 0x68, 0x01, 0xdf, 0xff, 0xff, 0xff, 0xf3, 0x00, 0xc1, 0x0d, 0x61, 0x00,
    0xe1, 0x01, 0x20, 0x09, 0x71, 0x5a, 0x00, 0x00, 0xe1, 0x00, 0x00, 0x1e, 0xfe, 0xe1, 0x00, 0x00,
    0xe1, 0x00, 0x00, 0x02, 0x06, 0x50, 0x8f, 0xff, 0xff, 0xff, 0xb0, 0x00, 0x2a, 0x00, 0x11, 0x10,
    0x00, 0x01, 0x20, 0x02, 0xc4, 0x68, 0x0e, 0xff, 0xff, 0xff, 0x20, 0x0a, 0xa8, 0x64, 0x0d, 0x10,
    0x00, 0x0d, 0x10, 0x00, 0x00, 0x01, 0x1d, 0x10, 0x00, 0x0d, 0x10, 0x06, 0x7a, 0xdc, 0x3d, 0x10,
    0x00, 0x0d, 0x10, 0x09, 0x84, 0x10, 0x0e, 0xff, 0xff, 0xff, 0x10, 0x00, 0x00, 0x00, 0x0f, 0x10,
    0x00, 0x0d, 0x20, 0x00, 0x07, 0x60, 0x00, 0x04, 0xa0, 0x00, 0x00, 0x00, 0x1e, 0x30, 0x00, 0x0a,
    0xa0, 0x00, 0x00, 0x00, 0x68, 0x00, 0x00, 0x3c, 0x95, 0x00, 0x00, 0x01, 0xc0, 0x08, 0x20, 0xc4,
    0x1c, 0x40, 0x00, 0x0a, 0x51, 0x6d, 0x2a, 0x80, 0x02, 0xd6, 0x00, 0x2f, 0xfe, 0xe5, 0xca, 0x10,
    0x00, 0x3c, 0xb1, 0x02, 0x07, 0x54, 0x7a, 0xff, 0xff, 0xf2, 0x40, 0x00, 0x28, 0x00, 0x22, 0x10,
    0x00, 0x21, 0x10, 0x00, 0xa7, 0x97, 0xff, 0xff, 0xff, 0xff, 0xb0, 0x0c, 0xfe, 0xb6, 0x21, 0x3d,
    0x00, 0x11, 0x20, 0x05, 0x10, 0x00, 0x00, 0x96, 0x00, 0x00, 0x00, 0x00, 0x00, 0x36, 0x12, 0xd0,
    0x07, 0x40, 0x00, 0x2c, 0xdd, 0xa8, 0x2a, 0x70, 0x02, 0xd2, 0x00, 0x05, 0x20, 0x00, 0x7f, 0xba,
    0xba, 0xbc, 0x00, 0x00, 0x00, 0x00, 0x24, 0x21, 0x00, 0x0a, 0x30, 0x00, 0x09, 0x50, 0x00, 0x09,
    0x60, 0x00, 0x00, 0x00, 0x2e, 0x20, 0x11, 0x03, 0xe1, 0x01, 0x10, 0x00, 0x86, 0x00, 0xcf, 0xff,
    0xff, 0xff, 0xd0, 0x01, 0xc0, 0x1d, 0x41, 0x1c, 0x50, 0x01, 0x20, 0x09, 0x50, 0x9a, 0x00, 0x6a,
    0x03, 0x20, 0x00, 0x3f, 0xfe, 0xe1, 0x02, 0xd1, 0x04, 0xc1, 0x00, 0x03, 0x08, 0x70, 0x1c, 0x40,
    0x01, 0x8a, 0x00, 0x00, 0x3c, 0x00, 0xae, 0xe9, 0x6f, 0x9c, 0x60, 0x00, 0xc4, 0x00, 0x00, 0xb3,
    0x0e, 0x02, 0x30, 0x09, 0xea, 0xcc, 0x00, 0xb3, 0x0e, 0x00, 0x00, 0x04, 0x52, 0x10, 0x00, 0xd1,
    0x0e, 0x00, 0x00, 0x00, 0x00, 0x01, 0x14, 0xc0, 0x0e, 0x00, 0x00, 0x16, 0x77, 0x89, 0x6e, 0x30,
    0x0e, 0x11, 0xb3, 0x02, 0x00, 0x06, 0xf6, 0x00, 0x0a, 0xff, 0xb1, 0x00, 0x00, 0x00, 0x80, 0x00,
    0x00, 0x00, 0x00, 0x00, 0x09, 0x60, 0x00, 0x00, 0x2d, 0x00, 0x00, 0x00, 0x1e, 0x20, 0x68, 0x50,
    0x1c, 0x06, 0x70, 0x00, 0x67, 0x01, 0x78, 0x96, 0x1c, 0x0d, 0x30, 0x00, 0xb1, 0x1e, 0x98, 0x2d,
    0x2c, 0x5a, 0x00, 0x06, 0x60, 0x89, 0x78, 0x17, 0x3c, 0x72, 0x00, 0x1f, 0xff, 0xe1, 0x7a, 0xff,
    0xff, 0xff, 0xc0, 0x01, 0x08, 0x60, 0x78, 0x12, 0xcc, 0x01, 0x10, 0x00, 0x2b, 0x00, 0x78, 0x07,
    0x8c, 0x82, 0x00, 0x00, 0xb3, 0x01, 0x78, 0x0d, 0x3c, 0x5c, 0x10, 0x08, 0xeb, 0xda, 0x78, 0x7a,
    0x1c, 0x09, 0x90, 0x05, 0x63, 0x00, 0x79, 0xe3, 0x2d, 0x01, 0xb1, 0x00, 0x00, 0x38, 0x78, 0x40,
    0x3e, 0x00, 0x00, 0x19, 0xbe, 0xb8, 0x78, 0x00, 0x14, 0x00, 0x00, 0x09, 0x51, 0x00, 0x8f, 0xff,
    0xff, 0xff, 0xf2, 0x00, 0x05, 0x40, 0x00, 0x01, 0xf1, 0x00, 0x00, 0x00, 0x0c, 0x60, 0x01, 0x01,
    0xe0, 0x01, 0x10, 0x00, 0x2c, 0x00, 0x4f, 0xff, 0xff, 0xff, 0x80, 0x00, 0x94, 0x04, 0x13, 0x11,
    0xe0, 0x01, 0x10, 0x02, 0xb0, 0x4d, 0x8f, 0xff, 0xff, 0xee, 0xc1, 0x0d, 0xa8, 0xc3, 0x02, 0x30,
    0x01, 0x07, 0x90, 0x06, 0x58, 0x90, 0x02, 0xa9, 0x2f, 0x2b, 0x10, 0x00, 0x0b, 0x10, 0x5a, 0x35,
    0x2d, 0x00, 0x00, 0x00, 0x85, 0x00, 0x02, 0xb2, 0x4a, 0x00, 0x00, 0x07, 0xd6, 0x97, 0x67, 0x66,
    0xaa, 0x67, 0x72, 0x06, 0x85, 0x31, 0x66, 0x55, 0xe6, 0x56, 0x62, 0x00, 0x00, 0x15, 0x10, 0x07,
    0x97, 0x90, 0x00, 0x18, 0xac, 0xb8, 0x10, 0x6c, 0x10, 0x7b, 0x10, 0x07, 0x40, 0x00, 0x4b, 0xa1,
    0x00, 0x07, 0xa0, 0x00, 0x00, 0x02, 0xc5, 0x00, 0x00, 0x00, 0x10, 0x00, 0x07, 0x80, 0x11, 0x00,
    0x00, 0x11, 0x00, 0x00, 0x0d, 0x30, 0x7f, 0xff, 0xff, 0xfa, 0x00, 0x00, 0x78, 0x00, 0x11, 0x00,
    0x00, 0x59, 0x00, 0x01, 0xc1, 0x27, 0x0e, 0xff, 0xff, 0xf8, 0x00, 0x0b, 0x61, 0x9b, 0x00, 0x00,
    0x00, 0x68, 0x00, 0x1f, 0xfe, 0xe1, 0x10, 0x00, 0x00, 0x77, 0x10, 0x01, 0x08, 0x61, 0xff, 0xff,
    0xff, 0xff, 0xf2, 0x00, 0x3b, 0x00, 0x51, 0x00, 0xe0, 0x04, 0x70, 0x01, 0xc3, 0x01, 0x6c, 0x10,
    0xe0, 0x2d, 0x60, 0x0a, 0xeb, 0xd9, 0x06, 0xa1, 0xe5, 0xc2, 0x00, 0x03, 0x31, 0x00, 0x00, 0x4a,
    0xec, 0x30, 0x00, 0x02, 0x46, 0x9c, 0x18, 0xa1, 0xe2, 0xb2, 0x00, 0x2e, 0xa7, 0x37, 0xe7, 0x00,
    0xe0, 0x3d, 0x40, 0x00, 0x00, 0x05, 0x50, 0x44, 0xe0, 0x04, 0xd2, 0x00, 0x00, 0x00, 0x00, 0x9d,
    0x60, 0x00, 0x10, 0x00, 0x05, 0xb1, 0x00, 0x00, 0x00, 0x03, 0x10, 0x00, 0x0d, 0x50, 0x58, 0x77,
    0x78, 0xaa, 0x60, 0x00, 0x78, 0x02, 0x02, 0x04, 0x50, 0x29, 0x10, 0x03, 0xc0, 0x2e, 0x3a, 0x51,
    0xd0, 0x96, 0x00, 0x2e, 0xa8, 0xb8, 0x12, 0x40, 0x36, 0x91, 0x10, 0x0b, 0x99, 0xc0, 0xaf, 0xff,
    0xff, 0xff, 0xb0, 0x00, 0x0c, 0x20, 0x21, 0x68, 0x00, 0x01, 0x20, 0x00, 0x97, 0x02, 0xff, 0xff,
    0xff, 0xff, 0xf3, 0x08, 0xe6, 0x75, 0x10, 0xb3, 0x00, 0x00, 0x10, 0x07, 0x87, 0x53, 0x01, 0xfb,
    0xaa, 0xd8, 0x00, 0x00, 0x00, 0x15, 0x08, 0xa9, 0x00, 0xd1, 0x00, 0x26, 0x8c, 0xc9, 0x3c, 0x18,
    0x7a, 0x50, 0x00, 0x1b, 0x72, 0x03, 0xd3, 0x02, 0xed, 0x20, 0x00, 0x00, 0x00, 0x5e, 0x53, 0x9d,
    0x55, 0xdb, 0x71, 0x00, 0x00, 0x04, 0x2c, 0x71, 0x00, 0x05, 0x80, 0x00, 0x25, 0x00, 0x00, 0x59,
    0x00, 0x00, 0x00, 0x8a, 0x10, 0x21, 0x1d, 0x20, 0x10, 0x01, 0xd1, 0x01, 0xff, 0xff, 0xff, 0xf4,
    0x07, 0x60, 0x83, 0xd0, 0x00, 0x00, 0xa4, 0x3c, 0x13, 0xe3, 0xff, 0xff, 0xff, 0xf5, 0x8f, 0xef,
    0x61, 0xd0, 0x00, 0x00, 0x00, 0x00, 0x2a, 0x01, 0xc0, 0x00, 0x00, 0x00, 0x00, 0x92, 0x02, 0xff,
    0xff, 0xff, 0xfe, 0x04, 0x83, 0x54, 0xe9, 0x2a, 0x2b, 0x0d, 0x4e, 0xff, 0xf6, 0xc9, 0x2a, 0x2b,
    0x0d, 0x37, 0x43, 0x19, 0x9f, 0xff, 0xff, 0xfe, 0x00, 0x02, 0x4c, 0x69, 0x2a, 0x2b, 0x0d, 0x8b,
    0xec, 0x9e, 0x59, 0x3b, 0x2b, 0x0d, 0x55, 0x10, 0x27, 0x69, 0x3b, 0x3c, 0x3a, 0x00, 0xdf, 0xff,
    0xff, 0xff, 0xff, 0xfa, 0x00, 0x0c, 0x20, 0x3a, 0x00, 0xc1, 0x05, 0x90, 0x00, 0xdf, 0xff, 0xff,
    0xff, 0xff, 0xfa, 0x00, 0x11, 0x11, 0x00, 0xc3, 0x00, 0x01, 0x11, 0x0a, 0xff, 0xff, 0xff, 0xff,
    0xff, 0xff, 0x80, 0x11, 0x11, 0x02, 0xd0, 0x00, 0x01, 0x11, 0x00, 0x0b, 0xff, 0xff, 0xff, 0xff,
    0xa0, 0x00, 0x00, 0xbf, 0xff, 0xff, 0xff, 0xfa, 0x00, 0x00, 0x0b, 0x40, 0x00, 0x00, 0x05, 0xa0,
    0x00, 0x00, 0xbf, 0xff, 0xff, 0xff, 0xfa, 0x00, 0x00, 0x0b, 0xff, 0xff, 0xff, 0xff, 0xa0, 0x00,
    0x00, 0xb4, 0x00, 0x00, 0x00, 0x5a, 0x00, 0x0f, 0xff, 0xff, 0xff, 0xff, 0xff, 0xff, 0xf0, 0x00,
    0x01, 0x10, 0x0e, 0x30, 0x20, 0x34, 0x00, 0x00, 0x05, 0xff, 0xff, 0xff, 0xf3, 0xd8, 0x00, 0x00,
    0x01, 0x11, 0x0d, 0x11, 0x4d, 0x50, 0x00, 0x00, 0x00, 0x00, 0x0d, 0x14, 0xc3, 0x00, 0x00, 0x0b,
    0xff, 0xff, 0xff, 0xff, 0xff, 0xff, 0xf4, 0x02, 0x21, 0x00, 0x07, 0xd3, 0x00, 0x12, 0x31, 0x00,
    0x00, 0x03, 0xc9, 0x10, 0x00, 0x11, 0x00, 0x00, 0x04, 0xbf, 0xff, 0xff, 0xff, 0xf6, 0x00, 0x17,
    0xdd, 0x71, 0x1d, 0x00, 0x00, 0x00, 0x00, 0x07, 0x50, 0x00, 0xa6, 0x00, 0x02, 0x50, 0x00, 0x00,
    0x00, 0x02, 0xbe, 0xff, 0xff, 0xc0, 0x00, 0x00, 0x00, 0x00, 0x00, 0x00, 0x04, 0xa0, 0x00, 0x00,
    0x00, 0x00, 0x00, 0x00, 0x1a, 0x60, 0x00, 0x00, 0x00, 0x00, 0x07, 0xfe, 0xd8, 0x00, 0x00, 0x00,
    0x00, 0x00, 0x00, 0x0a, 0x40, 0x00, 0x00, 0x01, 0xff, 0xff, 0x40, 0x06, 0xc0, 0x00, 0x00, 0x00,
    0xd0, 0x0a, 0x40, 0x00, 0xd3, 0x00, 0x00, 0x00, 0xd0, 0x0a, 0x7f, 0xff, 0xff, 0xff, 0xf5, 0x00,
    0xd0, 0x0a, 0x40, 0x49, 0x00, 0x00, 0x00, 0x00, 0xff, 0xff, 0x40, 0x49, 0x00, 0x00, 0x00, 0x00,
    0xd0, 0x0a, 0x40, 0x4f, 0xff, 0xff, 0x10, 0x00, 0xd0, 0x0a, 0x40, 0x49, 0x00, 0x0e, 0x00, 0x01,
    0xff, 0xff, 0x40, 0x59, 0x00, 0x1d, 0x00, 0x02, 0xd0, 0x0a, 0x40, 0x77, 0x00, 0x3c, 0x00, 0x03,
    0xc0, 0x0a, 0x40, 0xb4, 0x00, 0x4a, 0x00, 0x06, 0xa0, 0x0a, 0x43, 0xd0, 0x00, 0x59, 0x00, 0x0c,
    0x64, 0x9e, 0x3c, 0x60, 0x67, 0xc6, 0x00, 0x2c, 0x11, 0x73, 0x4a, 0x00, 0x59, 0x50, 0x00, 0x00,
    0x00, 0x00, 0x00, 0x04, 0xd1, 0x00, 0x00, 0x03, 0xff, 0xf9, 0x21, 0x03, 0xc0, 0x01, 0x20, 0x03,
    0xa0, 0x58, 0xef, 0xff, 0xff, 0xff, 0xf0, 0x03, 0xa0, 0x58, 0x21, 0x03, 0xb0, 0x01, 0x20, 0x03,
    0xff, 0xf8, 0x6f, 0xff, 0xff, 0xff, 0x30, 0x03, 0xa0, 0x58, 0x11, 0x03, 0xa0, 0x0c, 0x30, 0x03,
    0xa0, 0x58, 0x5f, 0xff, 0xff, 0xff, 0x30, 0x03, 0xff, 0xf8, 0x5a, 0x04, 0x90, 0x00, 0x00, 0x03,
    0xa0, 0x58, 0x5f, 0xff, 0xff, 0xff, 0xd0, 0x04, 0x90, 0x58, 0x00, 0x0b, 0xd0, 0x03, 0xc0, 0x04,
    0x80, 0x58, 0x00, 0x2e, 0xa6, 0x05, 0xa0, 0x06, 0x70, 0x58, 0x00, 0xa8, 0x1d, 0x7e, 0x40, 0x09,
    0x50, 0x68, 0x06, 0xd1, 0x06, 0xd3, 0x00, 0x0d, 0x4c, 0xe6, 0x8e, 0x30, 0x00, 0x8e, 0x81, 0x18,
    0x03, 0x24, 0xc2, 0x00, 0x00, 0x06, 0xa0, 0x00, 0x00, 0x00, 0x00, 0x2b, 0x10, 0x00, 0x00, 0x03,
    0xff, 0xff, 0x20, 0x06, 0xc1, 0x00, 0x00, 0x03, 0xc0, 0x0c, 0x20, 0x00, 0x72, 0x00, 0x00, 0x03,
    0xc0, 0x0c, 0x8f, 0xff, 0xff, 0xff, 0xf2, 0x03, 0xff, 0xff, 0x20, 0x44, 0x02, 0xb1, 0x00, 0x03,
    0xc0, 0x0c, 0x21, 0xd4, 0x00, 0x6c, 0x10, 0x03, 0xc0, 0x0c, 0x3b, 0x60, 0x00, 0x07, 0xc0, 0x03,
    0xc0, 0x0c, 0x89, 0x40, 0x01, 0x71, 0x30, 0x03, 0xff, 0xff, 0x20, 0xd3, 0x05, 0xc0, 0x00, 0x03,
    0xb0, 0x0c, 0x20, 0x6a, 0x0a, 0x40, 0x00, 0x04, 0xa0, 0x0c, 0x20, 0x0c, 0x7b, 0x00, 0x00, 0x06,
    0x80, 0x0c, 0x20, 0x03, 0xf7, 0x00, 0x00, 0x09, 0x60, 0x0d, 0x20, 0x2c, 0x8d, 0x81, 0x00, 0x1e,
    0x27, 0xce, 0x38, 0xd4, 0x01, 0xae, 0x81, 0x26, 0x02, 0x42, 0xc7, 0x10, 0x00, 0x04, 0xa0, 0x00,
    0x00, 0x00, 0x03, 0xe2, 0x00, 0x01, 0x00, 0x00, 0xdf, 0xff, 0x92, 0xc0, 0x00, 0x5d, 0x70, 0x00,
    0xd2, 0x05, 0x91, 0xc0, 0x5c, 0x93, 0x00, 0x00, 0xd2, 0x05, 0x91, 0xec, 0x71, 0x00, 0x00, 0x00,
    0xdf, 0xff, 0x91, 0xc0, 0x00, 0x00, 0xb2, 0x00, 0xd2, 0x05, 0x91, 0xe1, 0x00, 0x04, 0xd0, 0x00,
    0xd2, 0x05, 0x90, 0xaf, 0xff, 0xfe, 0x40, 0x00, 0xd6, 0x48, 0x90, 0x41, 0x10, 0x12, 0x20, 0x00,
    0xdf, 0xff, 0x90, 0xff, 0xff, 0xff, 0x50, 0x00, 0xe1, 0x05, 0x90, 0xe0, 0x00, 0x09, 0x50, 0x00,
    0xf0, 0x05, 0x90, 0xef, 0xff, 0xff, 0x50, 0x02, 0xd0, 0x05, 0x90, 0xe0, 0x00, 0x09, 0x50, 0x07,
    0xa0, 0x06, 0x90, 0xe0, 0x00, 0x09, 0x50, 0x1e, 0x40, 0xbe, 0x80, 0xff, 0xff, 0xff, 0x50, 0x04,
    0x00, 0x45, 0x10, 0xe0, 0x00, 0x08, 0x50, 0x00, 0x00, 0x7a, 0x10, 0x00, 0x00, 0x00, 0x01, 0xd2,
    0x00, 0x00, 0x00, 0x2a, 0xce, 0xff, 0xff, 0xfe, 0xb2, 0x3d, 0x00, 0x00, 0x00, 0x00, 0xe3, 0x3d,
    0x00, 0x00, 0x00, 0x00, 0xe3, 0x3d, 0x00, 0x00, 0x00, 0x00, 0xe3, 0x3f, 0xff, 0xff, 0xff, 0xff,
    0xf3, 0x3d, 0x00, 0x00, 0x00, 0x00, 0xe3, 0x3d, 0x00, 0x00, 0x00, 0x00, 0xe3, 0x3f, 0xff, 0xff,
    0xff, 0xff, 0xf3, 0x3d, 0x00, 0x00, 0x00, 0x00, 0xe3, 0x3d, 0x00, 0x00, 0x00, 0x00, 0xe3, 0x3f,
    0xff, 0xff, 0xff, 0xff, 0xf3, 0x3d, 0x00, 0x00, 0x00, 0x00, 0xe4, 0x4d, 0x00, 0x00, 0x00, 0x00,
    0x00, 0x00, 0x00, 0x00, 0x00, 0x01, 0x10, 0x00, 0x00, 0x00, 0x04, 0x90, 0x00, 0x07, 0x90, 0x00,
    0x00, 0x00, 0x0a, 0x30, 0x00, 0x00, 0xd2, 0x00, 0x00, 0x02, 0xff, 0xff, 0x9e, 0xff, 0xff, 0xff,
    0xc0, 0x01, 0xc1, 0x06, 0x90, 0x00, 0x00, 0x00, 0x00, 0x01, 0xc9, 0x46, 0x80, 0x00, 0x00, 0x00,
    0x00, 0x01, 0xc2, 0xb6, 0x80, 0xaf, 0xff, 0xe1, 0x00, 0x11, 0xc0, 0x16, 0x80, 0x94, 0x00, 0xe0,
    0x00, 0x8f, 0xff, 0xff, 0x80, 0x94, 0x00, 0xe0, 0x00, 0x12, 0xc7, 0x26, 0x80, 0x94, 0x00, 0xe0,
    0x00, 0x02, 0xb4, 0xb6, 0x80, 0x94, 0x00, 0xe0, 0x00, 0x04, 0xa0, 0x76, 0x80, 0xb2, 0x00, 0xe0,
    0x00, 0x06, 0x80, 0x06, 0x80, 0xc0, 0x00, 0xe0, 0x53, 0x0b, 0x50, 0x07, 0x85, 0x70, 0x00, 0xe1,
    0xb5, 0x2c, 0x01, 0xdc, 0x79, 0x00, 0x00, 0xcf, 0xb0, 0x00, 0x00, 0x0a, 0x60, 0x00, 0x00, 0x00,
    0x00, 0x00, 0x00, 0x4c, 0x10, 0x00, 0x01, 0x00, 0x00, 0x00, 0x01, 0xdf, 0xff, 0xff, 0xfb, 0x00,
    0x00, 0x00, 0x1c, 0x70, 0x00, 0x04, 0xb1, 0x00, 0x00, 0x01, 0xc7, 0x00, 0x00, 0x4c, 0x10, 0x00,
    0x00, 0x1d, 0x8f, 0xff, 0xff, 0xff, 0xff, 0xf5, 0x00, 0x01, 0x0f, 0x00, 0x04, 0xc0, 0x00, 0xb4,
    0x00, 0x00, 0x0f, 0x00, 0x04, 0xc0, 0x00, 0xb4, 0x00, 0x00, 0x0f, 0x00, 0x04, 0xc0, 0x00, 0xb5,
    0x00, 0x00, 0x0f, 0xff, 0xff, 0xff, 0xff, 0xf5, 0x00, 0x00, 0x0f, 0x00, 0x00, 0x00, 0x00, 0x10,
    0x00, 0x00, 0x0f, 0x00, 0x00, 0x00, 0x00, 0x00, 0xc2, 0x00, 0x0f, 0x40, 0x00, 0x00, 0x00, 0x17,
    0xe1, 0x00, 0x08, 0xef, 0xee, 0xee, 0xef, 0xfd, 0x40, 0x00, 0x00, 0x00, 0x00, 0x00, 0x00, 0x00,
    0x00, 0x00, 0x00, 0xd4, 0x00, 0x5b, 0x00, 0x00, 0x11, 0x00, 0xc2, 0x00, 0x4a, 0x00, 0x11, 0xcf,
    0xff, 0xff, 0xff, 0xff, 0xff, 0xfb, 0x11, 0x00, 0xc2, 0x00, 0x4a, 0x00, 0x11, 0x00, 0x00, 0xc2,
    0x00, 0x4a, 0x00, 0x00, 0x00, 0x00, 0x10, 0x10, 0x00, 0x00, 0x00, 0x00, 0x00, 0x00, 0xb6, 0x00,
    0x00, 0x00, 0x02, 0x21, 0xe1, 0x1c, 0x70, 0x00, 0x00, 0x08, 0x80, 0xe0, 0x01, 0xc3, 0x0b, 0x30,
    0x0c, 0x40, 0xe0, 0x00, 0x10, 0x05, 0xc0, 0x2d, 0x00, 0xe0, 0x00, 0x00, 0x00, 0xb5, 0xa7, 0x00,
    0xe0, 0x00, 0x00, 0x50, 0x4c, 0x41, 0x00, 0xe0, 0x00, 0x01, 0xe1, 0x02, 0x00, 0x00, 0xcd, 0xba,
    0xbd, 0x70, 0x00, 0x00, 0x00, 0x01, 0x23, 0x21, 0x00, 0x00, 0x00, 0x00, 0x5d, 0x00, 0x00, 0xe3,
    0x00, 0x00, 0x02, 0x10, 0x3c, 0x00, 0x00, 0xe2, 0x01, 0x10, 0x1f, 0xff, 0xfc, 0x26, 0x9d, 0xff,
    0xff, 0xf2, 0x02, 0x11, 0x4c, 0x00, 0x00, 0xd2, 0x01, 0x20, 0x00, 0x08, 0xa0, 0x00, 0x2b, 0x10,
    0x00, 0x00, 0x00, 0x3b, 0x13, 0xa1, 0x89, 0x00, 0x13, 0x00, 0x03, 0xc1, 0x1c, 0x71, 0xef, 0xff,
    0xff, 0x00, 0x0a, 0xff, 0xf7, 0x0b, 0x70, 0x00, 0x1e, 0x00, 0x00, 0x05, 0x70, 0x38, 0x24, 0x00,
    0x2d, 0x00, 0x02, 0xab, 0x56, 0x30, 0x2d, 0x40, 0x2c, 0x00, 0x07, 0xb9, 0x76, 0x20, 0x04, 0xe2,
    0x3c, 0x00, 0x00, 0x00, 0x01, 0x40, 0x00, 0x51, 0x4b, 0x00, 0x03, 0x69, 0xcc, 0x60, 0x00, 0x11,
    0x7a, 0x00, 0x0a, 0x84, 0x10, 0x00, 0x00, 0x5e, 0xb2, 0x00, 0x00, 0x00, 0x0c, 0x40, 0x01, 0xe1,
    0x00, 0x00, 0x01, 0x10, 0x0b, 0x20, 0x01, 0xd0, 0x01, 0x20, 0x0e, 0xff, 0xff, 0xff, 0xff, 0xff,
    0xff, 0xf0, 0x01, 0x10, 0x0b, 0x20, 0x01, 0xf4, 0x75, 0x20, 0x00, 0xce, 0xdf, 0xdc, 0xcb, 0xa9,
    0x87, 0x00, 0x00, 0x03, 0x00, 0x2a, 0x10, 0x00, 0xa5, 0x00, 0x00, 0x09, 0xa0, 0x07, 0xc1, 0x06,
    0xc1, 0x00, 0x00, 0x00, 0xa6, 0x01, 0x60, 0x3d, 0x20, 0x00, 0x01, 0x11, 0x10, 0x07, 0xa0, 0x34,
    0x11, 0x20, 0x08, 0xff, 0xff, 0xff, 0xff, 0xff, 0xff, 0xc0, 0x00, 0x00, 0x04, 0xb7, 0x9a, 0x50,
    0x00, 0x00, 0x00, 0x00, 0x8b, 0x16, 0x91, 0xb9, 0x10, 0x00, 0x01, 0x6d, 0x80, 0x06, 0x90, 0x07,
    0xe9, 0x30, 0x1c, 0xb3, 0x00, 0x06, 0x90, 0x00, 0x29, 0xc1, 0x01, 0x00, 0x00, 0x07, 0x90, 0x00,
    0x00, 0x00, 0x01, 0x10, 0x2d, 0x00, 0x03, 0xc0, 0x01, 0x10, 0x0d, 0xff, 0xff, 0xff, 0xff, 0xff,
    0xff, 0xa0, 0x01, 0x10, 0x2c, 0x00, 0x03, 0xb0, 0x01, 0x10, 0x00, 0x00, 0x01, 0x30, 0x0b, 0x20,
    0x00, 0x00, 0x00, 0x19, 0x03, 0xb0, 0x4c, 0x00, 0x00, 0x00, 0x00, 0x1c, 0x03, 0xb0, 0xcf, 0xff,
    0xff, 0x40, 0x00, 0x1c, 0x03, 0xb7, 0xb0, 0x62, 0x01, 0x10, 0x00, 0x1d, 0x03, 0xb9, 0x20, 0x4c,
    0x30, 0x00, 0x00, 0x16, 0x03, 0xb0, 0x00, 0x03, 0xa0, 0x00, 0x00, 0x3f, 0xff, 0xff, 0xff, 0xff,
    0xf4, 0x00, 0x00, 0x3c, 0x00, 0xd1, 0x0d, 0x00, 0xb4, 0x00, 0x00, 0x3c, 0x00, 0xd1, 0x0d, 0x00,
    0xb4, 0x00, 0x01, 0x3c, 0x00, 0xd1, 0x0d, 0x00, 0xb4, 0x10, 0x2f, 0xff, 0xff, 0xff, 0xff, 0xff,
    0xff, 0xf2, 0x01, 0x10, 0x0d, 0x30, 0x0b, 0x50, 0x01, 0x10, 0x0f, 0xff, 0xff, 0xff, 0xff, 0xff,
    0xff, 0xf1, 0x02, 0x11, 0x0c, 0x20, 0x0a, 0x41, 0x81, 0x20, 0x00, 0x00, 0x00, 0x00, 0x00, 0x97,
    0x68, 0x00, 0x09, 0x4a, 0xff, 0xff, 0xff, 0xff, 0xff, 0x90, 0x09, 0x39, 0x40, 0x00, 0x00, 0x76,
    0x02, 0x00, 0x0a, 0xff, 0x4f, 0xff, 0xff, 0x87, 0x1e, 0x20, 0x00, 0x09, 0x4d, 0x0a, 0x31, 0x49,
    0x4a, 0x00, 0x4f, 0xff, 0x3e, 0xff, 0xfc, 0x1c, 0x95, 0x00, 0x08, 0x3b, 0x3d, 0x00, 0x1c, 0x0c,
    0xd0, 0x00, 0x0a, 0x1c, 0x1e, 0xff, 0xfc, 0x0a, 0x80, 0x00, 0x0c, 0x1d, 0x0d, 0x09, 0x30, 0x5e,
    0xb0, 0x00, 0x49, 0x5a, 0x0e, 0xff, 0xff, 0xf3, 0xc3, 0x52, 0x01, 0xd4, 0x00, 0x00, 0x3d, 0x60,
    0x4d, 0xd4, 0x01, 0x40, 0x00, 0x00, 0x03, 0x00, 0x05, 0x80, 0x04, 0xff, 0xff, 0xff, 0xff, 0xff,
    0xff, 0x40, 0x01, 0x23, 0x30, 0x09, 0x60, 0x00, 0x7a, 0x00, 0x00, 0x07, 0xb0, 0x09, 0xff, 0xff,
    0xf4, 0x00, 0x00, 0x1d, 0xb1, 0x09, 0x60, 0x00, 0x10, 0x00, 0x00, 0x97, 0x5c, 0x49, 0x60, 0x00,
    0x00, 0x00, 0x07, 0xc0, 0x03, 0xae, 0xfe, 0xee, 0xee, 0xe1, 0x18, 0x10, 0x00, 0x0a, 0x60, 0x11,
    0x10, 0x00, 0x00, 0x2d, 0xee, 0xff, 0xff, 0xff, 0xd0, 0x00, 0x00, 0x2c, 0x00, 0x0a, 0x50, 0x02,
    0xc0, 0x00, 0x00, 0x2f, 0xff, 0xff, 0xff, 0xff, 0xc0, 0x00, 0x00, 0x28, 0x00, 0x0a, 0x50, 0x01,
    0x30, 0x00, 0x00, 0x00, 0x00, 0x0a, 0x50, 0x02, 0xd2, 0x00, 0x0b, 0xfe, 0xee, 0xff, 0xff, 0xee,
    0xec, 0x00, 0x06, 0x87, 0x65, 0x43, 0x32, 0x11, 0x0a, 0x40, 0x00, 0x09, 0x70, 0x00, 0x00, 0x00,
    0x00, 0x00, 0x00, 0x09, 0x40, 0x1f, 0xff, 0xff, 0xff, 0x80, 0x00, 0x09, 0x41, 0x0d, 0x00, 0xa3,
    0x06, 0x80, 0x09, 0xde, 0xff, 0x4f, 0xff, 0xff, 0xff, 0x80, 0x0a, 0x39, 0x49, 0x4d, 0x00, 0xa3,
    0x06, 0x80, 0x0a, 0x39, 0x49, 0x4f, 0xff, 0xff, 0xff, 0x80, 0x0a, 0x39, 0x49, 0x40, 0x57, 0x13,
    0xd5, 0x00, 0x0a, 0xff, 0xff, 0x4a, 0xff, 0xfe, 0x70, 0x00, 0x0a, 0x39, 0x46, 0x32, 0x28, 0xa2,
    0x47, 0x00, 0x04, 0x19, 0x59, 0x17, 0xd9, 0x66, 0x7e, 0x70, 0x00, 0x09, 0x49, 0x69, 0x76, 0xc7,
    0x43, 0xc3, 0x38, 0x9d, 0xca, 0xc1, 0xa2, 0xa4, 0x79, 0x10, 0x29, 0x52, 0x00, 0x6b, 0x80, 0xa4,
    0x07, 0xc1, 0x00, 0x00, 0x00, 0xb8, 0x00, 0xa4, 0x00, 0x62, 0x00, 0x00, 0x00, 0x10, 0x3f, 0xc2,
    0x00, 0x00, 0x00, 0x00, 0x00, 0x87, 0x00, 0x00, 0x00, 0x00, 0x00, 0x00, 0x01, 0xd4, 0x00, 0x00,
    0x00, 0x00, 0x00, 0x00, 0x08, 0x60, 0x00, 0x00, 0x00, 0x00, 0x00, 0x4f, 0xff, 0xff, 0xff, 0xff,
    0xf4, 0x00, 0x00, 0x4c, 0x00, 0xe0, 0x0d, 0x00, 0xc3, 0x00, 0x00, 0x4c, 0x00, 0xe0, 0x0d, 0x00,
    0xc3, 0x00, 0x00, 0x4c, 0x00, 0xe0, 0x0d, 0x00, 0xc3, 0x00, 0x00, 0x4c, 0x00, 0xe0, 0x0d, 0x00,
    0xc3, 0x00, 0x00, 0x4c, 0x00, 0xe0, 0x0d, 0x00, 0xc3, 0x00, 0x00, 0x4c, 0x00, 0xe0, 0x0d, 0x00,
    0xc3, 0x00, 0x00, 0x4c, 0x00, 0xe0, 0x0d, 0x00, 0xc3, 0x00, 0x01, 0x4c, 0x00, 0xe0, 0x0d, 0x00,
    0xc3, 0x10, 0x2f, 0xff, 0xff, 0xff, 0xff, 0xff, 0xff, 0xf1, 0x00, 0x00, 0xa4, 0x01, 0x00, 0x00,
    0x01, 0x00, 0x00, 0x05, 0xc2, 0x0e, 0xff, 0xff, 0xfe, 0x00, 0x00, 0x4c, 0x10, 0x02, 0x10, 0x00,
    0x12, 0x00, 0x06, 0xd2, 0x00, 0x00, 0x00, 0x00, 0x00, 0x00, 0x08, 0x20, 0x6b, 0x11, 0x00, 0x00,
    0x00, 0x11, 0x00, 0x01, 0xd5, 0xff, 0xff, 0xff, 0xff, 0xf6, 0x00, 0x0a, 0x60, 0x11, 0x00, 0x0d,
    0x10, 0x11, 0x00, 0x9f, 0x40, 0x00, 0x00, 0x0d, 0x10, 0x00, 0x1b, 0xab, 0x40, 0x00, 0x00, 0x0d,
    0x10, 0x00, 0x06, 0x0b, 0x40, 0x00, 0x00, 0x0d, 0x10, 0x00, 0x00, 0x0b, 0x40, 0x00, 0x00, 0x0d,
    0x10, 0x00, 0x00, 0x0b, 0x40, 0x00, 0x00, 0x0d, 0x10, 0x00, 0x00, 0x0b, 0x40, 0x00, 0x00, 0x0d,
    0x10, 0x00, 0x00, 0x0b, 0x40, 0x00, 0x24, 0x5f, 0x10, 0x00, 0x00, 0x0c, 0x40, 0x00, 0x0c, 0xb7,
    0x00, 0x00, 0x00, 0x00, 0x00, 0x07, 0xa0, 0x00, 0x00, 0x00, 0x00, 0x11, 0x00, 0x07, 0x80, 0x00,
    0x11, 0x00, 0x00, 0xff, 0xff, 0xff, 0xff, 0xff, 0xff, 0x40, 0x00, 0x22, 0x11, 0x07, 0x80, 0x01,
    0x22, 0x00, 0x00, 0x6f, 0xff, 0xff, 0xff, 0xff, 0xf9, 0x00, 0x00, 0x11, 0x10, 0x07, 0x80, 0x00,
    0x11, 0x00, 0x01, 0x10, 0x00, 0x07, 0x80, 0x00, 0x01, 0x10, 0x0c, 0xff, 0xff, 0xff, 0xff, 0xff,
    0xff, 0xf2, 0x01, 0x11, 0x03, 0xc1, 0x59, 0x00, 0x55, 0x10, 0x00, 0x00, 0x6e, 0x30, 0x0c, 0x22,
    0xd5, 0x00, 0x00, 0x3b, 0x8c, 0x30, 0x04, 0xdc, 0x30, 0x00, 0x0a, 0xd4, 0x0c, 0x30, 0x00, 0x7c,
    0x20, 0x00, 0x03, 0x10, 0x0c, 0x32, 0x89, 0x06, 0xe7, 0x10, 0x00, 0x00, 0x1e, 0xdd, 0x82, 0x00,
    0x3c, 0xc0, 0x00, 0x00, 0x3b, 0x40, 0x00, 0x00, 0x00, 0x10, 0x00, 0x00, 0x0d, 0x40, 0x00, 0xe4,
    0x00, 0x00, 0x00, 0xb5, 0x0c, 0x31, 0x00, 0xd2, 0x01, 0x10, 0x00, 0x1c, 0x2c, 0x6f, 0xff, 0xff,
    0xff, 0xb0, 0x00, 0x00, 0x2d, 0x31, 0x10, 0xd2, 0x01, 0x10, 0x00, 0x4a, 0xbd, 0x21, 0x10, 0xd2,
    0x11, 0x00, 0x08, 0xc4, 0x0c, 0x28, 0xff, 0xff, 0xfd, 0x00, 0x01, 0x00, 0x0c, 0x39, 0x20, 0x00,
    0x11, 0x00, 0x02, 0x11, 0x00, 0x07, 0x80, 0x00, 0x11, 0x20, 0x0d, 0xff, 0xff, 0xff, 0xff, 0xff,
    0xff, 0xe0, 0x02, 0x11, 0x04, 0xc2, 0x43, 0x00, 0x72, 0x20, 0x00, 0x02, 0x9f, 0x20, 0x2c, 0x18,
    0xb2, 0x00, 0x06, 0xbd, 0x4e, 0x10, 0x05, 0xd9, 0x00, 0x00, 0x05, 0x60, 0x0e, 0x18, 0x50, 0x5d,
    0x61, 0x00, 0x00, 0x00, 0x1f, 0xd8, 0x10, 0x02, 0xaf, 0xa0, 0x00, 0x00, 0x2b, 0x20, 0x00, 0x00,
    0x03, 0x40, 0xbf, 0xff, 0xff, 0xff, 0xff, 0xff, 0xfb, 0x00, 0x00, 0x0e, 0x00, 0xe0, 0x00, 0x00,
    0x00, 0x00, 0x0e, 0x00, 0xe0, 0x00, 0x00, 0x00, 0x00, 0x0e, 0x00, 0xe0, 0x00, 0x00, 0x0c, 0xff,
    0xff, 0xff, 0xff, 0xff, 0xb0, 0x0b, 0x40, 0x0e, 0x00, 0xe0, 0x05, 0xa0, 0x0b, 0x40, 0x3c, 0x00,
    0xe0, 0x05, 0xa0, 0x0b, 0x40, 0x98, 0x00, 0xe0, 0x05, 0xa0, 0x0b, 0x48, 0xd1, 0x00, 0xcc, 0xba,
    0xa0, 0x0b, 0x9b, 0x10, 0x00, 0x13, 0x36, 0xa0, 0x0b, 0x40, 0x00, 0x00, 0x00, 0x05, 0xa0, 0x0b,
    0xff, 0xff, 0xff, 0xff, 0xff, 0xb0, 0x0c, 0x40, 0x00, 0x00, 0x00, 0x05, 0xb0, 0x00, 0x00, 0x00,
    0x00, 0x00, 0x01, 0x20, 0x00, 0x09, 0xff, 0xff, 0xff, 0xff, 0xc0, 0x00, 0x00, 0x09, 0x60, 0x00,
    0x00, 0x04, 0xb0, 0x00, 0x00, 0x09, 0x60, 0x06, 0x70, 0x04, 0xb0, 0x00, 0x00, 0x09, 0x60, 0x08,
    0x80, 0x04, 0xb0, 0x00, 0x00, 0x09, 0x60, 0x08, 0x60, 0x04, 0xb0, 0x00, 0x00, 0x09, 0x60, 0x09,
    0x50, 0x04, 0xb0, 0x00, 0x00, 0x09, 0x60, 0x0b, 0x40, 0x04, 0xb0, 0x00, 0x00, 0x09, 0x60, 0x0e,
    0xc5, 0x04, 0xb0, 0x00, 0x00, 0x0a, 0x60, 0x6c, 0xa4, 0x03, 0xb0, 0x00, 0x00, 0x01, 0x13, 0xe5,
    0xa4, 0x00, 0x00, 0x00, 0x00, 0x00, 0x5e, 0xb0, 0xa4, 0x00, 0x00, 0x51, 0x00, 0x4b, 0xfa, 0x10,
    0xa8, 0x10, 0x03, 0xe4, 0x3d, 0xfe, 0x70, 0x00, 0x5d, 0xff, 0xfe, 0x80, 0x0a, 0x82, 0x00, 0x00,
    0x00, 0x00, 0x00, 0x00, 0x00, 0x05, 0x00, 0x00, 0x00, 0x00, 0x00, 0x00, 0x00, 0x0c, 0x50, 0x09,
    0xff, 0xff, 0xfd, 0x00, 0x01, 0x0b, 0x31, 0x19, 0x50, 0x00, 0x3c, 0x00, 0x0e, 0xff, 0xff, 0x79,
    0x51, 0x41, 0x3c, 0x00, 0x00, 0x0b, 0x31, 0x19, 0x51, 0xf1, 0x3c, 0x00, 0x11, 0x0b, 0x21, 0x19,
    0x50, 0xe0, 0x3c, 0x00, 0x8f, 0xff, 0xff, 0xd9, 0x51, 0xc0, 0x3c, 0x00, 0x00, 0x0d, 0x01, 0x19,
    0x52, 0xb0, 0x3c, 0x00, 0x00, 0x0f, 0x60, 0x0a, 0x54, 0xcc, 0x3d, 0x00, 0x00, 0x3b, 0xa8, 0x01,
    0x19, 0x8c, 0x01, 0x00, 0x00, 0x87, 0x0b, 0x90, 0x2d, 0x3c, 0x00, 0x00, 0x01, 0xe2, 0x01, 0x42,
    0xc4, 0x2c, 0x00, 0x73, 0x0b, 0x80, 0x01, 0x7d, 0x40, 0x2d, 0x02, 0xc3, 0x29, 0x00, 0x08, 0xa1,
    0x00, 0x0c, 0xfe, 0x90, 0x00, 0x11, 0x06, 0x90, 0x0c, 0x20, 0x00, 0x00, 0x00, 0x5b, 0x06, 0x80,
    0x5b, 0x01, 0x12, 0x40, 0x00, 0x49, 0x06, 0x80, 0xdf, 0xff, 0xff, 0xd0, 0x00, 0x49, 0x06, 0x89,
    0xb0, 0x62, 0x00, 0x10, 0x00, 0x4a, 0x06, 0x98, 0x10, 0x5d, 0x80, 0x00, 0x00, 0x25, 0x15, 0x70,
    0x00, 0x01, 0x9a, 0x00, 0x00, 0x0a, 0xff, 0xff, 0xff, 0xff, 0x80, 0x00, 0x00, 0x0a, 0x50, 0x06,
    0x40, 0x07, 0x80, 0x00, 0x00, 0x0a, 0x50, 0x0b, 0x50, 0x07, 0x80, 0x00, 0x00, 0x0a, 0x50, 0x0c,
    0x82, 0x07, 0x80, 0x00, 0x00, 0x0b, 0x50, 0x2b, 0xd0, 0x07, 0x80, 0x00, 0x00, 0x03, 0x10, 0xb4,
    0xc0, 0x00, 0x01, 0x70, 0x00, 0x02, 0x6b, 0x40, 0xd2, 0x00, 0x17, 0xd0, 0x08, 0xb8, 0x40, 0x00,
    0x7d, 0xff, 0xfd, 0x30, 0x00, 0x05, 0x90, 0x00, 0x00, 0x00, 0x00, 0x00, 0x00, 0x0d, 0xff, 0xf4,
    0xbf, 0xff, 0xed, 0x60, 0x00, 0x86, 0x05, 0xb0, 0x00, 0x95, 0x08, 0x60, 0x07, 0xc0, 0x0c, 0x30,
    0x00, 0xc2, 0x08, 0x60, 0x19, 0xcf, 0xff, 0xed, 0x05, 0xa1, 0x2b, 0x50, 0x00, 0xb2, 0x58, 0x0e,
    0x2c, 0x22, 0xb9, 0x10, 0x00, 0xb2, 0x58, 0x0d, 0x02, 0x06, 0x50, 0x00, 0x00, 0xbf, 0xff, 0xfe,
    0x0d, 0x28, 0x50, 0x00, 0x00, 0xb2, 0x58, 0x0d, 0x2f, 0xff, 0xff, 0xb0, 0x00, 0xb6, 0xd9, 0xae,
    0xa5, 0x08, 0x50, 0x00, 0x00, 0xc1, 0x58, 0x0d, 0xef, 0xff, 0xff, 0xf5, 0x00, 0xe0, 0x59, 0x0d,
    0x00, 0x08, 0x50, 0x00, 0x03, 0xc0, 0x69, 0x0d, 0x00, 0x09, 0x60, 0x00, 0x0a, 0x70, 0x01, 0x7d,
    0x00, 0x09, 0x60, 0x00, 0x17, 0x10, 0x00, 0x84, 0x00, 0x0a, 0x70, 0x00, 0x01, 0x05, 0x82, 0xb0,
    0x10, 0xa3, 0x00, 0x00, 0x1f, 0xff, 0xff, 0xff, 0xf3, 0xc0, 0x00, 0x10, 0x00, 0x1b, 0x41, 0xa0,
    0x17, 0xff, 0xff, 0xf0, 0x00, 0xbf, 0xff, 0xff, 0x6d, 0x60, 0x76, 0x10, 0x09, 0xbf, 0xff, 0x6a,
    0x33, 0x86, 0xc1, 0x00, 0x04, 0x56, 0x05, 0x6c, 0x00, 0x4d, 0xa1, 0x00, 0x00, 0x5f, 0xff, 0xf9,
    0x1b, 0x91, 0x4c, 0x80, 0x02, 0x11, 0x00, 0x06, 0x51, 0x00, 0x01, 0x20, 0x4f, 0xff, 0xff, 0xff,
    0xff, 0xff, 0xff, 0xf4, 0x02, 0x1e, 0xff, 0xff, 0xff, 0xff, 0xd1, 0x20, 0x00, 0x0d, 0xff, 0xff,
    0xff, 0xff, 0xd0, 0x00, 0x00, 0x01, 0x10, 0x00, 0x00, 0x01, 0x10, 0x00, 0x00, 0x0f, 0xff, 0xff,
    0xff, 0xff, 0xd0, 0x00, 0x00, 0x0e, 0xff, 0xff, 0xff, 0xff, 0xd0, 0x00, 0x00, 0x0e, 0x00, 0x00,
    0x00, 0x01, 0xe0, 0x00, 0x01, 0x91, 0x00, 0x00, 0x02, 0xe2, 0x00, 0x00, 0x00, 0x8c, 0x10, 0x00,
    0x01, 0xe0, 0x00, 0x00, 0x00, 0x07, 0xc1, 0x00, 0x00, 0xe0, 0x00, 0x00, 0x00, 0x00, 0x71, 0x00,
    0x00, 0xe0, 0x00, 0x00, 0x00, 0x00, 0x00, 0x00, 0x00, 0xe0, 0x00, 0x00, 0x4f, 0xff, 0x57, 0xff,
    0xff, 0xff, 0xff, 0xf4, 0x11, 0x0b, 0x41, 0x11, 0x00, 0xe0, 0x01, 0x21, 0x00, 0x0b, 0x30, 0x00,
    0x00, 0xe0, 0x00, 0x00, 0x00, 0x0b, 0x30, 0x00, 0x00, 0xe0, 0x00, 0x00, 0x00, 0x0b, 0x30, 0x00,
    0x00, 0xe0, 0x00, 0x00, 0x00, 0x0b, 0x30, 0x60, 0x00, 0xe0, 0x00, 0x00, 0x00, 0x0b, 0x4a, 0xa0,
    0x00, 0xe0, 0x00, 0x00, 0x00, 0x0d, 0xe7, 0x00, 0x00, 0xe0, 0x00, 0x00, 0x00, 0x2f, 0x50, 0x00,
    0x01, 0xf0, 0x00, 0x00, 0x00, 0x02, 0x00, 0x00, 0x02, 0xf1, 0x00, 0x00, 0x00, 0x3b, 0x10, 0x00,
    0x08, 0xa0, 0x00, 0x00, 0x00, 0x08, 0xc1, 0x00, 0x07, 0x90, 0x00, 0x00, 0x00, 0x00, 0x97, 0x00,
    0x06, 0x90, 0x00, 0x00, 0x00, 0x00, 0x00, 0x00, 0x06, 0x80, 0x00, 0x00, 0x00, 0x00, 0x00, 0x00,
    0x07, 0x80, 0x00, 0x00, 0x4f, 0xff, 0x40, 0x00, 0x09, 0xb0, 0x00, 0x00, 0x11, 0x0d, 0x20, 0x00,
    0x0b, 0xc1, 0x00, 0x00, 0x00, 0x0d, 0x20, 0x00, 0x0d, 0x57, 0x00, 0x00, 0x00, 0x0d, 0x20, 0x10,
    0x5a, 0x1c, 0x00, 0x00, 0x00, 0x0d, 0x27, 0x80, 0xb3, 0x08, 0x60, 0x00, 0x00, 0x0d, 0x9b, 0x15,
    0xb0, 0x02, 0xd1, 0x00, 0x00, 0x1f, 0xa0, 0x1d, 0x20, 0x00, 0x8b, 0x00, 0x00, 0x3a, 0x03, 0xd5,
    0x00, 0x00, 0x0c, 0xa0, 0x00, 0x00, 0x08, 0x70, 0x00, 0x00, 0x02, 0x70, 0x02, 0xb2, 0x00, 0x00,
    0x84, 0x00, 0x00, 0x00, 0x00, 0x5d, 0x30, 0x00, 0x3d, 0x20, 0x00, 0x00, 0x00, 0x05, 0xb0, 0x00,
    0x07, 0xb0, 0x5a, 0x00, 0x00, 0x00, 0x00, 0x76, 0x00, 0xa1, 0x78, 0x00, 0x8f, 0xff, 0x10, 0x4a,
    0x00, 0x00, 0xb4, 0x00, 0x42, 0x2e, 0x00, 0x1d, 0x00, 0x00, 0xd0, 0x00, 0x00, 0x2d, 0x00, 0x0a,
    0x40, 0x04, 0xa0, 0x00, 0x00, 0x2d, 0x00, 0x04, 0xa0, 0x0a, 0x50, 0x00, 0x00, 0x2d, 0x00, 0x00,
    0xc3, 0x2d, 0x00, 0x00, 0x00, 0x2d, 0x03, 0x00, 0x5c, 0xa5, 0x00, 0x00, 0x00, 0x2d, 0x1d, 0x30,
    0x0b, 0xd0, 0x00, 0x00, 0x00, 0x2d, 0xb7, 0x00, 0x4e, 0xc8, 0x00, 0x00, 0x00, 0x3f, 0x90, 0x06,
    0xe3, 0x1b, 0xb2, 0x00, 0x00, 0x8c, 0x03, 0xbb, 0x20, 0x00, 0x7e, 0xa2, 0x00, 0x02, 0x3c, 0x60,
    0x00, 0x00, 0x02, 0x90, 0x01, 0xb3, 0x00, 0x21, 0x00, 0x00, 0x12, 0x00, 0x00, 0x5e, 0x40, 0xdf,
    0xff, 0xff, 0xfa, 0x00, 0x00, 0x03, 0xd1, 0x21, 0x00, 0x00, 0x59, 0x00, 0x00, 0x00, 0x10, 0x00,
    0x00, 0x00, 0x59, 0x00, 0x00, 0x00, 0x00, 0x00, 0x00, 0x00, 0x59, 0x00, 0x4f, 0xff, 0x00, 0x01,
    0x00, 0x00, 0x59, 0x00, 0x01, 0x1e, 0x00, 0x0e, 0xff, 0xff, 0xfa, 0x00, 0x00, 0x1d, 0x00, 0x0d,
    0x20, 0x00, 0x5a, 0x00, 0x00, 0x1d, 0x00, 0x0d, 0x20, 0x00, 0x01, 0x00, 0x00, 0x1d, 0x01, 0x0d,
    0x20, 0x00, 0x00, 0x00, 0x00, 0x1d, 0x1c, 0x3d, 0x20, 0x00, 0x00, 0x00, 0x00, 0x1e, 0xc8, 0x0d,
    0x20, 0x00, 0x00, 0xa1, 0x00, 0x5f, 0x70, 0x0d, 0x51, 0x00, 0x18, 0xd0, 0x00, 0x38, 0x00, 0x07,
    0xdf, 0xff, 0xec, 0x30, 0x01, 0x50, 0x00, 0x00, 0x08, 0x80, 0x00, 0x00, 0x02, 0xc9, 0x00, 0x00,
    0x0c, 0x90, 0x00, 0x00, 0x00, 0x0a, 0xb1, 0x00, 0x4a, 0xb3, 0x00, 0x00, 0x00, 0x00, 0x60, 0x01,
    0xc2, 0x2c, 0x10, 0x00, 0x00, 0x00, 0x00, 0x0a, 0x70, 0x06, 0xb1, 0x00, 0x7f, 0xfe, 0x00, 0x9d,
    0x60, 0x00, 0x8b, 0x10, 0x21, 0x3c, 0x1c, 0xa7, 0x90, 0x00, 0x57, 0xe2, 0x00, 0x3c, 0x04, 0x07,
    0x80, 0x1a, 0xd4, 0x20, 0x00, 0x3c, 0x00, 0x07, 0x97, 0xc6, 0x00, 0x00, 0x00, 0x3c, 0x00, 0x07,
    0xe6, 0x00, 0x00, 0x00, 0x00, 0x3c, 0x03, 0x57, 0x80, 0x00, 0x00, 0x00, 0x00, 0x3c, 0x7c, 0x37,
    0x80, 0x00, 0x07, 0x40, 0x00, 0x6f, 0xa1, 0x06, 0xc1, 0x00, 0x3e, 0x40, 0x00, 0x96, 0x00, 0x02,
    0xce, 0xff, 0xe7, 0x00, 0x00, 0xa5, 0x00, 0x00, 0x00, 0x00, 0x00, 0x00, 0x00, 0x3d, 0x40, 0x09,
    0xff, 0xff, 0xa0, 0x00, 0x00, 0x03, 0xe1, 0x08, 0x50, 0x06, 0x90, 0x00, 0x00, 0x00, 0x20, 0x0a,
    0x40, 0x06, 0x90, 0x00, 0x00, 0x00, 0x00, 0x0d, 0x10, 0x05, 0xb1, 0x00, 0x5f, 0xff, 0x21, 0xb8,
    0x00, 0x02, 0xdf, 0xf3, 0x11, 0x0f, 0x04, 0x80, 0x00, 0x00, 0x00, 0x00, 0x00, 0x0e, 0x00, 0xbf,
    0xff, 0xff, 0xf8, 0x00, 0x00, 0x0e, 0x00, 0x08, 0x50, 0x00, 0xd2, 0x00, 0x00, 0x0e, 0x00, 0x02,
    0xc0, 0x07, 0x90, 0x00, 0x00, 0x0e, 0x05, 0x70, 0x88, 0x4d, 0x10, 0x00, 0x00, 0x0e, 0x3d, 0x20,
    0x0c, 0xe4, 0x00, 0x00, 0x00, 0x0f, 0xd2, 0x00, 0x6e, 0xd9, 0x10, 0x00, 0x00, 0x3e, 0x33, 0x7d,
    0xb2, 0x08, 0xe9, 0x50, 0x00, 0x02, 0x0a, 0xa4, 0x00, 0x00, 0x29, 0x70, 0x00, 0xa4, 0x00, 0x10,
    0x00, 0x00, 0x01, 0x10, 0x00, 0x3d, 0x60, 0xef, 0xff, 0xff, 0xff, 0xd0, 0x00, 0x03, 0xd1, 0x11,
    0x00, 0xc4, 0x01, 0x10, 0x00, 0x00, 0x10, 0x00, 0x00, 0xc4, 0x00, 0x00, 0x00, 0x00, 0x00, 0x00,
    0x00, 0xc4, 0x00, 0x00, 0x6f, 0xff, 0x30, 0x0f, 0x30, 0xc4, 0x00, 0x00, 0x12, 0x0e, 0x10, 0x0e,
    0x10, 0xcf, 0xff, 0x90, 0x00, 0x0e, 0x00, 0x0e, 0x10, 0xc4, 0x01, 0x10, 0x00, 0x0e, 0x00, 0x0e,
    0x10, 0xc4, 0x00, 0x00, 0x00, 0x0e, 0x01, 0x0e, 0x10, 0xc4, 0x00, 0x00, 0x00, 0x0e, 0x1c, 0x2e,
    0x10, 0xc4, 0x00, 0x00, 0x00, 0x0e, 0xb8, 0x0e, 0x10, 0xc4, 0x00, 0x00, 0x00, 0x0f, 0x81, 0x0e,
    0x10, 0xc4, 0x00, 0x11, 0x00, 0x59, 0x0b, 0xff, 0xff, 0xff, 0xff, 0xf5, 0x00, 0x00, 0x01, 0x10,
    0x00, 0x00, 0x01, 0x11, 0x01, 0x30, 0x00, 0x00, 0x00, 0x98, 0x10, 0x00, 0x02, 0xd5, 0x00, 0x00,
    0x00, 0x86, 0x7a, 0x00, 0x00, 0x2d, 0x51, 0x00, 0x00, 0x86, 0x09, 0x60, 0x00, 0x02, 0x1d, 0xff,
    0xff, 0xff, 0xff, 0xf0, 0x00, 0x00, 0x00, 0x00, 0x00, 0x77, 0x00, 0x10, 0x7f, 0xfe, 0x01, 0x10,
    0x01, 0x78, 0x00, 0x00, 0x21, 0x2c, 0x06, 0xff, 0xff, 0x89, 0x00, 0x00, 0x00, 0x2c, 0x01, 0x19,
    0x61, 0x4a, 0x00, 0x00, 0x00, 0x2c, 0x00, 0x08, 0x50, 0x1d, 0x00, 0x00, 0x00, 0x2c, 0x00, 0x08,
    0x50, 0x0d, 0x20, 0x00, 0x00, 0x2c, 0x00, 0x08, 0x50, 0x09, 0x60, 0x00, 0x00, 0x2c, 0x26, 0x08,
    0x9b, 0x74, 0xc0, 0x10, 0x00, 0x3d, 0xc9, 0xcc, 0x72, 0x00, 0xb7, 0x95, 0x00, 0x8d, 0x32, 0x20,
    0x00, 0x00, 0x2d, 0xe1, 0x00, 0x22, 0x00, 0x00, 0x00, 0x00, 0x01, 0x20, 0x05, 0x91, 0x00, 0x2b,
    0x10, 0x01, 0xa2, 0x00, 0x01, 0xac, 0x10, 0x06, 0xd1, 0x07, 0xa0, 0x00, 0x00, 0x08, 0x11, 0x10,
    0x62, 0x2c, 0x11, 0x20, 0x00, 0x00, 0x06, 0xff, 0xff, 0xff, 0xff, 0xc0, 0x5f, 0xff, 0x11, 0x11,
    0x05, 0x90, 0x01, 0x20, 0x34, 0x2e, 0x00, 0x11, 0x05, 0x90, 0x12, 0x00, 0x00, 0x1e, 0x00, 0x7f,
    0xff, 0xff, 0xff, 0x00, 0x00, 0x1e, 0x00, 0x11, 0x05, 0x90, 0x12, 0x00, 0x00, 0x1e, 0x02, 0x10,
    0x05, 0x90, 0x01, 0x21, 0x00, 0x1e, 0x0d, 0xff, 0xff, 0xff, 0xff, 0xf5, 0x00, 0x1e, 0x05, 0x10,
    0x05, 0x90, 0x01, 0x21, 0x00, 0x2e, 0xac, 0x10, 0x05, 0x90, 0x00, 0x00, 0x00, 0x8f, 0x70, 0x00,
    0x06, 0xa0, 0x00, 0x00, 0x00, 0x24, 0x00, 0x00, 0x07, 0xb0, 0x00, 0x00, 0x03, 0xa1, 0x00, 0x00,
    0x00, 0x00, 0x00, 0x00, 0x00, 0x8c, 0x10, 0xdf, 0xff, 0xff, 0xf9, 0x00, 0x00, 0x08, 0x80, 0xc2,
    0x00, 0x00, 0x69, 0x00, 0x00, 0x00, 0x00, 0xc2, 0x00, 0x00, 0x69, 0x00, 0x6f, 0xfc, 0x00, 0xdf,
    0xff, 0xff, 0xf9, 0x00, 0x33, 0x5b, 0x00, 0x00, 0x00, 0x00, 0x00, 0x00, 0x00, 0x4a, 0x04, 0xff,
    0xff, 0xff, 0xff, 0x30, 0x00, 0x4a, 0x00, 0x00, 0x0b, 0x30, 0x00, 0x00, 0x00, 0x4a, 0x00, 0x00,
    0x0c, 0x20, 0x00, 0x00, 0x00, 0x4a, 0x0c, 0xff, 0xff, 0xff, 0xff, 0x90, 0x00, 0x4a, 0x04, 0x00,
    0x4c, 0xc0, 0x00, 0x00, 0x00, 0x5b, 0xa7, 0x01, 0xc5, 0x6a, 0x00, 0x00, 0x00, 0xaf, 0x70, 0x1b,
    0x90, 0x08, 0xc3, 0x00, 0x00, 0x86, 0x06, 0xe8, 0x00, 0x00, 0x6e, 0xa1, 0x00, 0x00, 0x3c, 0x40,
    0x00, 0x00, 0x02, 0x60, 0x01, 0x80, 0x00, 0x00, 0x07, 0xa0, 0x00, 0x00, 0x00, 0xa8, 0x01, 0x10,
    0x07, 0x80, 0x01, 0x10, 0x00, 0x1d, 0x44, 0xff, 0xff, 0xff, 0xff, 0xa0, 0x00, 0x03, 0x12, 0x31,
    0x06, 0x80, 0x01, 0x10, 0x00, 0x01, 0x0d, 0xff, 0xff, 0xff, 0xee, 0xa0, 0x4f, 0xfa, 0x02, 0x16,
    0x00, 0x10, 0x0a, 0x50, 0x00, 0x49, 0x00, 0x17, 0xc4, 0xb7, 0x2d, 0x00, 0x00, 0x49, 0x01, 0xb5,
    0x13, 0xc2, 0x01, 0x00, 0x00, 0x49, 0x01, 0x29, 0x60, 0xd0, 0x01, 0x11, 0x00, 0x49, 0x0a, 0xff,
    0xff, 0xff, 0xff, 0xf4, 0x00, 0x49, 0x12, 0x11, 0x0a, 0x51, 0x01, 0x21, 0x00, 0x4a, 0xc4, 0x00,
    0x4c, 0x1d, 0x50, 0x00, 0x00, 0x6f, 0x60, 0x04, 0xd2, 0x02, 0xc7, 0x00, 0x00, 0xa7, 0x03, 0x9d,
    0x20, 0x00, 0x1c, 0x70, 0x00, 0x00, 0x0a, 0x81, 0x00, 0x00, 0x01, 0x20, 0x0b, 0x30, 0x00, 0x00,
    0x00, 0x00, 0x00, 0x04, 0xd5, 0x07, 0xff, 0xff, 0xff, 0xfe, 0x00, 0x39, 0x07, 0x80, 0x08, 0x30,
    0x1e, 0x00, 0x00, 0x07, 0x81, 0x0c, 0x21, 0x1d, 0x00, 0x00, 0x07, 0x8c, 0xff, 0xff, 0x2d, 0xff,
    0xf1, 0x07, 0x81, 0x0c, 0x21, 0x1d, 0x21, 0xe0, 0x07, 0x8f, 0xff, 0xff, 0x7d, 0x00, 0xe0, 0x07,
    0x70, 0x00, 0x00, 0x1d, 0x00, 0xe0, 0x08, 0x76, 0xff, 0xfd, 0x1d, 0x00, 0xe0, 0x2a, 0x66, 0x80,
    0x1c, 0x1d, 0x01, 0xeb, 0x6d, 0x36, 0xff, 0xfd, 0x1d, 0x05, 0xf6, 0x4e, 0x00, 0x00, 0x00, 0x1d,
    0x02, 0x61, 0xc8, 0x00, 0x00, 0x02, 0x4d, 0x00, 0x03, 0xa1, 0x00, 0x00, 0x0d, 0xe8, 0x00, 0x00,
    0x0b, 0x30, 0x00, 0x00, 0x00, 0x00, 0x00, 0x00, 0x7f, 0xff, 0xff, 0xfc, 0x00, 0x00, 0x00, 0x02,
    0x90, 0x00, 0x03, 0xe2, 0x00, 0x00, 0x00, 0x1b, 0x20, 0x00, 0x1d, 0x40, 0x00, 0x00, 0x00, 0xb6,
    0x00, 0x00, 0x97, 0x00, 0x00, 0x00, 0x1b, 0xab, 0xff, 0xff, 0xff, 0xff, 0xf7, 0x00, 0x05, 0x1a,
    0x50, 0x03, 0x80, 0x00, 0x87, 0x00, 0x00, 0x0a, 0x50, 0x04, 0xc0, 0x00, 0x87, 0x00, 0x00, 0x0a,
    0x50, 0x04, 0xb0, 0x00, 0x87, 0x00, 0x00, 0x0a, 0x50, 0x05, 0x90, 0x00, 0x87, 0x00, 0x00, 0x0b,
    0x50, 0x0a, 0x50, 0x00, 0x87, 0x00, 0x00, 0x08, 0x30, 0x4d, 0x18, 0x40, 0x55, 0x00, 0x00, 0x00,
    0x18, 0xe4, 0x05, 0xcd, 0x60, 0x00, 0x02, 0x6a, 0xfa, 0x20, 0x00, 0x04, 0xbd, 0x50, 0x03, 0xd8,
    0x20, 0x00, 0x00, 0x00, 0x05, 0xc1, 0x01, 0x10, 0x00, 0x00, 0x00, 0xd3, 0x00, 0x00, 0x05, 0xff,
    0xff, 0xe9, 0x02, 0xd0, 0x00, 0x00, 0x04, 0xb0, 0x00, 0x4a, 0x05, 0x90, 0x00, 0x00, 0x03, 0xb0,
    0x21, 0x4a, 0x09, 0xff, 0xff, 0xf4, 0x03, 0xb0, 0xd4, 0x4a, 0x1d, 0x10, 0x59, 0x00, 0x03, 0xb0,
    0xc2, 0x4a, 0x88, 0x00, 0x68, 0x00, 0x03, 0xb0, 0xc2, 0x4a, 0xc4, 0x10, 0x76, 0x00, 0x03, 0xb0,
    0xc1, 0x4a, 0x09, 0x50, 0x94, 0x00, 0x04, 0xb0, 0xd0, 0x4a, 0x04, 0x90, 0xc2, 0x00, 0x05, 0xa1,
    0xd0, 0x49, 0x00, 0xc2, 0xc0, 0x00, 0x00, 0x06, 0x98, 0x10, 0x00, 0x7d, 0x70, 0x00, 0x00, 0x1d,
    0x26, 0xc2, 0x00, 0x3f, 0x50, 0x00, 0x02, 0xd5, 0x00, 0x6b, 0x03, 0xd6, 0xe5, 0x00, 0x3e, 0x50,
    0x00, 0x03, 0x9e, 0x40, 0x3d, 0xc2, 0x01, 0x00, 0x00, 0x05, 0xa2, 0x00, 0x01, 0x80, 0x01, 0x20,
    0x00, 0x11, 0x00, 0x89, 0x00, 0x00, 0x04, 0xff, 0xff, 0xf6, 0x00, 0x88, 0x00, 0x00, 0x03, 0xb0,
    0x00, 0xa5, 0x00, 0x78, 0x00, 0x11, 0x03, 0xb0, 0x52, 0xa5, 0x00, 0x7f, 0xff, 0xf7, 0x03, 0xb0,
    0xe3, 0xa5, 0x00, 0x78, 0x00, 0x11, 0x03, 0xb0, 0xe0, 0xa5, 0x00, 0x78, 0x00, 0x00, 0x03, 0xb0,
    0xe0, 0xa5, 0x00, 0x78, 0x00, 0x00, 0x03, 0xb0, 0xe0, 0xa5, 0xdf, 0xff, 0xff, 0xa0, 0x03, 0xb1,
    0xd0, 0xa6, 0xc3, 0x00, 0x06, 0x90, 0x04, 0xb5, 0x90, 0xa7, 0xc3, 0x00, 0x06, 0x90, 0x02, 0x4b,
    0x55, 0x00, 0xc3, 0x00, 0x06, 0x90, 0x00, 0x7c, 0x1b, 0x80, 0xc3, 0x00, 0x06, 0x90, 0x1a, 0xd1,
    0x01, 0xc6, 0xcf, 0xff, 0xff, 0xa0, 0x18, 0x10, 0x00, 0x21, 0xd3, 0x00, 0x06, 0xb0, 0x00, 0x00,
    0x00, 0x00, 0x00, 0x00, 0x01, 0x10, 0x00, 0x09, 0xff, 0xff, 0xff, 0xff, 0x80, 0x00, 0x00, 0x08,
    0x70, 0x00, 0x00, 0x09, 0x70, 0x00, 0x00, 0x08, 0x70, 0x00, 0x00, 0x09, 0x70, 0x00, 0x00, 0x08,
    0x70, 0x00, 0x00, 0x09, 0x70, 0x00, 0x00, 0x09, 0xff, 0xff, 0xff, 0xff, 0x80, 0x00, 0x00, 0x01,
    0x11, 0x08, 0x80, 0x11, 0x10, 0x00, 0x00, 0x02, 0x10, 0x08, 0x80, 0x00, 0x10, 0x00, 0x00, 0x08,
    0xc0, 0x08, 0xff, 0xff, 0xf3, 0x00, 0x00, 0x0c, 0x40, 0x08, 0x80, 0x00, 0x00, 0x00, 0x00, 0x4e,
    0xb0, 0x08, 0x80, 0x00, 0x00, 0x00, 0x00, 0xc5, 0x8b, 0x28, 0x80, 0x00, 0x00, 0x00, 0x08, 0xc0,
    0x05, 0xdd, 0xb5, 0x44, 0x55, 0x71, 0x1b, 0x30, 0x00, 0x04, 0x79, 0xab, 0xbb, 0xa0, 0x00, 0x00,
    0x00, 0x00, 0x0c, 0x30, 0x00, 0x00, 0x04, 0xff, 0xff, 0x80, 0x5d, 0x7e, 0xeb, 0x20, 0x03, 0xb0,
    0x06, 0x80, 0xb1, 0x00, 0x6d, 0x00, 0x03, 0xb0, 0x06, 0x89, 0x8a, 0x01, 0xd5, 0x00, 0x04, 0xff,
    0xff, 0x97, 0x05, 0xab, 0xa0, 0x00, 0x00, 0x02, 0xc0, 0x00, 0x02, 0xce, 0x10, 0x00, 0x00, 0x02,
    0xc0, 0x14, 0x9e, 0x95, 0xa6, 0x10, 0x06, 0xa2, 0xff, 0x8a, 0x61, 0x00, 0x03, 0x91, 0x05, 0x82,
    0xc0, 0x00, 0xef, 0xff, 0xfd, 0x00, 0x05, 0x82, 0xc0, 0x00, 0xe0, 0x00, 0x2c, 0x00, 0x05, 0x82,
    0xc0, 0x41, 0xe0, 0x00, 0x2c, 0x00, 0x05, 0xa8, 0xec, 0x91, 0xe0, 0x00, 0x2c, 0x00, 0x4e, 0xa6,
    0x10, 0x00, 0xef, 0xff, 0xfc, 0x00, 0x00, 0x00, 0x00, 0x00, 0xf0, 0x00, 0x2d, 0x00, 0x00, 0x00,
    0x00, 0x00, 0x4a, 0x3e, 0x10, 0x00, 0x07, 0xff, 0xfe, 0x00, 0x5c, 0x1d, 0x00, 0x00, 0x06, 0x80,
    0x1d, 0x10, 0x4b, 0x1d, 0x03, 0x80, 0x06, 0x80, 0x1d, 0x96, 0x3b, 0x1d, 0x0b, 0x90, 0x07, 0xff,
    0xfe, 0x1d, 0x5b, 0x1d, 0x8c, 0x00, 0x00, 0x08, 0x60, 0x05, 0x7b, 0x1d, 0x53, 0x00, 0x01, 0x18,
    0x60, 0x00, 0x3b, 0x1d, 0x00, 0x00, 0x06, 0x98, 0xff, 0x50, 0x8b, 0x1f, 0x71, 0x00, 0x06, 0x88,
    0x60, 0x4c, 0xba, 0x1d, 0x7d, 0x50, 0x06, 0x88, 0x61, 0xc4, 0x69, 0x1d, 0x03, 0xb1, 0x06, 0x88,
    0x61, 0x10, 0x97, 0x1d, 0x00, 0x00, 0x06, 0x88, 0xbe, 0x61, 0xe3, 0x1d, 0x00, 0x10, 0x18, 0xdd,
    0x92, 0x1a, 0xc0, 0x1e, 0x20, 0xa6, 0x5d, 0x71, 0x04, 0xdd, 0x20, 0x09, 0xef, 0xc1, 0x00, 0x00,
    0x01, 0xa2, 0x00, 0x00, 0x00, 0x00, 0x00, 0x0a, 0x60, 0x00, 0x06, 0x70, 0x00, 0x00, 0x11, 0x0d,
    0x10, 0x11, 0x08, 0x80, 0x00, 0x00, 0x6f, 0xff, 0xff, 0xf6, 0x08, 0x70, 0x00, 0x00, 0x11, 0x76,
    0x00, 0x12, 0x08, 0x70, 0x00, 0x00, 0x00, 0xb1, 0x93, 0x0d, 0xff, 0xff, 0xd6, 0x00, 0x02, 0xb0,
    0xc2, 0x00, 0x08, 0x60, 0x87, 0x00, 0x08, 0x60, 0xc3, 0x11, 0x09, 0x50, 0x96, 0x00, 0x0e, 0xff,
    0xff, 0xf7, 0x0a, 0x40, 0x95, 0x00, 0x02, 0x10, 0xc2, 0x00, 0x0c, 0x20, 0xa4, 0x00, 0x00, 0x00,
    0xc2, 0x13, 0x0e, 0x00, 0xb3, 0x00, 0x00, 0x36, 0xed, 0xc5, 0x4c, 0x00, 0xc2, 0x00, 0x3f, 0xd8,
    0xd3, 0x00, 0xc8, 0x00, 0xc2, 0x00, 0x02, 0x00, 0xc3, 0x08, 0xf2, 0x00, 0xd2, 0x62, 0x00, 0x00,
    0xd3, 0x8f, 0x60, 0x00, 0xaf, 0xd1, 0x00, 0x00, 0xe4, 0x38, 0x00, 0x00, 0x00, 0x00, 0x00, 0x00,
    0x00, 0x00, 0x00, 0x10, 0x00, 0x00, 0x00, 0x0a, 0x80, 0x00, 0x00, 0xb9, 0x00, 0x00, 0x01, 0x0e,
    0x20, 0x11, 0x10, 0xd2, 0x01, 0x10, 0x3f, 0xff, 0xff, 0xc8, 0xff, 0xff, 0xff, 0x60, 0x01, 0x67,
    0x00, 0x11, 0x14, 0xa0, 0x01, 0x10, 0x00, 0xb3, 0xb1, 0x00, 0x08, 0x60, 0x00, 0x00, 0x02, 0xb1,
    0xd0, 0x4f, 0xff, 0xff, 0xff, 0xf4, 0x0b, 0x61, 0xd0, 0x20, 0x1d, 0x00, 0x00, 0x00, 0x1e, 0xff,
    0xff, 0xe0, 0x59, 0x00, 0x01, 0x10, 0x01, 0x01, 0xd0, 0x30, 0xcf, 0xff, 0xff, 0x90, 0x00, 0x00,
    0xec, 0xd0, 0x00, 0x00, 0x6c, 0x10, 0x16, 0x9c, 0xe7, 0x30, 0x00, 0x04, 0xd1, 0x00, 0x1b, 0x63,
    0xd0, 0x00, 0x9a, 0x3d, 0x30, 0x00, 0x00, 0x01, 0xd0, 0x00, 0x1a, 0xf8, 0x00, 0x00, 0x00, 0x01,
    0xe0, 0x00, 0x00, 0x5e, 0x70, 0x00, 0x00, 0x02, 0xb0, 0x00, 0x00, 0x04, 0xb0, 0x00, 0x00, 0x06,
    0xb1, 0x01, 0x10, 0x00, 0x00, 0x00, 0x01, 0x0a, 0x50, 0x06, 0xff, 0xff, 0xed, 0x10, 0x2f, 0xff,
    0xff, 0xf4, 0x10, 0x00, 0x99, 0x00, 0x01, 0x4a, 0x00, 0x10, 0x00, 0x04, 0xd1, 0x00, 0x00, 0x94,
    0xb4, 0x00, 0x00, 0x5e, 0x40, 0x00, 0x00, 0xc0, 0xb3, 0x00, 0x19, 0xc5, 0xc9, 0x10, 0x06, 0x90,
    0xb3, 0x18, 0xe7, 0x00, 0x08, 0xd1, 0x0d, 0xff, 0xff, 0xc3, 0x30, 0x00, 0x01, 0x30, 0x02, 0x21,
    0xb3, 0x05, 0xff, 0xff, 0xff, 0x60, 0x00, 0x00, 0xb6, 0x92, 0x10, 0x68, 0x01, 0x10, 0x17, 0x8b,
    0xe9, 0x40, 0x00, 0x68, 0x00, 0x00, 0x0a, 0x61, 0xb3, 0x00, 0x00, 0x68, 0x00, 0x00, 0x00, 0x00,
    0xb4, 0x11, 0x00, 0x68, 0x01, 0x11, 0x00, 0x00, 0xc4, 0x5f, 0xff, 0xff, 0xff, 0xf5, 0x00, 0x00,
    0x00, 0x11, 0x00, 0x00, 0x00, 0x11, 0x00, 0x00, 0x1e, 0x10, 0x08, 0x94, 0x30, 0x00, 0x00, 0x10,
    0x1d, 0x01, 0x18, 0x83, 0xc5, 0x00, 0x05, 0xff, 0xff, 0xff, 0x98, 0x70, 0x17, 0x00, 0x11, 0x00,
    0x1d, 0x01, 0x17, 0x80, 0x01, 0x10, 0x6f, 0xff, 0xff, 0xff, 0xff, 0xff, 0xff, 0xb0, 0x11, 0x12,
    0xe2, 0x00, 0x05, 0x90, 0x22, 0x10, 0x07, 0xff, 0xff, 0xff, 0xf3, 0xa0, 0x7b, 0x00, 0x00, 0x0d,
    0x27, 0x10, 0x01, 0xc0, 0xb3, 0x00, 0x00, 0x78, 0x0e, 0x01, 0x20, 0xe3, 0xc0, 0x00, 0x01, 0xef,
    0xff, 0xff, 0xa0, 0xbc, 0x50, 0x00, 0x00, 0x21, 0x0e, 0x00, 0x00, 0x7d, 0x00, 0x00, 0x04, 0x45,
    0x6e, 0x9b, 0xd1, 0xde, 0x10, 0x00, 0x0a, 0x98, 0x6e, 0x31, 0x1c, 0x67, 0xa0, 0x71, 0x00, 0x00,
    0x0e, 0x03, 0xd8, 0x00, 0xc9, 0xf2, 0x00, 0x00, 0x0c, 0x00, 0x50, 0x00, 0x1a, 0x70, 0x00, 0x06,
    0xb0, 0x00, 0x00, 0x8a, 0x68, 0x00, 0x01, 0x0a, 0x60, 0x10, 0x00, 0x68, 0x1a, 0x70, 0x1f, 0xff,
    0xff, 0xaf, 0xff, 0xff, 0xff, 0xf5, 0x00, 0x3a, 0x00, 0x10, 0x00, 0x68, 0x00, 0x00, 0x00, 0x75,
    0x41, 0x00, 0x00, 0x68, 0x00, 0x00, 0x00, 0xb0, 0xe1, 0x09, 0xff, 0xfd, 0xce, 0xb0, 0x03, 0x90,
    0xe1, 0x08, 0x70, 0x68, 0x03, 0xb0, 0x0c, 0xff, 0xff, 0xd8, 0xff, 0xff, 0xff, 0xb0, 0x05, 0x20,
    0xe1, 0x18, 0x70, 0x68, 0x03, 0xb0, 0x00, 0x00, 0xe1, 0x08, 0x70, 0x68, 0x03, 0xb0, 0x2a, 0xbe,
    0xfa, 0xe8, 0xff, 0xff, 0xff, 0xb0, 0x0a, 0x61, 0xe5, 0x18, 0x70, 0x68, 0x03, 0xb0, 0x00, 0x00,
    0xe1, 0x08, 0x70, 0x78, 0x03, 0xb0, 0x00, 0x00, 0xf1, 0x08, 0x70, 0x79, 0x6c, 0xa0, 0x00, 0x00,
    0xf2, 0x09, 0x70, 0x00, 0x6d, 0x50, 0x00, 0x03, 0xc1, 0x00, 0x00, 0x00, 0x00, 0x00, 0x01, 0x07,
    0x80, 0x01, 0xef, 0xff, 0xfd, 0x00, 0x3f, 0xff, 0xff, 0xf8, 0xd2, 0x00, 0x2d, 0x00, 0x01, 0x1d,
    0x00, 0x11, 0xef, 0xff, 0xfd, 0x00, 0x00, 0x59, 0x21, 0x00, 0x00, 0x00, 0x00, 0x00, 0x00, 0xa3,
    0xc4, 0x4f, 0xff, 0xff, 0xff, 0xf6, 0x03, 0xc0, 0xb4, 0x10, 0xc2, 0x00, 0x1d, 0x00, 0x08, 0xff,
    0xff, 0xf2, 0xcf, 0xff, 0xfd, 0x00, 0x01, 0x10, 0xb4, 0x10, 0xc2, 0x00, 0x1d, 0x00, 0x00, 0x00,
    0xb4, 0x01, 0xcf, 0xff, 0xfd, 0x00, 0x01, 0x5a, 0xfc, 0xd4, 0xc2, 0x00, 0x1d, 0x00, 0x3f, 0xd9,
    0xd5, 0x00, 0xc8, 0x9a, 0xce, 0x84, 0x03, 0x00, 0xb4, 0x3c, 0xed, 0xb9, 0x8e, 0x41, 0x00, 0x00,
    0xc4, 0x14, 0x10, 0x00, 0x1d, 0x00, 0x00, 0x00, 0xd5, 0x00, 0x00, 0x00, 0x1e, 0x00, 0x00, 0x1d,
    0x30, 0x00, 0x01, 0x91, 0x00, 0x00, 0x11, 0x3c, 0x01, 0x10, 0x06, 0xe1, 0x00, 0x00, 0x6f, 0xff,
    0xff, 0x80, 0x2d, 0x4b, 0x20, 0x00, 0x11, 0xa3, 0x01, 0x11, 0xc4, 0x03, 0xc3, 0x00, 0x00, 0xc2,
    0x40, 0x4d, 0x60, 0x00, 0x2c, 0xa2, 0x03, 0x96, 0xa2, 0xc5, 0xdf, 0xff, 0xe0, 0x81, 0x0a, 0x45,
    0x91, 0x11, 0x00, 0x00, 0x16, 0x40, 0x1f, 0xff, 0xff, 0x6f, 0xff, 0x86, 0x4a, 0x50, 0x01, 0x05,
    0x90, 0x49, 0x04, 0x88, 0x49, 0x40, 0x00, 0x05, 0x91, 0x4f, 0xff, 0x88, 0x49, 0x40, 0x01, 0x39,
    0xeb, 0x69, 0x04, 0x88, 0x49, 0x40, 0x7d, 0x99, 0x90, 0x4f, 0xff, 0x89, 0x49, 0x40, 0x00, 0x06,
    0x90, 0x49, 0x04, 0x83, 0x29, 0x40, 0x00, 0x06, 0xa0, 0x49, 0x04, 0x81, 0x1a, 0x40, 0x00, 0x07,
    0xb0, 0x49, 0x5e, 0x50, 0xec, 0x10, 0x00, 0x10, 0x00, 0x00, 0x5c, 0x00, 0x00, 0x00, 0x05, 0xd2,
    0x00, 0x00, 0x4a, 0x00, 0x00, 0x00, 0x00, 0x4d, 0x40, 0x10, 0x49, 0x00, 0x01, 0x00, 0x00, 0x04,
    0x74, 0xff, 0xff, 0xff, 0xfc, 0x00, 0x01, 0x00, 0x00, 0x10, 0x58, 0x00, 0x3c, 0x00, 0x3f, 0xff,
    0x10, 0x00, 0x66, 0x00, 0x4b, 0x00, 0x00, 0x0e, 0x10, 0x00, 0x95, 0x00, 0x4a, 0x00, 0x00, 0x0e,
    0x00, 0x00, 0xc1, 0x00, 0x59, 0x00, 0x00, 0x0e, 0x00, 0x02, 0xc0, 0x00, 0x59, 0x00, 0x00, 0x0e,
    0x00, 0x0a, 0x60, 0x00, 0x68, 0x00, 0x00, 0x0e, 0x00, 0x5d, 0x00, 0x37, 0xd6, 0x00, 0x00, 0x4e,
    0x11, 0xd4, 0x00, 0x29, 0x50, 0x00, 0x07, 0xb6, 0xc4, 0x10, 0x00, 0x00, 0x00, 0x00, 0x1a, 0x10,
    0x17, 0xaa, 0xaa, 0xbb, 0xcd, 0xe1, 0x04, 0x10, 0x00, 0x00, 0x00, 0x07, 0xb0, 0x00, 0x08, 0xc2,
    0x00, 0x00, 0x00, 0x07, 0x80, 0x00, 0x00, 0x7d, 0x20, 0x00, 0x00, 0x07, 0x80, 0x00, 0x00, 0x08,
    0x4a, 0xff, 0xff, 0xff, 0xff, 0xd0, 0x01, 0x00, 0x00, 0x31, 0x00, 0x07, 0x80, 0x00, 0x2f, 0xff,
    0x60, 0x8b, 0x00, 0x07, 0x80, 0x00, 0x00, 0x0a, 0x50, 0x0b, 0x80, 0x07, 0x80, 0x00, 0x00, 0x0a,
    0x50, 0x02, 0xe3, 0x07, 0x80, 0x00, 0x00, 0x0a, 0x50, 0x00, 0x52, 0x07, 0x80, 0x00, 0x00, 0x0a,
    0x50, 0x00, 0x00, 0x07, 0x80, 0x00, 0x00, 0x0a, 0x50, 0x00, 0x00, 0x07, 0x80, 0x00, 0x02, 0xbf,
    0xd5, 0x00, 0x05, 0x6c, 0x70, 0x00, 0x1e, 0x90, 0x3a, 0xda, 0x8c, 0xff, 0x9a, 0xc2, 0x04, 0x00,
    0x00, 0x15, 0x78, 0x99, 0x98, 0x80, 0x00, 0x00, 0x01, 0x10, 0x00, 0x00, 0x01, 0x10, 0x06, 0x80,
    0x3f, 0xff, 0xff, 0xff, 0xff, 0xc0, 0x01, 0xd4, 0x01, 0x04, 0xb0, 0x00, 0x01, 0x10, 0x00, 0x3d,
    0x10, 0x04, 0xa0, 0x00, 0x00, 0x00, 0x00, 0x05, 0x00, 0x05, 0xa0, 0x00, 0x00, 0x00, 0x01, 0x00,
    0x00, 0x05, 0xff, 0xff, 0xf7, 0x00, 0x3f, 0xfe, 0x00, 0x07, 0x70, 0x00, 0x96, 0x00, 0x00, 0x1d,
    0x00, 0x0a, 0x40, 0x00, 0xa5, 0x00, 0x00, 0x1d, 0x00, 0x1d, 0x00, 0x00, 0xb4, 0x00, 0x00, 0x1d,
    0x00, 0x79, 0x00, 0x00, 0xc3, 0x00, 0x00, 0x1d, 0x02, 0xe2, 0x02, 0x24, 0xe1, 0x00, 0x00, 0x2d,
    0x1c, 0x70, 0x05, 0xdc, 0x70, 0x00, 0x06, 0xb6, 0xb5, 0x00, 0x00, 0x00, 0x00, 0x00, 0x1a, 0x10,
    0x17, 0xaa, 0xaa, 0xbb, 0xcd, 0xe1, 0x05, 0x90, 0x00, 0x10, 0x00, 0x00, 0x11, 0x00, 0x01, 0xba,
    0x00, 0xcf, 0xff, 0xff, 0xfd, 0x00, 0x00, 0x0c, 0x70, 0x11, 0x00, 0x00, 0x11, 0x00, 0x00, 0x02,
    0x20, 0x00, 0x00, 0x00, 0x00, 0x00, 0x10, 0x00, 0x02, 0x11, 0x00, 0x00, 0x11, 0x20, 0x6f, 0xff,
    0x1d, 0xff, 0xff, 0xff, 0xff, 0xe0, 0x00, 0x0f, 0x02, 0x10, 0x5c, 0x00, 0x11, 0x20, 0x00, 0x0f,
    0x00, 0x00, 0xb5, 0x00, 0x00, 0x00, 0x00, 0x0f, 0x00, 0x04, 0xc0, 0x07, 0x80, 0x00, 0x00, 0x0f,
    0x00, 0x1c, 0x20, 0x01, 0xe3, 0x00, 0x00, 0x0f, 0x02, 0xba, 0x56, 0x78, 0xcb, 0x00, 0x00, 0x3f,
    0x34, 0xdb, 0x87, 0x54, 0x3d, 0x40, 0x08, 0xe9, 0xda, 0x41, 0x00, 0x01, 0x26, 0x51, 0x19, 0x10,
    0x07, 0xcf, 0xff, 0xff, 0xff, 0xf1, 0x00, 0x00, 0x00, 0x00, 0x12, 0x22, 0x11, 0x00, 0x01, 0x20,
    0x00, 0x00, 0x02, 0x47, 0xb6, 0x00, 0x05, 0xd3, 0x00, 0x6f, 0xed, 0xca, 0x98, 0x00, 0x00, 0x5e,
    0x20, 0x59, 0x00, 0x00, 0x00, 0x00, 0x00, 0x07, 0xa0, 0x59, 0x00, 0x00, 0x00, 0x00, 0x01, 0x00,
    0x00, 0x59, 0x00, 0x00, 0x00, 0x00, 0x3f, 0xfe, 0x00, 0x5f, 0xff, 0xff, 0xff, 0xc0, 0x00, 0x1d,
    0x00, 0x68, 0x00, 0x0d, 0x20, 0x00, 0x00, 0x1d, 0x00, 0x78, 0x00, 0x0d, 0x20, 0x00, 0x00, 0x1d,
    0x00, 0x96, 0x00, 0x0d, 0x20, 0x00, 0x00, 0x1d, 0x00, 0xd3, 0x00, 0x0d, 0x20, 0x00, 0x00, 0x1d,
    0x05, 0xd0, 0x00, 0x0e, 0x20, 0x00, 0x00, 0x7e, 0x35, 0x40, 0x00, 0x0e, 0x20, 0x00, 0x1a, 0xc7,
    0xe8, 0x31, 0x00, 0x07, 0x22, 0x31, 0x1a, 0x10, 0x18, 0xbd, 0xee, 0xff, 0xff, 0xf0, 0x00, 0x00,
    0x00, 0x00, 0x01, 0x25, 0xa8, 0x00, 0x08, 0x70, 0x00, 0xbf, 0xee, 0xca, 0x87, 0x10, 0x02, 0xba,
    0x10, 0xa5, 0x00, 0x00, 0x00, 0x00, 0x00, 0x0a, 0xc0, 0x95, 0x00, 0x00, 0x00, 0x00, 0x00, 0x00,
    0x30, 0x9f, 0xff, 0xff, 0xfe, 0x00, 0x01, 0x00, 0x00, 0xa5, 0x00, 0x00, 0x6a, 0x00, 0x1f, 0xff,
    0x50, 0xa4, 0xa4, 0x00, 0xc4, 0x00, 0x01, 0x0b, 0x40, 0xc3, 0x3d, 0x66, 0xb0, 0x00, 0x00, 0x0b,
    0x40, 0xe1, 0x02, 0xde, 0x20, 0x00, 0x00, 0x0b, 0x44, 0xb0, 0x03, 0xde, 0x60, 0x00, 0x00, 0x0b,
    0x4b, 0x60, 0x5e, 0x52, 0xe6, 0x00, 0x00, 0x0b, 0x5b, 0x1a, 0xd3, 0x00, 0x3e, 0x30, 0x03, 0xdb,
    0xc7, 0x12, 0x10, 0x00, 0x02, 0x00, 0x1d, 0x40, 0x16, 0xbb, 0xbc, 0xcc, 0xcd, 0xe1, 0x00, 0x00,
    0x00, 0x00, 0x00, 0x11, 0x10, 0x00, 0x04, 0xa0, 0x01, 0x10, 0x00, 0x00, 0x01, 0x10, 0x00, 0xb9,
    0x0b, 0xff, 0xff, 0xff, 0xff, 0x90, 0x00, 0x1e, 0x51, 0x10, 0x07, 0x90, 0x01, 0x10, 0x00, 0x04,
    0x20, 0x00, 0x0d, 0x30, 0x00, 0x00, 0x10, 0x00, 0x00, 0x00, 0x8f, 0x11, 0x00, 0x00, 0x6f, 0xff,
    0x20, 0x04, 0xce, 0x1c, 0x50, 0x00, 0x00, 0x0e, 0x10, 0x4d, 0x2e, 0x12, 0xd4, 0x00, 0x00, 0x0e,
    0x16, 0xd3, 0x0e, 0x10, 0x3e, 0x20, 0x00, 0x0e, 0x3c, 0x30, 0x0e, 0x10, 0x07, 0xb0, 0x00, 0x0e,
    0x10, 0x00, 0x0e, 0x10, 0x00, 0x10, 0x00, 0x0e, 0x10, 0x00, 0x0e, 0x10, 0x00, 0x00, 0x00, 0x6f,
    0x71, 0x00, 0x0e, 0x20, 0x00, 0x00, 0x2c, 0xc6, 0x9d, 0xa7, 0x53, 0x33, 0x45, 0x72, 0x07, 0x00,
    0x01, 0x69, 0xbc, 0xcd, 0xcc, 0xb0, 0x01, 0x20, 0x00, 0x06, 0xc0, 0x0d, 0x40, 0x00, 0x05, 0xd2,
    0x00, 0x05, 0xa0, 0x0c, 0x20, 0x00, 0x00, 0x7c, 0x11, 0x04, 0xa0, 0x0c, 0x20, 0x00, 0x00, 0x09,
    0x49, 0xff, 0xff, 0xff, 0xff, 0x90, 0x01, 0x00, 0x00, 0x04, 0xa0, 0x0c, 0x20, 0x00, 0x3f, 0xfe,
    0x00, 0x04, 0xa0, 0x0c, 0x20, 0x00, 0x00, 0x1d, 0x00, 0x05, 0x90, 0x0c, 0x20, 0x00, 0x00, 0x1d,
    0x5f, 0xff, 0xff, 0xff, 0xff, 0xf1, 0x00, 0x1d, 0x00, 0x07, 0x70, 0x0c, 0x20, 0x00, 0x00, 0x1d,
    0x00, 0x0b, 0x40, 0x0c, 0x20, 0x00, 0x00, 0x1d, 0x00, 0x4d, 0x00, 0x0c, 0x20, 0x00, 0x00, 0x5e,
    0x12, 0xd5, 0x00, 0x0d, 0x30, 0x00, 0x08, 0xc7, 0xc5, 0x50, 0x00, 0x06, 0x10, 0x00, 0x1a, 0x10,
    0x18, 0xaa, 0xaa, 0xbb, 0xcd, 0xe1, 0x0a, 0x50, 0x00, 0x10, 0x00, 0x00, 0x11, 0x00, 0x03, 0xd7,
    0x03, 0xff, 0xff, 0xff, 0xf5, 0x00, 0x00, 0x2b, 0x10, 0x10, 0x00, 0x00, 0x11, 0x00, 0x00, 0x00,
    0x01, 0x10, 0x00, 0x00, 0x11, 0x00, 0x10, 0x00, 0x2f, 0xff, 0xff, 0xff, 0xff, 0x20, 0x9f, 0xfc,
    0x01, 0x09, 0x60, 0xc3, 0x01, 0x00, 0x00, 0x4c, 0x00, 0x0a, 0x60, 0xc3, 0x00, 0x00, 0x00, 0x4c,
    0x00, 0x0b, 0x40, 0xc3, 0x00, 0x00, 0x00, 0x4c, 0x00, 0x0d, 0x10, 0xc3, 0x00, 0x00, 0x00, 0x4c,
    0x00, 0x5c, 0x00, 0xc3, 0x01, 0x10, 0x00, 0x4c, 0x03, 0xe4, 0x00, 0xb5, 0x18, 0xb0, 0x00, 0x7d,
    0x49, 0x60, 0x00, 0x6e, 0xfc, 0x30, 0x2c, 0xc8, 0xcb, 0x63, 0x11, 0x01, 0x12, 0x32, 0x16, 0x00,
    0x05, 0xad, 0xff, 0xff, 0xff, 0xf4, 0x00, 0x00, 0x00, 0x00, 0x01, 0x11, 0x11, 0x00, 0x02, 0x20,
    0x00, 0x00, 0x5b, 0x10, 0x00, 0x00, 0x06, 0xc1, 0x01, 0x00, 0xc3, 0x00, 0x01, 0x10, 0x00, 0x99,
    0x4f, 0xff, 0xff, 0xff, 0xff, 0x90, 0x00, 0x1c, 0x21, 0x0a, 0x30, 0x00, 0x01, 0x10, 0x01, 0x00,
    0x00, 0x3a, 0x05, 0xb0, 0x00, 0x00, 0x3f, 0xfe, 0x01, 0xc2, 0x05, 0xa0, 0x00, 0x00, 0x00, 0x2d,
    0x08, 0xff, 0xff, 0xff, 0xff, 0x10, 0x00, 0x2d, 0x01, 0x31, 0x04, 0xa0, 0x01, 0x00, 0x00, 0x2d,
    0x00, 0x00, 0x04, 0xa0, 0x00, 0x00, 0x00, 0x2d, 0x0f, 0xff, 0xff, 0xff, 0xff, 0xb0, 0x00, 0x2d,
    0x00, 0x00, 0x04, 0xa0, 0x00, 0x00, 0x00, 0x6e, 0x20, 0x00, 0x04, 0xa0, 0x00, 0x00, 0x09, 0xb6,
    0xd6, 0x00, 0x05, 0xa0, 0x00, 0x00, 0x29, 0x00, 0x18, 0xbb, 0xbb, 0xbc, 0xcd, 0xe2, 0x00, 0x00,
    0x00, 0x00, 0x00, 0x00, 0x00, 0x00, 0x00, 0x00, 0x00, 0x21, 0x00, 0x01, 0x11, 0x00, 0x07, 0x60,
    0x00, 0xbf, 0xff, 0xff, 0xf5, 0x00, 0x02, 0xd5, 0x00, 0xb4, 0x00, 0x00, 0xb5, 0x00, 0x00, 0x2e,
    0x30, 0xbf, 0xff, 0xff, 0xf5, 0x00, 0x01, 0x03, 0x00, 0xb4, 0x00, 0x00, 0xb5, 0x00, 0x3f, 0xfe,
    0x00, 0xb4, 0x00, 0x00, 0xb5, 0x00, 0x00, 0x1e, 0x00, 0xbf, 0xff, 0xff, 0xf6, 0x10, 0x00, 0x1e,
    0x00, 0xb4, 0x21, 0x00, 0x1c, 0x90, 0x00, 0x1e, 0x00, 0xb4, 0x4c, 0x56, 0xc5, 0x00, 0x00, 0x1e,
    0x00, 0xb4, 0x01, 0xae, 0x20, 0x00, 0x00, 0x1e, 0x00, 0xb4, 0x26, 0x05, 0xd6, 0x00, 0x00, 0x4e,
    0x11, 0xed, 0xb6, 0x00, 0x2c, 0x70, 0x08, 0xb6, 0xc5, 0x82, 0x00, 0x00, 0x01, 0x10, 0x1a, 0x10,
    0x17, 0xaa, 0xaa, 0xbb, 0xcd, 0xe1, 0x00, 0x30, 0x00, 0x2a, 0x00, 0x03, 0xa0, 0x00, 0x01, 0xe3,
    0x00, 0x09, 0x90, 0x0b, 0x50, 0x00, 0x00, 0x6c, 0x00, 0x11, 0x90, 0x69, 0x01, 0x00, 0x00, 0x0d,
    0x33, 0xff, 0xff, 0xff, 0xff, 0x00, 0x01, 0x01, 0x00, 0x10, 0x0b, 0x30, 0x01, 0x00, 0x4f, 0xff,
    0x31, 0x00, 0x0c, 0x20, 0x00, 0x00, 0x00, 0x0c, 0x2b, 0xff, 0xff, 0xff, 0xff, 0x90, 0x00, 0x0c,
    0x21, 0x10, 0x2f, 0x20, 0x01, 0x10, 0x00, 0x0c, 0x20, 0x00, 0x7b, 0xc3, 0x00, 0x00, 0x00, 0x0c,
    0x20, 0x04, 0xe2, 0x3d, 0x40, 0x00, 0x00, 0x0c, 0x20, 0x6e, 0x40, 0x03, 0xe4, 0x00, 0x00, 0x2e,
    0x77, 0xb2, 0x00, 0x00, 0x58, 0x00, 0x06, 0xe9, 0xbd, 0x74, 0x22, 0x33, 0x56, 0x71, 0x0a, 0x30,
    0x03, 0x8b, 0xcc, 0xcc, 0xbb, 0x90, 0x02, 0x40, 0x00, 0x44, 0x0a, 0x70, 0x00, 0x00, 0x03, 0xd4,
    0x00, 0x96, 0x09, 0x60, 0x01, 0x00, 0x00, 0x3e, 0x21, 0xef, 0xff, 0xff, 0xfd, 0x00, 0x00, 0x04,
    0x07, 0x90, 0x08, 0x61, 0x12, 0x00, 0x01, 0x00, 0x05, 0x20, 0x08, 0x60, 0x00, 0x00, 0x3f, 0xff,
    0x11, 0x00, 0x08, 0x60, 0x01, 0x10, 0x00, 0x0e, 0x3f, 0xff, 0xff, 0xff, 0xff, 0x60, 0x00, 0x0e,
    0x01, 0x02, 0xc0, 0x77, 0x01, 0x10, 0x00, 0x0e, 0x00, 0x04, 0xa0, 0x77, 0x00, 0x00, 0x00, 0x0e,
    0x00, 0x09, 0x50, 0x77, 0x04, 0x20, 0x00, 0x0e, 0x00, 0x6b, 0x00, 0x78, 0x0b, 0x60, 0x00, 0x0e,
    0x16, 0xc1, 0x00, 0x4e, 0xfa, 0x00, 0x05, 0xda, 0xc9, 0x30, 0x00, 0x00, 0x00, 0x00, 0x1a, 0x20,
    0x05, 0xbc, 0xcb, 0xbc, 0xcd, 0xe1, 0x00, 0x00, 0x00, 0x00, 0x01, 0x11, 0x10, 0x00, 0x0a, 0x50,
    0x01, 0x10, 0x00, 0x00, 0x11, 0x00, 0x02, 0xc7, 0x0b, 0xff, 0xff, 0xff, 0xe5, 0x00, 0x00, 0x1b,
    0x10, 0x05, 0x30, 0x77, 0x10, 0x00, 0x00, 0x00, 0x01, 0x13, 0x8d, 0x90, 0x11, 0x00, 0x10, 0x00,
    0x09, 0xff, 0xff, 0xff, 0xfc, 0x00, 0x7f, 0xfc, 0x08, 0x50, 0x0d, 0x00, 0x3c, 0x00, 0x00, 0x4b,
    0x08, 0xff, 0xff, 0xff, 0xfc, 0x00, 0x00, 0x4b, 0x08, 0x50, 0x0d, 0x00, 0x3c, 0x00, 0x00, 0x4b,
    0x08, 0x50, 0x0d, 0x00, 0x3c, 0x00, 0x00, 0x4b, 0x08, 0xff, 0xff, 0xff, 0xfc, 0x00, 0x00, 0x4b,
    0x08, 0x50, 0x0e, 0x00, 0x3c, 0x00, 0x00, 0x5c, 0x19, 0x50, 0x0e, 0x0a, 0xe6, 0x00, 0x07, 0xda,
    0xdf, 0x81, 0x05, 0x01, 0x12, 0x42, 0x1b, 0x10, 0x05, 0xae, 0xfe, 0xef, 0xff, 0xf2, 0x00, 0x00,
    0x00, 0x00, 0x12, 0x22, 0x11, 0x00, 0x01, 0x20, 0x00, 0x00, 0x0c, 0x60, 0x00, 0x00, 0x05, 0xd1,
    0x02, 0x10, 0x0b, 0x30, 0x01, 0x10, 0x00, 0x99, 0x0f, 0xff, 0xff, 0xff, 0xff, 0x80, 0x00, 0x1c,
    0x12, 0x20, 0x0b, 0x30, 0x12, 0x10, 0x01, 0x01, 0x04, 0xff, 0xff, 0xff, 0xfd, 0x00, 0x3f, 0xfe,
    0x04, 0xa0, 0x0b, 0x30, 0x2c, 0x00, 0x00, 0x1d, 0x04, 0xa0, 0x0b, 0x30, 0x2c, 0x00, 0x00, 0x1d,
    0x05, 0xff, 0xff, 0xff, 0xfd, 0x00, 0x00, 0x1d, 0x00, 0x02, 0xcc, 0xc3, 0x11, 0x00, 0x00, 0x1d,
    0x00, 0x1c, 0x3b, 0x4c, 0x60, 0x00, 0x00, 0x1d, 0x02, 0xc5, 0x0b, 0x31, 0xca, 0x00, 0x00, 0x4e,
    0x4d, 0x50, 0x0c, 0x30, 0x16, 0x00, 0x07, 0xb6, 0xc6, 0x00, 0x0c, 0x40, 0x00, 0x00, 0x1a, 0x10,
    0x17, 0xaa, 0xaa, 0xbb, 0xcd, 0xe1, 0x00, 0x00, 0x01, 0x10, 0x00, 0x00, 0x11, 0x10, 0x05, 0x70,
    0x06, 0xff, 0xff, 0xff, 0xff, 0x50, 0x01, 0xc4, 0x05, 0x80, 0xc1, 0x1b, 0x09, 0x40, 0x00, 0x3d,
    0x15, 0x80, 0xc1, 0x1b, 0x09, 0x40, 0x01, 0x05, 0x06, 0xff, 0xff, 0xff, 0xff, 0x50, 0x3f, 0xfb,
    0x01, 0x10, 0xb4, 0x00, 0x11, 0x10, 0x00, 0x1c, 0x00, 0x07, 0xff, 0xff, 0xeb, 0x20, 0x00, 0x1c,
    0x00, 0x88, 0x10, 0x00, 0x7d, 0x00, 0x00, 0x1c, 0x0b, 0x90, 0xc6, 0x02, 0xe3, 0x00, 0x00, 0x1c,
    0x03, 0x00, 0x1c, 0x7d, 0x40, 0x00, 0x00, 0x1c, 0x00, 0x00, 0x18, 0xd3, 0x00, 0x00, 0x00, 0x5d,
    0x12, 0x7b, 0xd6, 0x00, 0x00, 0x00, 0x08, 0xd9, 0xd6, 0x94, 0x00, 0x00, 0x12, 0x31, 0x1b, 0x10,
    0x29, 0xbc, 0xcd, 0xdd, 0xdd, 0xd0, 0x02, 0x20, 0x00, 0x67, 0x00, 0x03, 0xb1, 0x00, 0x06, 0xc0,
    0x02, 0x1b, 0x60, 0x1b, 0x31, 0x10, 0x00, 0x98, 0x1f, 0xff, 0xff, 0xff, 0xff, 0xe0, 0x00, 0x1c,
    0x12, 0x21, 0x1c, 0x21, 0x22, 0x20, 0x01, 0x01, 0x00, 0xef, 0xff, 0xff, 0xf6, 0x00, 0x3f, 0xfe,
    0x00, 0xe0, 0x00, 0x00, 0x96, 0x00, 0x00, 0x1d, 0x00, 0xdf, 0xff, 0xff, 0xf5, 0x00, 0x00, 0x1d,
    0x00, 0xd0, 0x00, 0x00, 0x95, 0x00, 0x00, 0x1d, 0x00, 0xdf, 0xff, 0xff, 0xf5, 0x00, 0x00, 0x1d,
    0x00, 0xd0, 0x00, 0x00, 0x95, 0x00, 0x00, 0x1d, 0x00, 0xef, 0xff, 0xff, 0xf6, 0x00, 0x00, 0x4e,
    0x10, 0xe0, 0x00, 0x00, 0x96, 0x00, 0x07, 0xb6, 0xc4, 0x30, 0x00, 0x00, 0x11, 0x00, 0x1a, 0x10,
    0x17, 0xaa, 0xaa, 0xbb, 0xcd, 0xe1, 0x00, 0x00, 0xa3, 0x00, 0x00, 0x00, 0x00, 0x00, 0x01, 0x10,
    0x6a, 0x01, 0x15, 0xff, 0xff, 0xb0, 0x08, 0xff, 0xff, 0xff, 0xd4, 0xa0, 0x09, 0x60, 0x00, 0x47,
    0x00, 0x4b, 0x04, 0xa0, 0x0d, 0x10, 0x00, 0x0c, 0x30, 0xa5, 0x04, 0xa0, 0x4a, 0x00, 0x01, 0x03,
    0x42, 0xb0, 0x14, 0xa0, 0xa4, 0x00, 0x1f, 0xff, 0xff, 0xff, 0xf9, 0xa1, 0xe2, 0x00, 0x02, 0x10,
    0x00, 0x00, 0x14, 0xa0, 0x3c, 0x10, 0x00, 0xaf, 0xff, 0xfe, 0x04, 0xa0, 0x06, 0x80, 0x00, 0x95,
    0x00, 0x0e, 0x04, 0xa0, 0x00, 0xd0, 0x00, 0x95, 0x00, 0x0e, 0x04, 0xa0, 0x00, 0xe0, 0x00, 0x95,
    0x00, 0x0e, 0x04, 0xa2, 0x6b, 0xb0, 0x00, 0xaf, 0xff, 0xfe, 0x04, 0xa1, 0xd9, 0x10, 0x00, 0xa5,
    0x00, 0x0e, 0x04, 0xa0, 0x00, 0x00, 0x00, 0x63, 0x00, 0x04, 0x05, 0xa0, 0x00, 0x00, 0x5f, 0xff,
    0xff, 0xff, 0x6b, 0xaa, 0xac, 0x00, 0x00, 0x0c, 0x2a, 0x00, 0x21, 0x00, 0x0e, 0x00, 0x03, 0x1c,
    0x2a, 0x22, 0x00, 0x00, 0x0e, 0x00, 0x0b, 0xff, 0xff, 0xf7, 0x00, 0x00, 0x0e, 0x00, 0x0b, 0x2c,
    0x2a, 0x76, 0x00, 0x00, 0x0e, 0x00, 0x0b, 0x2c, 0x2a, 0x76, 0x4f, 0xff, 0xfe, 0x00, 0x0b, 0x6a,
    0x2a, 0x76, 0x4a, 0x00, 0x0e, 0x00, 0x0b, 0xc3, 0x0a, 0xb6, 0x4a, 0x00, 0x03, 0x00, 0x0b, 0x20,
    0x00, 0x76, 0x4a, 0x00, 0x00, 0x00, 0x0b, 0xff, 0xff, 0xf6, 0x4a, 0x00, 0x00, 0x00, 0x0b, 0x20,
    0x00, 0x76, 0x3a, 0x00, 0x00, 0xa2, 0x0b, 0xff, 0xff, 0xf6, 0x3d, 0x20, 0x16, 0xe1, 0x0c, 0x20,
    0x00, 0x77, 0x09, 0xef, 0xfd, 0x50, 0x05, 0x91, 0x00, 0x00, 0x00, 0x00, 0x00, 0x00, 0x00, 0x7c,
    0x3f, 0xff, 0xff, 0xff, 0xff, 0xf5, 0x00, 0x06, 0x50, 0x00, 0x77, 0x59, 0x00, 0x00, 0x00, 0x00,
    0x00, 0x00, 0x77, 0x59, 0x00, 0x00, 0x2b, 0x30, 0x07, 0xff, 0xff, 0xff, 0xff, 0xa0, 0x05, 0xd9,
    0x16, 0x90, 0x86, 0x59, 0x05, 0xa0, 0x00, 0x19, 0x16, 0x90, 0xc3, 0x5a, 0x05, 0xa0, 0x00, 0x04,
    0x16, 0x95, 0xb0, 0x2d, 0xff, 0xa0, 0x00, 0x0c, 0x66, 0x98, 0x20, 0x00, 0x06, 0xa0, 0x00, 0x2e,
    0x16, 0x90, 0x00, 0x00, 0x05, 0xa0, 0x00, 0x89, 0x06, 0xff, 0xff, 0xff, 0xff, 0xa0, 0x01, 0xe2,
    0x06, 0x90, 0x00, 0x00, 0x05, 0xa0, 0x09, 0xb0, 0x07, 0xff, 0xff, 0xff, 0xff, 0xa0, 0x02, 0x30,
    0x07, 0x90, 0x00, 0x00, 0x05, 0xb0, 0x00, 0x00, 0x00, 0x01, 0x35, 0x9c, 0x10, 0x09, 0xee, 0xee,
    0xff, 0xec, 0xa9, 0x40, 0x21, 0x00, 0x00, 0x68, 0x00, 0x01, 0x12, 0xff, 0xff, 0xff, 0xff, 0xff,
    0xff, 0xff, 0x21, 0x21, 0x00, 0x68, 0x01, 0x25, 0x32, 0x01, 0xff, 0xff, 0xff, 0xff, 0xff, 0x20,
    0x01, 0xe0, 0x00, 0x68, 0x00, 0x0c, 0x20, 0x01, 0xff, 0xff, 0xff, 0xff, 0xff, 0x20, 0x01, 0xe0,
    0x00, 0x68, 0x00, 0x0c, 0x30, 0x01, 0xff, 0xff, 0xff, 0xff, 0xec, 0x20, 0x00, 0x10, 0x00, 0x68,
    0x00, 0x00, 0x00, 0x08, 0xff, 0xff, 0xff, 0xff, 0xff, 0x80, 0x00, 0x00, 0x00, 0x68, 0x00, 0x00,
    0x00, 0xff, 0xff, 0xff, 0xff, 0xff, 0xff, 0xfd, 0x00, 0x0e, 0xff, 0xff, 0xff, 0xff, 0xf0, 0x00,
    0x00, 0x0d, 0xff, 0xff, 0xff, 0xff, 0xf0, 0x00, 0x00, 0x0d, 0x10, 0x00, 0x00, 0x00, 0xe0, 0x00,
    0x00, 0x0e, 0xff, 0xff, 0xff, 0xff, 0xf1, 0x00, 0x3f, 0xff, 0xff, 0xff, 0xff, 0xff, 0xff, 0xf3,
    0x01, 0x1c, 0xef, 0xff, 0xff, 0xee, 0xd3, 0x20, 0x00, 0x0e, 0x00, 0x06, 0x80, 0x00, 0xd2, 0x00,
    0x00, 0x0f, 0xff, 0xff, 0xff, 0xff, 0xf2, 0x00, 0x00, 0x0e, 0x00, 0x06, 0x80, 0x00, 0xd2, 0x00,
    0x00, 0x2f, 0xff, 0xff, 0xff, 0xfe, 0xc3, 0x00, 0x00, 0x9f, 0xff, 0xff, 0xff, 0xff, 0xfa, 0x00,
    0x02, 0x32, 0x10, 0x06, 0x80, 0x11, 0x23, 0x20, 0x0c, 0xff, 0xff, 0xff, 0xff, 0xff, 0xff, 0xd0,
    0x00, 0x03, 0xd1, 0x00, 0x00, 0x3e, 0x10, 0x00, 0x00, 0x08, 0x20, 0x11, 0x00, 0x3d, 0x00, 0x00,
    0x00, 0x2f, 0xff, 0xfa, 0x00, 0x2d, 0x00, 0x00, 0x00, 0xa1, 0x00, 0x11, 0x00, 0x2d, 0x00, 0x00,
    0x09, 0x60, 0x00, 0x10, 0x00, 0x2d, 0x00, 0x00, 0x04, 0xff, 0xff, 0xf9, 0xed, 0xdf, 0xdd, 0xe3,
    0x00, 0x01, 0xe0, 0x01, 0x10, 0x2d, 0x01, 0x20, 0x01, 0x11, 0xe0, 0x11, 0x00, 0x2d, 0x00, 0x00,
    0x0e, 0xff, 0xff, 0xfb, 0x00, 0x2d, 0x00, 0x00, 0x01, 0x11, 0xe0, 0x11, 0x00, 0x2d, 0x00, 0x00,
    0x00, 0x01, 0xe0, 0x00, 0x00, 0x2d, 0x00, 0x00, 0x00, 0x01, 0xe0, 0x28, 0x00, 0x2d, 0x00, 0x00,
    0x00, 0x01, 0xe6, 0xd5, 0x00, 0x2d, 0x00, 0x00, 0x00, 0x05, 0xfb, 0x20, 0x00, 0x3d, 0x00, 0x00,
    0x00, 0x02, 0x70, 0x00, 0x00, 0x3e, 0x00, 0x00, 0x00, 0x07, 0x90, 0x00, 0x00, 0x2b, 0x10, 0x00,
    0x00, 0x0b, 0x20, 0x00, 0x00, 0x1d, 0x00, 0x00, 0x00, 0x4f, 0xff, 0xf3, 0x00, 0x1d, 0x00, 0x20,
    0x01, 0xd2, 0x00, 0x02, 0xad, 0xff, 0xff, 0xf2, 0x0a, 0xb0, 0x00, 0x13, 0xc0, 0x1d, 0x00, 0xe1,
    0x04, 0xbf, 0xff, 0xb3, 0xc0, 0x1d, 0x00, 0xe1, 0x00, 0x14, 0xb0, 0x13, 0xc0, 0x1d, 0x00, 0xe1,
    0x01, 0x14, 0xb0, 0x13, 0xc0, 0x1d, 0x00, 0xe1, 0x06, 0xff, 0xff, 0xe3, 0xff, 0xff, 0xff, 0xf1,
    0x01, 0x14, 0xb0, 0x13, 0xc0, 0x1d, 0x00, 0xe2, 0x00, 0x04, 0xb0, 0x01, 0x40, 0x1d, 0x00, 0x10,
    0x00, 0x04, 0xb0, 0x50, 0x00, 0x1d, 0x00, 0x00, 0x00, 0x04, 0xb7, 0xc1, 0x00, 0x1d, 0x00, 0x00,
    0x00, 0x05, 0xfb, 0x10, 0x00, 0x1e, 0x00, 0x00, 0x00, 0x04, 0x90, 0x00, 0x00, 0x2f, 0x00, 0x00,
    0x00, 0x0b, 0x50, 0x02, 0x10, 0x00, 0x00, 0x00, 0x00, 0x3a, 0x00, 0x1f, 0xff, 0xff, 0xed, 0x20,
    0x00, 0xaf, 0xff, 0x92, 0x0a, 0x50, 0x0e, 0x10, 0x05, 0x90, 0x00, 0x00, 0x0b, 0x40, 0x0e, 0x00,
    0x3e, 0x20, 0x01, 0x00, 0x0c, 0x20, 0x0e, 0x00, 0x06, 0xff, 0xff, 0x10, 0x0d, 0x10, 0x1e, 0x00,
    0x00, 0x1b, 0x41, 0x00, 0x0e, 0x00, 0x2d, 0x00, 0x01, 0x0b, 0x40, 0x2f, 0xff, 0xff, 0xfc, 0x00,
    0x0f, 0xff, 0xff, 0xb1, 0x2d, 0x00, 0x3c, 0x00, 0x01, 0x0b, 0x40, 0x10, 0x3c, 0x00, 0x3b, 0x00,
    0x00, 0x0b, 0x40, 0x10, 0x4a, 0x00, 0x4a, 0x00, 0x00, 0x0b, 0x49, 0x90, 0x59, 0x00, 0x59, 0x00,
    0x00, 0x0c, 0xe7, 0x20, 0x68, 0x00, 0x69, 0x01, 0x00, 0x2b, 0x22, 0xff, 0xff, 0xff, 0xff, 0xf8,
    0x00, 0x00, 0x00, 0x10, 0x00, 0x00, 0x00, 0x11, 0x00, 0x0b, 0x50, 0x00, 0x00, 0xc5, 0x00, 0x00,
    0x00, 0x39, 0x00, 0x3b, 0x10, 0xc2, 0x05, 0xa0, 0x00, 0xcf, 0xff, 0x76, 0xb0, 0xc2, 0x2d, 0x30,
    0x07, 0x80, 0x00, 0x00, 0x61, 0xc2, 0x94, 0x00, 0x3d, 0x10, 0x01, 0x0b, 0xef, 0xff, 0xed, 0x40,
    0x09, 0xff, 0xff, 0x0d, 0x10, 0x00, 0x0b, 0x40, 0x01, 0x0d, 0x11, 0x0d, 0x10, 0xb4, 0x0b, 0x40,
    0x01, 0x0d, 0x10, 0x0d, 0x10, 0xd2, 0x0b, 0x40, 0x2f, 0xff, 0xff, 0x7d, 0x10, 0xd1, 0x0b, 0x40,
    0x01, 0x0d, 0x11, 0x1d, 0x10, 0xe0, 0x0b, 0x40, 0x00, 0x0d, 0x10, 0x0e, 0x13, 0xc0, 0x0b, 0x40,
    0x00, 0x0d, 0x14, 0x13, 0x09, 0x75, 0x85, 0x30, 0x00, 0x0e, 0x8c, 0x20, 0x6d, 0x10, 0x8c, 0x20,
    0x00, 0x3f, 0xa1, 0x4b, 0xc1, 0x00, 0x06, 0xe2, 0x00, 0x16, 0x02, 0xc6, 0x00, 0x00, 0x00, 0x40,
    0x00, 0x0c, 0x10, 0x00, 0x6b, 0x00, 0xf1, 0x00, 0x00, 0x56, 0x00, 0x01, 0x69, 0x00, 0xe0, 0x00,
    0x00, 0xcf, 0xff, 0x3f, 0xff, 0xff, 0xff, 0xe0, 0x06, 0x70, 0x00, 0x00, 0x59, 0x00, 0xe0, 0x00,
    0x2d, 0x10, 0x00, 0x11, 0x59, 0x00, 0xe0, 0x00, 0x15, 0xff, 0xff, 0xaf, 0xff, 0xff, 0xff, 0xf8,
    0x00, 0x0a, 0x40, 0x11, 0x00, 0x00, 0x00, 0x11, 0x00, 0x0a, 0x40, 0x07, 0xff, 0xff, 0xff, 0x50,
    0x0d, 0xff, 0xff, 0x47, 0x80, 0x00, 0x0b, 0x40, 0x00, 0x0a, 0x40, 0x07, 0x80, 0x00, 0x0b, 0x40,
    0x00, 0x0a, 0x40, 0x17, 0xff, 0xff, 0xff, 0x40, 0x00, 0x0a, 0x5b, 0x57, 0x80, 0x00, 0x0b, 0x40,
    0x00, 0x0b, 0xe6, 0x07, 0xff, 0xff, 0xff, 0x40, 0x00, 0x1b, 0x30, 0x08, 0x80, 0x00, 0x0b, 0x50,
    0x00, 0x1b, 0x10, 0x00, 0x00, 0x2d, 0x00, 0x00, 0x00, 0x65, 0x00, 0x00, 0x01, 0x1c, 0x00, 0x00,
    0x00, 0xdf, 0xfc, 0xff, 0x9e, 0xff, 0xff, 0x30, 0x07, 0x50, 0x00, 0x0a, 0x20, 0x0c, 0x0b, 0x30,
    0x3c, 0x00, 0x01, 0x19, 0x8f, 0xff, 0xff, 0xf4, 0x0b, 0xff, 0xf6, 0x73, 0x01, 0x1c, 0x0b, 0x30,
    0x01, 0x3b, 0x12, 0xef, 0x6f, 0xff, 0xfc, 0x20, 0x01, 0x3b, 0x04, 0x18, 0x52, 0x1c, 0x00, 0x00,
    0x0f, 0xff, 0xf9, 0x09, 0x5f, 0xff, 0xff, 0x50, 0x01, 0x3b, 0x05, 0x9a, 0x31, 0x1c, 0x01, 0x10,
    0x00, 0x3b, 0x00, 0xbe, 0x7f, 0xff, 0xff, 0xd0, 0x00, 0x3b, 0x36, 0x5d, 0x00, 0x1c, 0x00, 0x00,
    0x00, 0x4d, 0xc2, 0xab, 0x90, 0x1d, 0x00, 0x00, 0x00, 0x8c, 0x15, 0xd0, 0x9c, 0x74, 0x44, 0x53,
    0x00, 0x11, 0x0a, 0x40, 0x02, 0x68, 0x99, 0x93, 0x00, 0x00, 0xe4, 0x00, 0x00, 0x04, 0x90, 0x00,
    0x00, 0x00, 0xe1, 0x00, 0x00, 0x3e, 0x81, 0x00, 0x00, 0x00, 0xd1, 0x00, 0x03, 0xe6, 0x00, 0x00,
    0x00, 0x00, 0xd1, 0x00, 0x5e, 0x50, 0x00, 0x00, 0x00, 0x00, 0xd1, 0x08, 0xd3, 0x00, 0x00, 0x00,
    0x01, 0x10, 0xd1, 0x29, 0x10, 0x00, 0x01, 0x10, 0x2f, 0xff, 0xff, 0xff, 0xff, 0xff, 0xff, 0xb0,
    0x01, 0x10, 0xd1, 0x05, 0x90, 0x00, 0x01, 0x10, 0x00, 0x00, 0xd1, 0x00, 0xc3, 0x00, 0x00, 0x00,
    0x00, 0x00, 0xd1, 0x00, 0x4d, 0x20, 0x00, 0x00, 0x00, 0x00, 0xd1, 0x00, 0x07, 0xd1, 0x00, 0x00,
    0x00, 0x00, 0xd1, 0x03, 0x20, 0x9d, 0x40, 0x00, 0x00, 0x00, 0xd2, 0x9e, 0x40, 0x08, 0xfa, 0x30,
    0x00, 0x02, 0xfe, 0x91, 0x00, 0x00, 0x3b, 0xa0, 0x00, 0x02, 0xb2, 0x00, 0x00, 0x00, 0x00, 0x00,
    0x01, 0xb1, 0x00, 0x00, 0x00, 0x00, 0x00, 0x00, 0x8b, 0x08, 0xff, 0xff, 0xff, 0xf4, 0x00, 0x0b,
    0x40, 0x01, 0x10, 0x00, 0xc3, 0x3b, 0x01, 0x00, 0x03, 0xe0, 0x00, 0xc3, 0x3c, 0x00, 0x00, 0x02,
    0xc0, 0x00, 0xc3, 0x3c, 0x2f, 0xff, 0xff, 0xff, 0xfb, 0xc3, 0x3c, 0x00, 0x00, 0x08, 0xc0, 0x00,
    0xc3, 0x3c, 0x00, 0x00, 0x7a, 0xc0, 0x00, 0xc3, 0x3c, 0x00, 0x19, 0x92, 0xc0, 0x00, 0xc3, 0x3c,
    0x05, 0xd7, 0x02, 0xc0, 0x00, 0xc3, 0x3c, 0x9d, 0x40, 0x02, 0xc0, 0x00, 0xc3, 0x3c, 0x11, 0x02,
    0x36, 0xc0, 0x00, 0xc3, 0x3c, 0x00, 0x03, 0xec, 0x40, 0x22, 0xd3, 0x4c, 0x00, 0x00, 0x00, 0x00,
    0x7e, 0xa1, 0x01, 0xb1, 0x00, 0x00, 0x00, 0x00, 0x00, 0x00, 0x5d, 0x20, 0xef, 0xff, 0xff, 0xf1,
    0x05, 0x27, 0x50, 0x00, 0x00, 0x00, 0xf0, 0x0f, 0x10, 0x00, 0x00, 0x00, 0x00, 0xf0, 0x0e, 0x00,
    0x00, 0x00, 0x00, 0x00, 0xf0, 0x0e, 0x00, 0xef, 0xff, 0xff, 0x00, 0xf0, 0x0e, 0x00, 0xe0, 0x00,
    0x1d, 0x00, 0xf0, 0x0e, 0x00, 0xe0, 0x00, 0x1d, 0x00, 0xf0, 0x0e, 0x00, 0xe0, 0x00, 0x1d, 0x00,
    0xf0, 0x0e, 0x00, 0xe0, 0x00, 0x1d, 0x00, 0xf0, 0x0e, 0x00, 0xef, 0xff, 0xfd, 0x00, 0xf0, 0x0e,
    0x00, 0x00, 0x00, 0x00, 0x00, 0xf0, 0x0f, 0x00, 0x00, 0x00, 0x00, 0x12, 0xe0, 0x1f, 0x00, 0x00,
    0x00, 0x00, 0xae, 0x70, 0x04, 0xa1, 0x00, 0x00, 0x00, 0x00, 0x00, 0x00, 0x9c, 0x10, 0xef, 0xff,
    0xff, 0xf1, 0x00, 0x08, 0x30, 0x00, 0x00, 0x00, 0xe0, 0x0e, 0x20, 0x00, 0x00, 0x00, 0x00, 0xe0,
    0x0e, 0x02, 0xff, 0xff, 0xff, 0x00, 0xe0, 0x0e, 0x02, 0xc0, 0x00, 0x0e, 0x00, 0xe0, 0x0e, 0x02,
    0xc0, 0x00, 0x0e, 0x00, 0xe0, 0x0e, 0x02, 0xc0, 0x00, 0x0e, 0x00, 0xe0, 0x0e, 0x02, 0xff, 0xff,
    0xff, 0x00, 0xe0, 0x0e, 0x02, 0xc0, 0x00, 0x0e, 0x00, 0xe0, 0x0e, 0x02, 0xc0, 0x00, 0x0e, 0x00,
    0xe0, 0x0e, 0x02, 0xff, 0xff, 0xff, 0x00, 0xe0, 0x0e, 0x00, 0x00, 0x00, 0x00, 0x00, 0xe0, 0x0e,
    0x00, 0x00, 0x00, 0x00, 0x22, 0xe0, 0x1e, 0x00, 0x00, 0x00, 0x00, 0x7e, 0x80, 0x00, 0x00, 0x00,
    0x02, 0xd2, 0x00, 0x00, 0xdf, 0xff, 0xf2, 0x00, 0xf1, 0x00, 0x00, 0xc3, 0x02, 0xb0, 0x00, 0xf0,
    0x00, 0x00, 0xc3, 0x07, 0x50, 0x00, 0xe0, 0x00, 0x00, 0xc3, 0x1c, 0x00, 0x01, 0xe0, 0x00, 0x00,
    0xc3, 0x69, 0x00, 0x02, 0xf2, 0x00, 0x00, 0xc3, 0x0b, 0x60, 0x05, 0xe7, 0x00, 0x00, 0xc3, 0x01,
    0xe1, 0x07, 0x8b, 0x00, 0x00, 0xc3, 0x00, 0xc3, 0x0c, 0x49, 0x30, 0x00, 0xc3, 0x01, 0xd3, 0x2d,
    0x03, 0xb0, 0x00, 0xc5, 0x9d, 0xa0, 0x97, 0x00, 0xb4, 0x00, 0xc3, 0x84, 0x03, 0xc0, 0x00, 0x3d,
    0x10, 0xc3, 0x00, 0x2d, 0x30, 0x00, 0x08, 0xb0, 0xd3, 0x04, 0xe6, 0x00, 0x00, 0x00, 0xba, 0xe4,
    0x02, 0x60, 0x00, 0x00, 0x00, 0x12, 0x0e, 0xff, 0xfb, 0x2d, 0xef, 0xff, 0xe7, 0x00, 0x0d, 0x10,
    0x77, 0x1e, 0x00, 0x00, 0x87, 0x00, 0x0d, 0x10, 0xb2, 0x1e, 0x00, 0x00, 0x86, 0x00, 0x0d, 0x12,
    0xb0, 0x1e, 0x00, 0x00, 0x86, 0x00, 0x0d, 0x18, 0x60, 0x1f, 0xff, 0xff, 0xf6, 0x00, 0x0d, 0x1a,
    0x70, 0x1e, 0x00, 0x00, 0x86, 0x00, 0x0d, 0x10, 0xc4, 0x1e, 0x00, 0x00, 0x86, 0x00, 0x0d, 0x10,
    0x4b, 0x1e, 0x00, 0x00, 0x86, 0x00, 0x0d, 0x10, 0x0e, 0x1f, 0xff, 0xff, 0xf6, 0x00, 0x0d, 0x10,
    0x5d, 0x1e, 0x00, 0x00, 0x86, 0x00, 0x0d, 0x3f, 0xd5, 0x1e, 0x00, 0x00, 0x86, 0x00, 0x0d, 0x12,
    0x01, 0x1e, 0x00, 0x00, 0x86, 0x10, 0x0e, 0x10, 0x0f, 0xff, 0xff, 0xff, 0xff, 0xf0, 0x0f, 0x20,
    0x01, 0x10, 0x00, 0x00, 0x01, 0x10, 0x00, 0x00, 0x00, 0x10, 0x00, 0x01, 0x10, 0xdf, 0xff, 0xa3,
    0xff, 0xff, 0xff, 0xd0, 0xc2, 0x08, 0x50, 0x10, 0x00, 0x01, 0x10, 0xc2, 0x0c, 0x00, 0x00, 0x00,
    0x00, 0x00, 0xc2, 0x48, 0x01, 0x00, 0x00, 0x00, 0x11, 0xc2, 0xb3, 0x3f, 0xff, 0xff, 0xff, 0xfc,
    0xc2, 0x6b, 0x01, 0x10, 0x3c, 0x00, 0x11, 0xc2, 0x09, 0x60, 0x00, 0x3c, 0x02, 0x00, 0xc2, 0x04,
    0xa0, 0x97, 0x3c, 0x1d, 0x20, 0xc2, 0x05, 0xa2, 0xd1, 0x3c, 0x04, 0xc0, 0xc5, 0x8e, 0x5c, 0x40,
    0x3c, 0x00, 0xa7, 0xc3, 0x93, 0x99, 0x00, 0x3c, 0x00, 0x27, 0xc2, 0x00, 0x11, 0x00, 0x3c, 0x00,
    0x00, 0xc3, 0x00, 0x00, 0x15, 0x9b, 0x00, 0x00, 0xd3, 0x00, 0x00, 0x0a, 0xa4, 0x00, 0x00, 0x00,
    0x00, 0x00, 0x00, 0xb3, 0x00, 0x00, 0x00, 0x0f, 0xff, 0xf3, 0x06, 0xd7, 0xcf, 0xc4, 0x00, 0x0e,
    0x00, 0xd0, 0x2a, 0x40, 0x03, 0xf2, 0x00, 0x0e, 0x04, 0x93, 0xd2, 0xd3, 0x1c, 0x60, 0x00, 0x0e,
    0x0a, 0x41, 0x40, 0x3d, 0xc8, 0x00, 0x00, 0x0e, 0x1d, 0x00, 0x00, 0x3d, 0xd8, 0x30, 0x00, 0x0e,
    0x2c, 0x42, 0x6b, 0xc4, 0x17, 0xee, 0xa0, 0x0e, 0x03, 0xdb, 0xc5, 0x05, 0xc0, 0x16, 0x60, 0x0e,
    0x00, 0xb5, 0xff, 0xff, 0xff, 0xff, 0x20, 0x0e, 0x00, 0x95, 0x5a, 0x04, 0xa0, 0x01, 0x00, 0x0e,
    0x37, 0xe2, 0x59, 0x04, 0xa0, 0x01, 0x10, 0x0e, 0x3a, 0x40, 0x9f, 0xff, 0xff, 0xff, 0x40, 0x0e,
    0x00, 0x00, 0x00, 0x04, 0xa0, 0x00, 0x00, 0x0e, 0x00, 0x00, 0x00, 0x05, 0xa0, 0x00, 0x00, 0x0f,
    0x10, 0x00, 0x00, 0x06, 0xb0, 0x00, 0x00, 0x00, 0x00, 0x00, 0x00, 0x4b, 0x10, 0x00, 0x00, 0x1f,
    0xff, 0xf5, 0x00, 0xbc, 0x10, 0x00, 0x00, 0x1e, 0x00, 0xc0, 0x07, 0xa4, 0xa1, 0x00, 0x00, 0x0e,
    0x05, 0x70, 0x7b, 0x00, 0x5c, 0x30, 0x00, 0x0e, 0x0b, 0x4b, 0x90, 0x00, 0x03, 0xd9, 0x20, 0x0e,
    0x59, 0x56, 0x8f, 0xff, 0xff, 0xea, 0xb0, 0x0e, 0x4c, 0x20, 0x00, 0x0d, 0x10, 0x00, 0x10, 0x0e,
    0x06, 0xb1, 0x11, 0x0d, 0x10, 0x12, 0x00, 0x0e, 0x00, 0xd7, 0xff, 0xff, 0xff, 0xfe, 0x00, 0x0e,
    0x00, 0xb4, 0x21, 0x0d, 0x11, 0x22, 0x00, 0x0e, 0x24, 0xe2, 0x6a, 0x0d, 0x14, 0xd2, 0x00, 0x1e,
    0x1c, 0x54, 0xd2, 0x0d, 0x10, 0x5d, 0x10, 0x1e, 0x00, 0x7e, 0x30, 0x0d, 0x10, 0x08, 0x70, 0x1e,
    0x00, 0x63, 0x02, 0x3e, 0x10, 0x00, 0x00, 0x2e, 0x00, 0x00, 0x09, 0xd7, 0x00, 0x00, 0x00, 0x00,
    0x00, 0x00, 0x02, 0xc2, 0x00, 0x00, 0x00, 0xef, 0xff, 0xa0, 0xa9, 0x00, 0x00, 0x00, 0x0d, 0x00,
    0xa3, 0x6f, 0xff, 0xff, 0x40, 0x00, 0xd0, 0x2b, 0x5e, 0x50, 0x07, 0x50, 0x00, 0x0d, 0x0a, 0x49,
    0x9e, 0xff, 0xff, 0xf6, 0x00, 0xd6, 0xa0, 0x01, 0x21, 0x00, 0x08, 0x60, 0x0d, 0x3d, 0x40, 0x6f,
    0xff, 0xff, 0xf6, 0x00, 0xd0, 0x2d, 0x12, 0x21, 0x00, 0x08, 0x60, 0x0d, 0x00, 0x86, 0xbf, 0xff,
    0xff, 0xf6, 0x00, 0xd0, 0x06, 0x81, 0x10, 0x93, 0x00, 0x00, 0x0d, 0x25, 0xd7, 0x74, 0x62, 0xd1,
    0x67, 0x00, 0xd2, 0xb4, 0x77, 0x68, 0x03, 0x00, 0xa5, 0x0d, 0x00, 0x1d, 0x26, 0xa0, 0x03, 0x41,
    0x90, 0xe1, 0x01, 0x50, 0x2e, 0xff, 0xe5, 0x00, 0x0f, 0x10, 0x00, 0x00, 0x00, 0x00, 0x00, 0x00,
    0x00, 0x00, 0x00, 0x03, 0x90, 0x00, 0x00, 0xdf, 0xff, 0x50, 0x00, 0xb5, 0x00, 0x00, 0xc2, 0x0c,
    0x5f, 0xff, 0xff, 0xff, 0xf4, 0xc2, 0x39, 0x11, 0x2c, 0x02, 0xa2, 0x11, 0xc2, 0x93, 0xef, 0xff,
    0xff, 0xff, 0xfd, 0xc4, 0xd0, 0x12, 0x11, 0x00, 0x12, 0x21, 0xc4, 0xc6, 0x08, 0xff, 0xff, 0xff,
    0x70, 0xc2, 0x1d, 0x27, 0xff, 0xff, 0xff, 0x70, 0xc2, 0x07, 0x77, 0x70, 0x00, 0x07, 0x70, 0xc2,
    0x06, 0x98, 0xff, 0xff, 0xff, 0x80, 0xc5, 0x7d, 0x52, 0x21, 0x78, 0x11, 0x10, 0xc4, 0xa5, 0xaf,
    0xff, 0xff, 0xff, 0xfe, 0xc2, 0x00, 0x00, 0x00, 0x78, 0x00, 0x00, 0xd3, 0x00, 0x00, 0x00, 0x78,
    0x00, 0x00, 0xc3, 0x00, 0x00, 0x00, 0x79, 0x00, 0x00, 0xdf, 0xff, 0xff, 0xff, 0xff, 0xff, 0xfd,
    0x21, 0x10, 0x04, 0xc0, 0x00, 0x01, 0x12, 0x00, 0x00, 0x0a, 0x50, 0x00, 0x00, 0x00, 0x0b, 0xff,
    0xff, 0xff, 0xff, 0xff, 0xb0, 0x0b, 0x40, 0x77, 0x00, 0x86, 0x04, 0xa0, 0x0b, 0x40, 0x77, 0x00,
    0x86, 0x04, 0xa0, 0x0b, 0x40, 0x7f, 0xff, 0xf6, 0x04, 0xa0, 0x0b, 0x40, 0x77, 0x00, 0x86, 0x04,
    0xa0, 0x0b, 0x40, 0x7f, 0xff, 0xf6, 0x04, 0xa0, 0x0b, 0x40, 0x77, 0x00, 0x86, 0x04, 0xa0, 0x0b,
    0x40, 0x77, 0x00, 0x86, 0x04, 0xa0, 0x0b, 0xff, 0xff, 0xff, 0xff, 0xff, 0xa0, 0x0b, 0x40, 0x00,
    0x00, 0x00, 0x04, 0xb0, 0x0b, 0x40, 0x00, 0x00, 0x00, 0x01, 0x40, 0x00, 0x00, 0x00, 0x9a, 0x40,
    0x00, 0x00, 0x00, 0x00, 0x11, 0x00, 0x05, 0xa0, 0x00, 0x11, 0x00, 0x00, 0xdf, 0xff, 0xff, 0xff,
    0xff, 0xfd, 0x00, 0x00, 0x11, 0x97, 0x00, 0x00, 0x98, 0x11, 0x00, 0x00, 0x00, 0x1d, 0x50, 0x01,
    0xe2, 0x00, 0x00, 0x01, 0x10, 0x03, 0x20, 0x09, 0x60, 0x01, 0x10, 0x2f, 0xff, 0xff, 0xff, 0xff,
    0xff, 0xff, 0xf2, 0x01, 0x15, 0x42, 0x10, 0x00, 0x24, 0x41, 0x20, 0x00, 0x08, 0xff, 0xff, 0xff,
    0xff, 0x80, 0x00, 0x00, 0x08, 0x70, 0x00, 0x00, 0x08, 0x80, 0x00, 0x00, 0x08, 0xff, 0xff, 0xff,
    0xff, 0x80, 0x00, 0x00, 0x08, 0x70, 0x00, 0x00, 0x08, 0x80, 0x00, 0x00, 0x08, 0x70, 0x00, 0x00,
    0x08, 0x80, 0x00, 0x00, 0x09, 0xff, 0xff, 0xff, 0xff, 0x80, 0x00, 0x00, 0x00, 0x00, 0x00, 0x00,
    0x05, 0x50, 0x00, 0x7f, 0xff, 0xff, 0xff, 0xff, 0xff, 0xf9, 0x12, 0x11, 0x00, 0xd4, 0x00, 0x11,
    0x21, 0x00, 0x00, 0x08, 0x90, 0x00, 0x00, 0x00, 0x00, 0xbf, 0xff, 0xff, 0xff, 0xff, 0x10, 0x00,
    0xb5, 0x00, 0x00, 0x00, 0x0f, 0x10, 0x00, 0xb5, 0x00, 0x7a, 0x00, 0x0f, 0x10, 0x00, 0xb5, 0x00,
    0x69, 0x00, 0x0f, 0x10, 0x00, 0xb5, 0x00, 0x77, 0x00, 0x0f, 0x10, 0x00, 0xb5, 0x00, 0xa5, 0x00,
    0x0f, 0x10, 0x00, 0xb5, 0x01, 0xe1, 0x40, 0x0f, 0x10, 0x00, 0xb5, 0x0a, 0x92, 0xbb, 0x3b, 0x10,
    0x00, 0x03, 0xca, 0x00, 0x04, 0xc8, 0x10, 0x26, 0xbe, 0x60, 0x00, 0x00, 0x09, 0xd3, 0x3d, 0x71,
    0x00, 0x00, 0x00, 0x00, 0x55, 0x3f, 0xff, 0xff, 0xaf, 0xff, 0xff, 0xff, 0xf3, 0x01, 0x0b, 0x31,
    0x11, 0x00, 0xe1, 0x01, 0x10, 0x00, 0x0b, 0x30, 0x00, 0x05, 0x90, 0x01, 0x00, 0x00, 0x0b, 0x30,
    0x4d, 0xef, 0xff, 0xff, 0x30, 0x00, 0x0b, 0x30, 0x59, 0x00, 0x00, 0x0b, 0x30, 0x00, 0x0b, 0x30,
    0x49, 0x02, 0xe2, 0x0b, 0x30, 0x00, 0x0b, 0x30, 0x49, 0x01, 0xe0, 0x0b, 0x30, 0x00, 0x0b, 0x30,
    0x49, 0x01, 0xd0, 0x0b, 0x30, 0x00, 0x0b, 0x30, 0x59, 0x02, 0xb0, 0x0b, 0x30, 0x00, 0x0b, 0x30,
    0x59, 0x05, 0x93, 0x0b, 0x30, 0x00, 0x0b, 0x30, 0x35, 0x0b, 0x6c, 0x95, 0x10, 0x00, 0x0c, 0x30,
    0x01, 0xaa, 0x00, 0x8d, 0x40, 0x08, 0xdd, 0x13, 0x8e, 0xa1, 0x00, 0x04, 0xb0, 0x02, 0x40, 0x03,
    0xc4, 0x00, 0x00, 0x00, 0x00, 0x01, 0x00, 0x00, 0x00, 0x00, 0x00, 0x00, 0x00, 0x0b, 0xff, 0xff,
    0xae, 0xdd, 0xdd, 0xde, 0xe0, 0x00, 0x0a, 0x50, 0x00, 0x00, 0xc3, 0x00, 0x00, 0x00, 0x0a, 0x50,
    0x01, 0x01, 0xd0, 0x01, 0x10, 0x00, 0x0a, 0x50, 0x0c, 0xff, 0xff, 0xff, 0x40, 0x00, 0x0a, 0x50,
    0x0b, 0x30, 0x00, 0x0c, 0x30, 0x00, 0x0a, 0x50, 0x0b, 0x30, 0x85, 0x0c, 0x30, 0x00, 0x0a, 0x50,
    0x0b, 0x30, 0xc5, 0x0c, 0x30, 0x00, 0x0a, 0x50, 0x2b, 0x30, 0xc3, 0x0c, 0x30, 0x01, 0x3b, 0xce,
    0x7b, 0x30, 0xe1, 0x0c, 0x40, 0x1f, 0xe9, 0x40, 0x0c, 0x33, 0xd0, 0x0c, 0x50, 0x03, 0x00, 0x00,
    0x05, 0x1a, 0x77, 0x12, 0x10, 0x00, 0x00, 0x00, 0x00, 0x8b, 0x18, 0xd3, 0x00, 0x00, 0x00, 0x00,
    0x3b, 0xb1, 0x00, 0x4e, 0x60, 0x00, 0x00, 0x01, 0xb7, 0x00, 0x00, 0x03, 0xb0, 0x02, 0x90, 0x03,
    0xc0, 0x00, 0x00, 0x00, 0x00, 0x01, 0xc1, 0x32, 0xc7, 0xff, 0xff, 0xff, 0xf2, 0x01, 0xc2, 0xc2,
    0xc1, 0x10, 0x5a, 0x00, 0x10, 0x01, 0xc2, 0xb2, 0xc0, 0x31, 0xa4, 0x01, 0x10, 0x01, 0xc1, 0xb2,
    0xc0, 0xef, 0xff, 0xff, 0x70, 0x01, 0xc1, 0xb2, 0xc0, 0xd0, 0x38, 0x08, 0x60, 0x01, 0xc1, 0xb2,
    0xc0, 0xd0, 0x4b, 0x08, 0x60, 0x01, 0xc1, 0xb2, 0xc0, 0xd0, 0x3a, 0x08, 0x60, 0x01, 0xc1, 0xb2,
    0xc0, 0xd0, 0x3a, 0x08, 0x60, 0x02, 0xb1, 0xb2, 0xc0, 0xd0, 0x49, 0x08, 0x60, 0x04, 0xa2, 0xb2,
    0xc0, 0xe0, 0x76, 0x08, 0x70, 0x06, 0x82, 0xc2, 0xc0, 0x50, 0xc4, 0xd4, 0x10, 0x0b, 0x52, 0x93,
    0xc0, 0x07, 0xa0, 0x5e, 0x50, 0x3e, 0x10, 0x01, 0x51, 0x8d, 0x10, 0x03, 0xe3, 0x13, 0x00, 0x00,
    0x03, 0xb2, 0x00, 0x00, 0x20, 0x0f, 0xff, 0xff, 0x8e, 0xff, 0xff, 0xff, 0xc0, 0x00, 0x00, 0x3c,
    0x21, 0x00, 0x86, 0x01, 0x10, 0x00, 0x52, 0xc2, 0x00, 0x01, 0xd0, 0x00, 0x00, 0x00, 0x5e, 0x80,
    0x02, 0xef, 0xff, 0xff, 0x10, 0x11, 0x02, 0xb1, 0x14, 0xc0, 0x00, 0x0e, 0x10, 0x5f, 0xff, 0xff,
    0xf5, 0xc0, 0x84, 0x0e, 0x10, 0x11, 0x07, 0x83, 0xb2, 0xc0, 0xb4, 0x0e, 0x10, 0x00, 0x07, 0x86,
    0x42, 0xc0, 0xb4, 0x0e, 0x10, 0x00, 0x07, 0x80, 0x02, 0xc0, 0xb3, 0x0e, 0x10, 0x00, 0x07, 0x80,
    0x03, 0xc0, 0xd1, 0x0e, 0x10, 0x00, 0x07, 0x80, 0x01, 0x43, 0xd5, 0x82, 0x00, 0x00, 0x07, 0x70,
    0x00, 0x2d, 0x60, 0x8c, 0x20, 0x03, 0x9d, 0x50, 0x49, 0xe7, 0x00, 0x05, 0xd2, 0x00, 0x74, 0x00,
    0x7a, 0x30, 0x00, 0x00, 0x30, 0x00, 0x00, 0x00, 0x00, 0x10, 0x00, 0x00, 0x10, 0x00, 0xff, 0xff,
    0xf6, 0xff, 0xff, 0xff, 0xf0, 0x00, 0xe0, 0x00, 0xa4, 0x10, 0x3a, 0x00, 0x10, 0x00, 0xff, 0xff,
    0xf4, 0x21, 0x86, 0x00, 0x00, 0x00, 0xe0, 0x00, 0xa4, 0x8f, 0xff, 0xff, 0x40, 0x00, 0xff, 0xff,
    0xf5, 0x77, 0x2d, 0x0b, 0x40, 0x01, 0x00, 0x00, 0x01, 0x77, 0x1c, 0x0b, 0x40, 0x1f, 0xff, 0xff,
    0xfd, 0x77, 0x2c, 0x0b, 0x40, 0x01, 0x30, 0x94, 0x11, 0x77, 0x3a, 0x0b, 0x40, 0x00, 0xc5, 0x94,
    0x01, 0x87, 0x77, 0x1b, 0x40, 0x01, 0xe1, 0x9f, 0xf8, 0x46, 0xd2, 0xc9, 0x10, 0x06, 0xbb, 0xa4,
    0x02, 0x8d, 0x20, 0x1c, 0x60, 0x0d, 0x24, 0xda, 0x54, 0xa2, 0x22, 0x24, 0x93, 0x58, 0x00, 0x05,
    0x89, 0xab, 0xbc, 0xcc, 0xc5, 0x00, 0x5f, 0xff, 0xff, 0xff, 0xff, 0xf0, 0x00, 0x00, 0x4c, 0x00,
    0x00, 0x02, 0x12, 0xd0, 0x00, 0x00, 0x2d, 0x36, 0x00, 0x0a, 0xa3, 0xc0, 0x00, 0x00, 0x2e, 0x1d,
    0x40, 0x1e, 0x14, 0xb0, 0x00, 0x00, 0x1e, 0x02, 0xd3, 0x97, 0x05, 0xa0, 0x00, 0x00, 0x2e, 0x00,
    0x4d, 0xd1, 0x05, 0xa0, 0x00, 0x00, 0x2d, 0x00, 0x0d, 0xc0, 0x05, 0x90, 0x00, 0x00, 0x3c, 0x00,
    0x8a, 0xa9, 0x05, 0xa0, 0x00, 0x00, 0x5a, 0x04, 0xd1, 0x1d, 0x54, 0xb0, 0x00, 0x00, 0x97, 0x3e,
    0x40, 0x04, 0xe4, 0xc0, 0x00, 0x01, 0xe4, 0xe6, 0x00, 0x00, 0x84, 0xe1, 0x41, 0x09, 0xa0, 0x20,
    0x00, 0x00, 0x00, 0xa7, 0xd4, 0x2d, 0x20, 0x00, 0x00, 0x00, 0x00, 0x3f, 0xd0, 0x00, 0x00, 0x00,
    0x00, 0x00, 0x00, 0x02, 0x10, 0x00, 0x00, 0xd3, 0x01, 0x00, 0x00, 0x00, 0x00, 0x00, 0x75, 0xcf,
    0xfc, 0x6f, 0xff, 0xfa, 0x00, 0x01, 0xef, 0xff, 0xf9, 0x16, 0x11, 0xc2, 0x00, 0x08, 0x84, 0x01,
    0xb4, 0x13, 0xbd, 0x50, 0x00, 0x09, 0x19, 0x9b, 0x5d, 0x95, 0xd7, 0xd6, 0x00, 0x00, 0x18, 0xa7,
    0xb4, 0x6f, 0x50, 0x1a, 0x40, 0x0b, 0xc7, 0x97, 0x1c, 0x31, 0x9a, 0x50, 0x00, 0x01, 0x7e, 0xff,
    0xff, 0xff, 0xfc, 0x9e, 0xc2, 0x1d, 0xeb, 0xa0, 0x00, 0x00, 0x2b, 0x01, 0x40, 0x04, 0x14, 0xff,
    0xff, 0xff, 0xfb, 0x00, 0x00, 0x00, 0x04, 0xa0, 0x00, 0x00, 0x2b, 0x00, 0x00, 0x00, 0x04, 0xff,
    0xff, 0xff, 0xec, 0xc4, 0x00, 0x00, 0x04, 0xa0, 0x16, 0xbb, 0xaa, 0x20, 0x00, 0x00, 0x06, 0xca,
    0xc4, 0x03, 0xad, 0x50, 0x00, 0x00, 0x07, 0x93, 0x00, 0x00, 0x03, 0xa1, 0x00, 0x00, 0x00, 0xa4,
    0x00, 0x00, 0x79, 0x00, 0x00, 0x00, 0x00, 0x2d, 0x40, 0x02, 0xd3, 0x00, 0x00, 0x02, 0x11, 0x03,
    0x60, 0x1c, 0x40, 0x11, 0x20, 0x2f, 0xff, 0xff, 0xff, 0xff, 0xff, 0xff, 0xf1, 0x02, 0x11, 0x10,
    0x2b, 0x10, 0x01, 0x11, 0x20, 0x00, 0x0b, 0xdf, 0xff, 0xff, 0xfd, 0x90, 0x00, 0x00, 0x0d, 0x10,
    0x00, 0x00, 0x04, 0xb0, 0x00, 0x00, 0x0d, 0xff, 0xff, 0xff, 0xff, 0xb0, 0x00, 0x00, 0x0d, 0x10,
    0x00, 0x00, 0x04, 0xb0, 0x00, 0x00, 0x0d, 0x10, 0x00, 0x00, 0x04, 0xb0, 0x00, 0x00, 0x0d, 0xff,
    0xff, 0xff, 0xff, 0xb0, 0x00, 0x00, 0x0d, 0x10, 0x00, 0x00, 0x05, 0xb0, 0x00, 0x00, 0x0d, 0xff,
    0xff, 0xff, 0xff, 0xb0, 0x00, 0x00, 0x0d, 0x10, 0x00, 0x00, 0x04, 0xc0, 0x00, 0x00, 0x0e, 0x10,
    0x00, 0x00, 0x01, 0x20, 0x00, 0x01, 0x00, 0x01, 0x00, 0x0b, 0x30, 0x00, 0x00, 0x1f, 0xff, 0xfd,
    0x00, 0x04, 0xd2, 0x00, 0x00, 0x00, 0x51, 0x1c, 0x00, 0x00, 0x57, 0x00, 0x00, 0x01, 0xe1, 0x2b,
    0x2f, 0xff, 0xff, 0xff, 0xe0, 0x02, 0xb0, 0x3a, 0x00, 0x00, 0x77, 0x00, 0x00, 0x03, 0xa0, 0x49,
    0x00, 0x00, 0x77, 0x00, 0x00, 0x05, 0x90, 0x58, 0x00, 0x00, 0x77, 0x00, 0x00, 0x07, 0xff, 0xff,
    0xa5, 0xee, 0xee, 0xee, 0x60, 0x00, 0x00, 0x00, 0xe0, 0x00, 0x77, 0x00, 0x00, 0x00, 0x00, 0x01,
    0xd0, 0x00, 0x77, 0x00, 0x00, 0x00, 0x04, 0x94, 0xc0, 0x00, 0x77, 0x00, 0x00, 0x2c, 0xda, 0x54,
    0xa0, 0x00, 0x77, 0x00, 0x00, 0x04, 0x00, 0x06, 0x90, 0x00, 0x77, 0x00, 0x00, 0x00, 0x04, 0x7d,
    0x9f, 0xff, 0xff, 0xff, 0xf4, 0x00, 0x05, 0xe9, 0x00, 0x00, 0x00, 0x00, 0x00, 0x01, 0x00, 0x00,
    0x00, 0x08, 0x70, 0x00, 0x00, 0x0e, 0xff, 0xf9, 0x00, 0x0d, 0xa0, 0x00, 0x00, 0x02, 0x00, 0x77,
    0x00, 0x59, 0x76, 0x00, 0x00, 0x05, 0x90, 0x86, 0x01, 0xc1, 0x0b, 0x40, 0x00, 0x06, 0x70, 0x95,
    0x09, 0x60, 0x02, 0xd4, 0x00, 0x07, 0x60, 0xa3, 0x7b, 0x10, 0x00, 0x4e, 0x70, 0x08, 0x50, 0xb6,
    0xc7, 0xff, 0xff, 0xf3, 0xb1, 0x08, 0xff, 0xff, 0x31, 0x15, 0x00, 0x21, 0x00, 0x00, 0x00, 0x0c,
    0x26, 0x0a, 0x50, 0x6c, 0x00, 0x02, 0x48, 0x7d, 0x0b, 0x42, 0xc0, 0xa5, 0x00, 0x1c, 0x84, 0x0c,
    0x03, 0xc0, 0xb4, 0xd0, 0x00, 0x00, 0x00, 0x1b, 0x00, 0xa2, 0x04, 0x90, 0x00, 0x00, 0x00, 0x48,
    0x10, 0x00, 0x0a, 0x31, 0x10, 0x00, 0x18, 0x81, 0xaf, 0xff, 0xff, 0xff, 0xc0, 0x00, 0x00, 0x00,
    0x11, 0x00, 0x00, 0x01, 0x10, 0x00, 0x00, 0x03, 0xc1, 0x00, 0x00, 0x00, 0x21, 0x10, 0x00, 0xd5,
    0x00, 0x01, 0x12, 0xdf, 0xff, 0xff, 0xff, 0xff, 0xff, 0xfc, 0x21, 0x2f, 0xff, 0xff, 0xff, 0xf1,
    0x12, 0x00, 0x1d, 0x00, 0x00, 0x00, 0xe0, 0x00, 0x00, 0x2f, 0xff, 0xff, 0xff, 0xe0, 0x00, 0x01,
    0x10, 0x00, 0x00, 0x00, 0x00, 0x00, 0x0f, 0xff, 0xff, 0xff, 0xfe, 0xed, 0xb1, 0x0e, 0x20, 0x00,
    0x00, 0x00, 0x01, 0xf0, 0x0d, 0x23, 0xff, 0xff, 0xff, 0x21, 0xf0, 0x0d, 0x22, 0xc0, 0x00, 0x0c,
    0x21, 0xf0, 0x0d, 0x23, 0xff, 0xff, 0xff, 0x21, 0xf0, 0x0e, 0x20, 0x00, 0x00, 0x00, 0x01, 0xf0,
    0x0f, 0x20, 0x00, 0x00, 0x00, 0x35, 0xe0, 0x04, 0x10, 0x00, 0x00, 0x00, 0xbd, 0x80, 0x00, 0x00,
    0x5b, 0x00, 0x89, 0x00, 0x00, 0x01, 0x10, 0x5a, 0x00, 0x78, 0x01, 0x10, 0x0a, 0xff, 0xff, 0xff,
    0xff, 0xff, 0x90, 0x12, 0x10, 0x5a, 0x00, 0x78, 0x01, 0x21, 0xef, 0xff, 0xff, 0xff, 0xff, 0xff,
    0xfe, 0x11, 0x00, 0x00, 0x69, 0x00, 0x00, 0x11, 0x00, 0x9e, 0xef, 0xff, 0xff, 0xec, 0x10, 0x00,
    0xb4, 0x00, 0x69, 0x00, 0x0e, 0x10, 0x00, 0xaf, 0xff, 0xff, 0xff, 0xff, 0x00, 0x00, 0xb4, 0x00,
    0x69, 0x00, 0x0e, 0x10, 0x00, 0xbf, 0xff, 0xff, 0xff, 0xff, 0x10, 0x00, 0x11, 0x22, 0x00, 0x2c,
    0x55, 0x10, 0x00, 0x04, 0xd9, 0x00, 0x04, 0xd9, 0x10, 0x04, 0xbb, 0x30, 0x00, 0x00, 0x08, 0xe2,
    0x2c, 0x50, 0x00, 0x00, 0x00, 0x00, 0x20, 0x05, 0xff, 0xff, 0xff, 0xff, 0xff, 0x60, 0x04, 0xa3,
    0x70, 0x87, 0x04, 0x39, 0x50, 0x04, 0xa1, 0xc4, 0x87, 0x1c, 0x29, 0x50, 0x04, 0xa0, 0x49, 0x87,
    0xb4, 0x09, 0x50, 0x05, 0xff, 0xff, 0xff, 0xff, 0xff, 0x60, 0x00, 0x00, 0x00, 0x87, 0x00, 0x00,
    0x00, 0x00, 0x00, 0x00, 0x87, 0x00, 0x00, 0x00, 0x06, 0xff, 0xff, 0xff, 0xff, 0xff, 0x60, 0x11,
    0x10, 0x00, 0x87, 0x00, 0x01, 0x11, 0xdf, 0xff, 0xff, 0xff, 0xff, 0xff, 0xf9, 0x11, 0x20, 0x23,
    0x00, 0x60, 0x08, 0x31, 0x05, 0xb0, 0x3d, 0x00, 0xa6, 0x05, 0xd1, 0x2d, 0x30, 0x0a, 0x60, 0x2c,
    0x00, 0x8a, 0x95, 0x00, 0x01, 0x00, 0x00, 0x00, 0x02, 0x01, 0x10, 0x00, 0x11, 0x00, 0x4d, 0x00,
    0x00, 0x09, 0xff, 0xff, 0xfa, 0x00, 0x3b, 0x42, 0x00, 0x09, 0x72, 0xd2, 0xca, 0x00, 0x3b, 0x3d,
    0x20, 0x09, 0x6a, 0xd7, 0x4a, 0x00, 0x3a, 0x04, 0x80, 0x0a, 0x32, 0xd0, 0x2a, 0x11, 0x3a, 0x00,
    0x10, 0x06, 0xdf, 0xff, 0xfa, 0xcf, 0xff, 0xff, 0xd0, 0x00, 0x00, 0xd0, 0x11, 0x11, 0x5b, 0x01,
    0x10, 0x0a, 0xff, 0xff, 0xfa, 0x00, 0x8f, 0x10, 0x00, 0x00, 0x12, 0xd5, 0x69, 0x00, 0xb8, 0x60,
    0x00, 0x5d, 0xb9, 0x86, 0x54, 0x01, 0xd1, 0xc0, 0x00, 0x01, 0x10, 0x03, 0x55, 0x08, 0x70, 0x95,
    0x00, 0x09, 0x4c, 0x1c, 0x1c, 0x3d, 0x10, 0x2d, 0x10, 0x0d, 0x1a, 0x28, 0x34, 0xd3, 0x00, 0x08,
    0xb0, 0x27, 0x03, 0x10, 0x0b, 0x40, 0x00, 0x01, 0xb2, 0xcd, 0x8c, 0x0a, 0x83,
};

static const lv_font_fmt_txt_glyph_dsc_t lv_font_cn_16_glyph_dsc[] = {
    { .bitmap_index = 0, .adv_w = 0, .box_w = 0, .box_h = 0, .ofs_x = 0, .ofs_y = 0 },
    { .bitmap_index = 0, .adv_w = 64, .box_w = 0, .box_h = 0, .ofs_x = 0, .ofs_y = 0 },
    { .bitmap_index = 0, .adv_w = 76, .box_w = 3, .box_h = 13, .ofs_x = 1, .ofs_y = -11 },
    { .bitmap_index = 20, .adv_w = 79, .box_w = 5, .box_h = 4, .ofs_x = 0, .ofs_y = -2 },
    { .bitmap_index = 30, .adv_w = 184, .box_w = 10, .box_h = 12, .ofs_x = 1, .ofs_y = -10 },
    { .bitmap_index = 90, .adv_w = 137, .box_w = 9, .box_h = 15, .ofs_x = 0, .ofs_y = -12 },
    { .bitmap_index = 158, .adv_w = 198, .box_w = 13, .box_h = 13, .ofs_x = 0, .ofs_y = -11 },
    { .bitmap_index = 243, .adv_w = 194, .box_w = 11, .box_h = 13, .ofs_x = 1, .ofs_y = -11 },
    { .bitmap_index = 315, .adv_w = 51, .box_w = 2, .box_h = 4, .ofs_x = 1, .ofs_y = -2 },
    { .bitmap_index = 319, .adv_w = 94, .box_w = 3, .box_h = 15, .ofs_x = 2, .ofs_y = -13 },
    { .bitmap_index = 342, .adv_w = 94, .box_w = 3, .box_h = 15, .ofs_x = 1, .ofs_y = -13 },
    { .bitmap_index = 365, .adv_w = 109, .box_w = 7, .box_h = 6, .ofs_x = 0, .ofs_y = -4 },
    { .bitmap_index = 386, .adv_w = 155, .box_w = 9, .box_h = 8, .ofs_x = 0, .ofs_y = -8 },
    { .bitmap_index = 422, .adv_w = 71, .box_w = 3, .box_h = 3, .ofs_x = 1, .ofs_y = -11 },
    { .bitmap_index = 427, .adv_w = 85, .box_w = 5, .box_h = 1, .ofs_x = 0, .ofs_y = -6 },
    { .bitmap_index = 430, .adv_w = 71, .box_w = 3, .box_h = 3, .ofs_x = 1, .ofs_y = -11 },
    { .bitmap_index = 435, .adv_w = 112, .box_w = 7, .box_h = 14, .ofs_x = 0, .ofs_y = -12 },
    { .bitmap_index = 484, .adv_w = 142, .box_w = 9, .box_h = 13, .ofs_x = 0, .ofs_y = -10 },
    { .bitmap_index = 543, .adv_w = 142, .box_w = 4, .box_h = 11, .ofs_x = 2, .ofs_y = -10 },
    { .bitmap_index = 565, .adv_w = 142, .box_w = 9, .box_h = 12, .ofs_x = 0, .ofs_y = -10 },
    { .bitmap_index = 619, .adv_w = 142, .box_w = 9, .box_h = 12, .ofs_x = 0, .ofs_y = -10 },
    { .bitmap_index = 673, .adv_w = 142, .box_w = 9, .box_h = 12, .ofs_x = 0, .ofs_y = -10 },
    { .bitmap_index = 727, .adv_w = 142, .box_w = 9, .box_h = 11, .ofs_x = 0, .ofs_y = -10 },
    { .bitmap_index = 777, .adv_w = 142, .box_w = 8, .box_h = 13, .ofs_x = 1, .ofs_y = -11 },
    { .bitmap_index = 829, .adv_w = 142, .box_w = 8, .box_h = 11, .ofs_x = 1, .ofs_y = -10 },
    { .bitmap_index = 873, .adv_w = 142, .box_w = 9, .box_h = 13, .ofs_x = 0, .ofs_y = -11 },
    { .bitmap_index = 932, .adv_w = 142, .box_w = 8, .box_h = 13, .ofs_x = 0, .ofs_y = -10 },
    { .bitmap_index = 984, .adv_w = 71, .box_w = 3, .box_h = 10, .ofs_x = 1, .ofs_y = -11 },
    { .bitmap_index = 999, .adv_w = 71, .box_w = 3, .box_h = 10, .ofs_x = 1, .ofs_y = -11 },
    { .bitmap_index = 1014, .adv_w = 155, .box_w = 9, .box_h = 8, .ofs_x = 0, .ofs_y = -8 },
    { .bitmap_index = 1050, .adv_w = 155, .box_w = 9, .box_h = 5, .ofs_x = 0, .ofs_y = -7 },
    { .bitmap_index = 1073, .adv_w = 155, .box_w = 9, .box_h = 8, .ofs_x = 0, .ofs_y = -8 },
    { .bitmap_index = 1109, .adv_w = 127, .box_w = 8, .box_h = 12, .ofs_x = 0, .ofs_y = -10 },
    { .bitmap_index = 1157, .adv_w = 222, .box_w = 12, .box_h = 14, .ofs_x = 1, .ofs_y = -11 },
    { .bitmap_index = 1241, .adv_w = 190, .box_w = 12, .box_h = 12, .ofs_x = 0, .ofs_y = -10 },
    { .bitmap_index = 1313, .adv_w = 147, .box_w = 8, .box_h = 11, .ofs_x = 1, .ofs_y = -10 },
    { .bitmap_index = 1357, .adv_w = 208, .box_w = 13, .box_h = 12, .ofs_x = 0, .ofs_y = -10 },
    { .bitmap_index = 1435, .adv_w = 190, .box_w = 11, .box_h = 11, .ofs_x = 1, .ofs_y = -10 },
    { .bitmap_index = 1496, .adv_w = 137, .box_w = 7, .box_h = 11, .ofs_x = 1, .ofs_y = -10 },
    { .bitmap_index = 1535, .adv_w = 124, .box_w = 7, .box_h = 11, .ofs_x = 1, .ofs_y = -10 },
    { .bitmap_index = 1574, .adv_w = 223, .box_w = 14, .box_h = 12, .ofs_x = 0, .ofs_y = -10 },
    { .bitmap_index = 1658, .adv_w = 175, .box_w = 9, .box_h = 11, .ofs_x = 1, .ofs_y = -10 },
    { .bitmap_index = 1708, .adv_w = 58, .box_w = 2, .box_h = 11, .ofs_x = 1, .ofs_y = -10 },
    { .bitmap_index = 1719, .adv_w = 124, .box_w = 7, .box_h = 12, .ofs_x = 0, .ofs_y = -11 },
    { .bitmap_index = 1761, .adv_w = 151, .box_w = 9, .box_h = 11, .ofs_x = 1, .ofs_y = -10 },
    { .bitmap_index = 1811, .adv_w = 118, .box_w = 6, .box_h = 11, .ofs_x = 1, .ofs_y = -10 },
    { .bitmap_index = 1844, .adv_w = 235, .box_w = 14, .box_h = 11, .ofs_x = 0, .ofs_y = -10 },
    { .bitmap_index = 1921, .adv_w = 190, .box_w = 10, .box_h = 11, .ofs_x = 1, .ofs_y = -10 },
    { .bitmap_index = 1976, .adv_w = 222, .box_w = 13, .box_h = 13, .ofs_x = 0, .ofs_y = -11 },
    { .bitmap_index = 2061, .adv_w = 152, .box_w = 8, .box_h = 11, .ofs_x = 1, .ofs_y = -10 },
    { .bitmap_index = 2105, .adv_w = 223, .box_w = 13, .box_h = 14, .ofs_x = 0, .ofs_y = -11 },
    { .bitmap_index = 2196, .adv_w = 156, .box_w = 8, .box_h = 11, .ofs_x = 1, .ofs_y = -10 },
    { .bitmap_index = 2240, .adv_w = 128, .box_w = 7, .box_h = 12, .ofs_x = 0, .ofs_y = -10 },
    { .bitmap_index = 2282, .adv_w = 109, .box_w = 7, .box_h = 11, .ofs_x = 0, .ofs_y = -10 },
    { .bitmap_index = 2321, .adv_w = 168, .box_w = 9, .box_h = 12, .ofs_x = 1, .ofs_y = -11 },
    { .bitmap_index = 2375, .adv_w = 180, .box_w = 11, .box_h = 11, .ofs_x = 0, .ofs_y = -10 },
    { .bitmap_index = 2436, .adv_w = 246, .box_w = 15, .box_h = 11, .ofs_x = 0, .ofs_y = -10 },
    { .bitmap_index = 2519, .adv_w = 156, .box_w = 10, .box_h = 11, .ofs_x = 0, .ofs_y = -10 },
    { .bitmap_index = 2574, .adv_w = 152, .box_w = 9, .box_h = 11, .ofs_x = 0, .ofs_y = -10 },
    { .bitmap_index = 2624, .adv_w = 123, .box_w = 7, .box_h = 11, .ofs_x = 0, .ofs_y = -10 },
    { .bitmap_index = 2663, .adv_w = 90, .box_w = 3, .box_h = 15, .ofs_x = 2, .ofs_y = -13 },
    { .bitmap_index = 2686, .adv_w = 155, .box_w = 10, .box_h = 14, .ofs_x = 0, .ofs_y = -12 },
    { .bitmap_index = 2756, .adv_w = 90, .box_w = 4, .box_h = 15, .ofs_x = 0, .ofs_y = -13 },
    { .bitmap_index = 2786, .adv_w = 172, .box_w = 10, .box_h = 8, .ofs_x = 0, .ofs_y = -7 },
    { .bitmap_index = 2826, .adv_w = 128, .box_w = 8, .box_h = 1, .ofs_x = 0, .ofs_y = -12 },
    { .bitmap_index = 2830, .adv_w = 97, .box_w = 5, .box_h = 2, .ofs_x = 0, .ofs_y = 0 },
    { .bitmap_index = 2835, .adv_w = 175, .box_w = 10, .box_h = 10, .ofs_x = 0, .ofs_y = -11 },
    { .bitmap_index = 2885, .adv_w = 174, .box_w = 10, .box_h = 13, .ofs_x = 1, .ofs_y = -11 },
    { .bitmap_index = 2950, .adv_w = 166, .box_w = 10, .box_h = 9, .ofs_x = 0, .ofs_y = -10 },
    { .bitmap_index = 2995, .adv_w = 175, .box_w = 10, .box_h = 13, .ofs_x = 0, .ofs_y = -11 },
    { .bitmap_index = 3060, .adv_w = 166, .box_w = 10, .box_h = 9, .ofs_x = 0, .ofs_y = -10 },
    { .bitmap_index = 3105, .adv_w = 80, .box_w = 5, .box_h = 12, .ofs_x = 0, .ofs_y = -10 },
    { .bitmap_index = 3135, .adv_w = 172, .box_w = 10, .box_h = 12, .ofs_x = 0, .ofs_y = -13 },
    { .bitmap_index = 3195, .adv_w = 156, .box_w = 8, .box_h = 12, .ofs_x = 1, .ofs_y = -10 },
    { .bitmap_index = 3243, .adv_w = 51, .box_w = 3, .box_h = 12, .ofs_x = 0, .ofs_y = -10 },
    { .bitmap_index = 3261, .adv_w = 52, .box_w = 3, .box_h = 15, .ofs_x = 0, .ofs_y = -13 },
    { .bitmap_index = 3284, .adv_w = 128, .box_w = 7, .box_h = 12, .ofs_x = 1, .ofs_y = -10 },
    { .bitmap_index = 3326, .adv_w = 51, .box_w = 2, .box_h = 12, .ofs_x = 1, .ofs_y = -10 },
    { .bitmap_index = 3338, .adv_w = 240, .box_w = 13, .box_h = 9, .ofs_x = 1, .ofs_y = -10 },
    { .bitmap_index = 3397, .adv_w = 156, .box_w = 8, .box_h = 9, .ofs_x = 1, .ofs_y = -10 },
    { .bitmap_index = 3433, .adv_w = 168, .box_w = 10, .box_h = 10, .ofs_x = 0, .ofs_y = -11 },
    { .bitmap_index = 3483, .adv_w = 174, .box_w = 10, .box_h = 12, .ofs_x = 1, .ofs_y = -13 },
    { .bitmap_index = 3543, .adv_w = 174, .box_w = 10, .box_h = 12, .ofs_x = 0, .ofs_y = -13 },
    { .bitmap_index = 3603, .adv_w = 77, .box_w = 5, .box_h = 9, .ofs_x = 0, .ofs_y = -10 },
    { .bitmap_index = 3626, .adv_w = 99, .box_w = 6, .box_h = 9, .ofs_x = 0, .ofs_y = -10 },
    { .bitmap_index = 3653, .adv_w = 87, .box_w = 6, .box_h = 12, .ofs_x = 0, .ofs_y = -10 },
    { .bitmap_index = 3689, .adv_w = 156, .box_w = 8, .box_h = 9, .ofs_x = 1, .ofs_y = -11 },
    { .bitmap_index = 3725, .adv_w = 142, .box_w = 9, .box_h = 8, .ofs_x = 0, .ofs_y = -10 },
    { .bitmap_index = 3761, .adv_w = 213, .box_w = 14, .box_h = 8, .ofs_x = 0, .ofs_y = -10 },
    { .bitmap_index = 3817, .adv_w = 123, .box_w = 8, .box_h = 8, .ofs_x = 0, .ofs_y = -10 },
    { .bitmap_index = 3849, .adv_w = 137, .box_w = 9, .box_h = 11, .ofs_x = 0, .ofs_y = -13 },
    { .bitmap_index = 3899, .adv_w = 109, .box_w = 7, .box_h = 8, .ofs_x = 0, .ofs_y = -10 },
    { .bitmap_index = 3927, .adv_w = 90, .box_w = 6, .box_h = 15, .ofs_x = 0, .ofs_y = -13 },
    { .bitmap_index = 3972, .adv_w = 122, .box_w = 2, .box_h = 16, .ofs_x = 3, .ofs_y = -13 },
    { .bitmap_index = 3988, .adv_w = 90, .box_w = 6, .box_h = 15, .ofs_x = 0, .ofs_y = -13 },
    { .bitmap_index = 4033, .adv_w = 155, .box_w = 9, .box_h = 3, .ofs_x = 0, .ofs_y = -6 },
    { .bitmap_index = 4047, .adv_w = 183, .box_w = 11, .box_h = 10, .ofs_x = 0, .ofs_y = -9 },
    { .bitmap_index = 4102, .adv_w = 256, .box_w = 16, .box_h = 1, .ofs_x = 0, .ofs_y = -5 },
    { .bitmap_index = 4110, .adv_w = 256, .box_w = 14, .box_h = 3, .ofs_x = 1, .ofs_y = -7 },
    { .bitmap_index = 4131, .adv_w = 256, .box_w = 8, .box_h = 15, .ofs_x = 4, .ofs_y = -13 },
    { .bitmap_index = 4191, .adv_w = 256, .box_w = 16, .box_h = 6, .ofs_x = 0, .ofs_y = -8 },
    { .bitmap_index = 4239, .adv_w = 256, .box_w = 8, .box_h = 14, .ofs_x = 4, .ofs_y = -12 },
    { .bitmap_index = 4295, .adv_w = 256, .box_w = 14, .box_h = 14, .ofs_x = 1, .ofs_y = -12 },
    { .bitmap_index = 4393, .adv_w = 256, .box_w = 14, .box_h = 14, .ofs_x = 1, .ofs_y = -12 },
    { .bitmap_index = 4491, .adv_w = 256, .box_w = 14, .box_h = 13, .ofs_x = 1, .ofs_y = -12 },
    { .bitmap_index = 4582, .adv_w = 256, .box_w = 14, .box_h = 13, .ofs_x = 1, .ofs_y = -12 },
    { .bitmap_index = 4673, .adv_w = 256, .box_w = 14, .box_h = 11, .ofs_x = 1, .ofs_y = -10 },
    { .bitmap_index = 4750, .adv_w = 254, .box_w = 12, .box_h = 11, .ofs_x = 2, .ofs_y = -10 },
    { .bitmap_index = 4816, .adv_w = 256, .box_w = 14, .box_h = 13, .ofs_x = 1, .ofs_y = -12 },
    { .bitmap_index = 4907, .adv_w = 254, .box_w = 12, .box_h = 11, .ofs_x = 2, .ofs_y = -10 },
    { .bitmap_index = 4973, .adv_w = 241, .box_w = 13, .box_h = 12, .ofs_x = 1, .ofs_y = -6 },
    { .bitmap_index = 5051, .adv_w = 193, .box_w = 12, .box_h = 10, .ofs_x = 0, .ofs_y = -18 },
    { .bitmap_index = 5111, .adv_w = 217, .box_w = 13, .box_h = 11, .ofs_x = 0, .ofs_y = -18 },
    { .bitmap_index = 5183, .adv_w = 146, .box_w = 10, .box_h = 9, .ofs_x = 0, .ofs_y = -18 },
    { .bitmap_index = 5228, .adv_w = 256, .box_w = 5, .box_h = 5, .ofs_x = 2, .ofs_y = -11 },
    { .bitmap_index = 5241, .adv_w = 256, .box_w = 16, .box_h = 1, .ofs_x = 0, .ofs_y = -5 },
    { .bitmap_index = 5249, .adv_w = 256, .box_w = 14, .box_h = 11, .ofs_x = 1, .ofs_y = -11 },
    { .bitmap_index = 5326, .adv_w = 256, .box_w = 14, .box_h = 14, .ofs_x = 1, .ofs_y = -12 },
    { .bitmap_index = 5424, .adv_w = 256, .box_w = 14, .box_h = 13, .ofs_x = 1, .ofs_y = -12 },
    { .bitmap_index = 5515, .adv_w = 256, .box_w = 16, .box_h = 13, .ofs_x = 0, .ofs_y = -12 },
    { .bitmap_index = 5619, .adv_w = 256, .box_w = 14, .box_h = 15, .ofs_x = 1, .ofs_y = -13 },
    { .bitmap_index = 5724, .adv_w = 256, .box_w = 16, .box_h = 13, .ofs_x = 0, .ofs_y = -12 },
    { .bitmap_index = 5828, .adv_w = 256, .box_w = 16, .box_h = 14, .ofs_x = 0, .ofs_y = -12 },
    { .bitmap_index = 5940, .adv_w = 256, .box_w = 16, .box_h = 14, .ofs_x = 0, .ofs_y = -12 },
    { .bitmap_index = 6052, .adv_w = 256, .box_w = 16, .box_h = 14, .ofs_x = 0, .ofs_y = -12 },
    { .bitmap_index = 6164, .adv_w = 256, .box_w = 14, .box_h = 14, .ofs_x = 1, .ofs_y = -13 },
    { .bitmap_index = 6262, .adv_w = 256, .box_w = 16, .box_h = 15, .ofs_x = 0, .ofs_y = -13 },
    { .bitmap_index = 6382, .adv_w = 256, .box_w = 12, .box_h = 15, .ofs_x = 2, .ofs_y = -13 },
    { .bitmap_index = 6472, .adv_w = 256, .box_w = 14, .box_h = 15, .ofs_x = 1, .ofs_y = -13 },
    { .bitmap_index = 6577, .adv_w = 256, .box_w = 14, .box_h = 14, .ofs_x = 1, .ofs_y = -12 },
    { .bitmap_index = 6675, .adv_w = 256, .box_w = 16, .box_h = 15, .ofs_x = 0, .ofs_y = -13 },
    { .bitmap_index = 6795, .adv_w = 256, .box_w = 16, .box_h = 15, .ofs_x = 0, .ofs_y = -13 },
    { .bitmap_index = 6915, .adv_w = 256, .box_w = 12, .box_h = 14, .ofs_x = 2, .ofs_y = -13 },
    { .bitmap_index = 6999, .adv_w = 256, .box_w = 14, .box_h = 11, .ofs_x = 1, .ofs_y = -11 },
    { .bitmap_index = 7076, .adv_w = 256, .box_w = 14, .box_h = 13, .ofs_x = 1, .ofs_y = -12 },
    { .bitmap_index = 7167, .adv_w = 256, .box_w = 14, .box_h = 12, .ofs_x = 1, .ofs_y = -11 },
    { .bitmap_index = 7251, .adv_w = 256, .box_w = 14, .box_h = 15, .ofs_x = 1, .ofs_y = -13 },
    { .bitmap_index = 7356, .adv_w = 256, .box_w = 16, .box_h = 14, .ofs_x = 0, .ofs_y = -12 },
    { .bitmap_index = 7468, .adv_w = 256, .box_w = 16, .box_h = 15, .ofs_x = 0, .ofs_y = -13 },
    { .bitmap_index = 7588, .adv_w = 256, .box_w = 16, .box_h = 15, .ofs_x = 0, .ofs_y = -13 },
    { .bitmap_index = 7708, .adv_w = 256, .box_w = 16, .box_h = 15, .ofs_x = 0, .ofs_y = -13 },
    { .bitmap_index = 7828, .adv_w = 256, .box_w = 16, .box_h = 15, .ofs_x = 0, .ofs_y = -13 },
    { .bitmap_index = 7948, .adv_w = 256, .box_w = 16, .box_h = 15, .ofs_x = 0, .ofs_y = -13 },
    { .bitmap_index = 8068, .adv_w = 256, .box_w = 16, .box_h = 15, .ofs_x = 0, .ofs_y = -13 },
    { .bitmap_index = 8188, .adv_w = 256, .box_w = 16, .box_h = 15, .ofs_x = 0, .ofs_y = -13 },
    { .bitmap_index = 8308, .adv_w = 256, .box_w = 16, .box_h = 14, .ofs_x = 0, .ofs_y = -12 },
    { .bitmap_index = 8420, .adv_w = 256, .box_w = 16, .box_h = 14, .ofs_x = 0, .ofs_y = -12 },
    { .bitmap_index = 8532, .adv_w = 256, .box_w = 16, .box_h = 15, .ofs_x = 0, .ofs_y = -13 },
    { .bitmap_index = 8652, .adv_w = 256, .box_w = 16, .box_h = 14, .ofs_x = 0, .ofs_y = -12 },
    { .bitmap_index = 8764, .adv_w = 256, .box_w = 16, .box_h = 14, .ofs_x = 0, .ofs_y = -12 },
    { .bitmap_index = 8876, .adv_w = 256, .box_w = 16, .box_h = 15, .ofs_x = 0, .ofs_y = -13 },
    { .bitmap_index = 8996, .adv_w = 256, .box_w = 16, .box_h = 15, .ofs_x = 0, .ofs_y = -13 },
    { .bitmap_index = 9116, .adv_w = 256, .box_w = 16, .box_h = 15, .ofs_x = 0, .ofs_y = -13 },
    { .bitmap_index = 9236, .adv_w = 256, .box_w = 16, .box_h = 15, .ofs_x = 0, .ofs_y = -13 },
    { .bitmap_index = 9356, .adv_w = 256, .box_w = 16, .box_h = 15, .ofs_x = 0, .ofs_y = -13 },
    { .bitmap_index = 9476, .adv_w = 256, .box_w = 16, .box_h = 15, .ofs_x = 0, .ofs_y = -13 },
    { .bitmap_index = 9596, .adv_w = 256, .box_w = 16, .box_h = 14, .ofs_x = 0, .ofs_y = -12 },
    { .bitmap_index = 9708, .adv_w = 256, .box_w = 16, .box_h = 15, .ofs_x = 0, .ofs_y = -13 },
    { .bitmap_index = 9828, .adv_w = 256, .box_w = 14, .box_h = 15, .ofs_x = 1, .ofs_y = -13 },
    { .bitmap_index = 9933, .adv_w = 256, .box_w = 14, .box_h = 14, .ofs_x = 1, .ofs_y = -12 },
    { .bitmap_index = 10031, .adv_w = 256, .box_w = 16, .box_h = 14, .ofs_x = 0, .ofs_y = -12 },
    { .bitmap_index = 10143, .adv_w = 256, .box_w = 14, .box_h = 14, .ofs_x = 1, .ofs_y = -12 },
    { .bitmap_index = 10241, .adv_w = 256, .box_w = 14, .box_h = 14, .ofs_x = 1, .ofs_y = -12 },
    { .bitmap_index = 10339, .adv_w = 256, .box_w = 14, .box_h = 14, .ofs_x = 1, .ofs_y = -12 },
    { .bitmap_index = 10437, .adv_w = 256, .box_w = 16, .box_h = 14, .ofs_x = 0, .ofs_y = -13 },
    { .bitmap_index = 10549, .adv_w = 256, .box_w = 14, .box_h = 14, .ofs_x = 1, .ofs_y = -13 },
    { .bitmap_index = 10647, .adv_w = 256, .box_w = 16, .box_h = 14, .ofs_x = 0, .ofs_y = -12 },
    { .bitmap_index = 10759, .adv_w = 256, .box_w = 16, .box_h = 15, .ofs_x = 0, .ofs_y = -13 },
    { .bitmap_index = 10879, .adv_w = 256, .box_w = 14, .box_h = 14, .ofs_x = 1, .ofs_y = -12 },
    { .bitmap_index = 10977, .adv_w = 256, .box_w = 16, .box_h = 14, .ofs_x = 0, .ofs_y = -12 },
    { .bitmap_index = 11089, .adv_w = 256, .box_w = 14, .box_h = 14, .ofs_x = 1, .ofs_y = -12 },
    { .bitmap_index = 11187, .adv_w = 256, .box_w = 14, .box_h = 14, .ofs_x = 1, .ofs_y = -12 },
    { .bitmap_index = 11285, .adv_w = 256, .box_w = 16, .box_h = 15, .ofs_x = 0, .ofs_y = -13 },
    { .bitmap_index = 11405, .adv_w = 256, .box_w = 16, .box_h = 15, .ofs_x = 0, .ofs_y = -13 },
    { .bitmap_index = 11525, .adv_w = 256, .box_w = 14, .box_h = 14, .ofs_x = 1, .ofs_y = -12 },
    { .bitmap_index = 11623, .adv_w = 256, .box_w = 14, .box_h = 15, .ofs_x = 1, .ofs_y = -13 },
    { .bitmap_index = 11728, .adv_w = 256, .box_w = 16, .box_h = 15, .ofs_x = 0, .ofs_y = -13 },
    { .bitmap_index = 11848, .adv_w = 256, .box_w = 14, .box_h = 14, .ofs_x = 1, .ofs_y = -12 },
    { .bitmap_index = 11946, .adv_w = 256, .box_w = 16, .box_h = 14, .ofs_x = 0, .ofs_y = -12 },
    { .bitmap_index = 12058, .adv_w = 256, .box_w = 16, .box_h = 15, .ofs_x = 0, .ofs_y = -13 },
    { .bitmap_index = 12178, .adv_w = 256, .box_w = 14, .box_h = 14, .ofs_x = 1, .ofs_y = -12 },
    { .bitmap_index = 12276, .adv_w = 256, .box_w = 14, .box_h = 15, .ofs_x = 1, .ofs_y = -13 },
    { .bitmap_index = 12381, .adv_w = 256, .box_w = 15, .box_h = 15, .ofs_x = 1, .ofs_y = -13 },
    { .bitmap_index = 12494, .adv_w = 256, .box_w = 14, .box_h = 14, .ofs_x = 1, .ofs_y = -12 },
    { .bitmap_index = 12592, .adv_w = 256, .box_w = 14, .box_h = 15, .ofs_x = 1, .ofs_y = -13 },
    { .bitmap_index = 12697, .adv_w = 256, .box_w = 16, .box_h = 15, .ofs_x = 0, .ofs_y = -13 },
    { .bitmap_index = 12817, .adv_w = 256, .box_w = 14, .box_h = 14, .ofs_x = 1, .ofs_y = -12 },
    { .bitmap_index = 12915, .adv_w = 256, .box_w = 16, .box_h = 15, .ofs_x = 0, .ofs_y = -13 },
    { .bitmap_index = 13035, .adv_w = 256, .box_w = 16, .box_h = 14, .ofs_x = 0, .ofs_y = -12 },
    { .bitmap_index = 13147, .adv_w = 256, .box_w = 14, .box_h = 13, .ofs_x = 1, .ofs_y = -12 },
    { .bitmap_index = 13238, .adv_w = 256, .box_w = 14, .box_h = 13, .ofs_x = 1, .ofs_y = -12 },
    { .bitmap_index = 13329, .adv_w = 256, .box_w = 16, .box_h = 15, .ofs_x = 0, .ofs_y = -13 },
    { .bitmap_index = 13449, .adv_w = 256, .box_w = 14, .box_h = 14, .ofs_x = 1, .ofs_y = -12 },
    { .bitmap_index = 13547, .adv_w = 256, .box_w = 16, .box_h = 15, .ofs_x = 0, .ofs_y = -13 },
    { .bitmap_index = 13667, .adv_w = 256, .box_w = 16, .box_h = 15, .ofs_x = 0, .ofs_y = -13 },
    { .bitmap_index = 13787, .adv_w = 256, .box_w = 14, .box_h = 15, .ofs_x = 1, .ofs_y = -13 },
    { .bitmap_index = 13892, .adv_w = 256, .box_w = 14, .box_h = 15, .ofs_x = 1, .ofs_y = -13 },
    { .bitmap_index = 13997, .adv_w = 256, .box_w = 14, .box_h = 13, .ofs_x = 1, .ofs_y = -12 },
    { .bitmap_index = 14088, .adv_w = 256, .box_w = 14, .box_h = 14, .ofs_x = 1, .ofs_y = -13 },
    { .bitmap_index = 14186, .adv_w = 256, .box_w = 16, .box_h = 13, .ofs_x = 0, .ofs_y = -12 },
    { .bitmap_index = 14290, .adv_w = 256, .box_w = 16, .box_h = 13, .ofs_x = 0, .ofs_y = -12 },
    { .bitmap_index = 14394, .adv_w = 256, .box_w = 16, .box_h = 15, .ofs_x = 0, .ofs_y = -13 },
    { .bitmap_index = 14514, .adv_w = 256, .box_w = 16, .box_h = 13, .ofs_x = 0, .ofs_y = -12 },
    { .bitmap_index = 14618, .adv_w = 256, .box_w = 16, .box_h = 13, .ofs_x = 0, .ofs_y = -12 },
    { .bitmap_index = 14722, .adv_w = 256, .box_w = 14, .box_h = 13, .ofs_x = 1, .ofs_y = -12 },
    { .bitmap_index = 14813, .adv_w = 256, .box_w = 16, .box_h = 14, .ofs_x = 0, .ofs_y = -12 },
    { .bitmap_index = 14925, .adv_w = 256, .box_w = 16, .box_h = 14, .ofs_x = 0, .ofs_y = -13 },
    { .bitmap_index = 15037, .adv_w = 256, .box_w = 14, .box_h = 14, .ofs_x = 1, .ofs_y = -12 },
    { .bitmap_index = 15135, .adv_w = 256, .box_w = 12, .box_h = 12, .ofs_x = 2, .ofs_y = -12 },
    { .bitmap_index = 15207, .adv_w = 256, .box_w = 14, .box_h = 13, .ofs_x = 1, .ofs_y = -12 },
    { .bitmap_index = 15298, .adv_w = 256, .box_w = 16, .box_h = 13, .ofs_x = 0, .ofs_y = -12 },
    { .bitmap_index = 15402, .adv_w = 256, .box_w = 16, .box_h = 15, .ofs_x = 0, .ofs_y = -13 },
    { .bitmap_index = 15522, .adv_w = 256, .box_w = 15, .box_h = 14, .ofs_x = 1, .ofs_y = -12 },
    { .bitmap_index = 15627, .adv_w = 256, .box_w = 16, .box_h = 13, .ofs_x = 0, .ofs_y = -12 },
    { .bitmap_index = 15731, .adv_w = 256, .box_w = 16, .box_h = 15, .ofs_x = 0, .ofs_y = -13 },
    { .bitmap_index = 15851, .adv_w = 256, .box_w = 16, .box_h = 15, .ofs_x = 0, .ofs_y = -13 },
    { .bitmap_index = 15971, .adv_w = 256, .box_w = 12, .box_h = 13, .ofs_x = 2, .ofs_y = -12 },
    { .bitmap_index = 16049, .adv_w = 256, .box_w = 14, .box_h = 14, .ofs_x = 1, .ofs_y = -12 },
    { .bitmap_index = 16147, .adv_w = 256, .box_w = 15, .box_h = 15, .ofs_x = 1, .ofs_y = -13 },
    { .bitmap_index = 16260, .adv_w = 256, .box_w = 14, .box_h = 14, .ofs_x = 1, .ofs_y = -12 },
    { .bitmap_index = 16358, .adv_w = 256, .box_w = 14, .box_h = 15, .ofs_x = 1, .ofs_y = -13 },
    { .bitmap_index = 16463, .adv_w = 256, .box_w = 14, .box_h = 14, .ofs_x = 1, .ofs_y = -12 },
    { .bitmap_index = 16561, .adv_w = 256, .box_w = 14, .box_h = 14, .ofs_x = 1, .ofs_y = -13 },
    { .bitmap_index = 16659, .adv_w = 256, .box_w = 16, .box_h = 14, .ofs_x = 0, .ofs_y = -13 },
    { .bitmap_index = 16771, .adv_w = 256, .box_w = 14, .box_h = 14, .ofs_x = 1, .ofs_y = -13 },
    { .bitmap_index = 16869, .adv_w = 256, .box_w = 12, .box_h = 14, .ofs_x = 2, .ofs_y = -13 },
    { .bitmap_index = 16953, .adv_w = 256, .box_w = 12, .box_h = 14, .ofs_x = 2, .ofs_y = -13 },
    { .bitmap_index = 17037, .adv_w = 256, .box_w = 14, .box_h = 14, .ofs_x = 1, .ofs_y = -13 },
    { .bitmap_index = 17135, .adv_w = 256, .box_w = 12, .box_h = 13, .ofs_x = 2, .ofs_y = -12 },
    { .bitmap_index = 17213, .adv_w = 256, .box_w = 14, .box_h = 13, .ofs_x = 1, .ofs_y = -12 },
    { .bitmap_index = 17304, .adv_w = 256, .box_w = 16, .box_h = 14, .ofs_x = 0, .ofs_y = -12 },
    { .bitmap_index = 17416, .adv_w = 256, .box_w = 16, .box_h = 15, .ofs_x = 0, .ofs_y = -13 },
    { .bitmap_index = 17536, .adv_w = 256, .box_w = 16, .box_h = 15, .ofs_x = 0, .ofs_y = -13 },
    { .bitmap_index = 17656, .adv_w = 256, .box_w = 14, .box_h = 14, .ofs_x = 1, .ofs_y = -12 },
    { .bitmap_index = 17754, .adv_w = 256, .box_w = 16, .box_h = 14, .ofs_x = 0, .ofs_y = -12 },
    { .bitmap_index = 17866, .adv_w = 256, .box_w = 16, .box_h = 15, .ofs_x = 0, .ofs_y = -13 },
    { .bitmap_index = 17986, .adv_w = 256, .box_w = 14, .box_h = 14, .ofs_x = 1, .ofs_y = -12 },
    { .bitmap_index = 18084, .adv_w = 256, .box_w = 16, .box_h = 14, .ofs_x = 0, .ofs_y = -12 },
    { .bitmap_index = 18196, .adv_w = 256, .box_w = 16, .box_h = 14, .ofs_x = 0, .ofs_y = -12 },
    { .bitmap_index = 18308, .adv_w = 256, .box_w = 16, .box_h = 15, .ofs_x = 0, .ofs_y = -13 },
    { .bitmap_index = 18428, .adv_w = 256, .box_w = 16, .box_h = 14, .ofs_x = 0, .ofs_y = -12 },
    { .bitmap_index = 18540, .adv_w = 256, .box_w = 14, .box_h = 15, .ofs_x = 1, .ofs_y = -13 },
    { .bitmap_index = 18645, .adv_w = 256, .box_w = 16, .box_h = 14, .ofs_x = 0, .ofs_y = -12 },
    { .bitmap_index = 18757, .adv_w = 256, .box_w = 15, .box_h = 14, .ofs_x = 0, .ofs_y = -13 },
    { .bitmap_index = 18862, .adv_w = 256, .box_w = 16, .box_h = 14, .ofs_x = 0, .ofs_y = -12 },
    { .bitmap_index = 18974, .adv_w = 256, .box_w = 16, .box_h = 15, .ofs_x = 0, .ofs_y = -13 },
    { .bitmap_index = 19094, .adv_w = 256, .box_w = 16, .box_h = 14, .ofs_x = 0, .ofs_y = -12 },
    { .bitmap_index = 19206, .adv_w = 256, .box_w = 16, .box_h = 15, .ofs_x = 0, .ofs_y = -13 },
    { .bitmap_index = 19326, .adv_w = 256, .box_w = 14, .box_h = 15, .ofs_x = 1, .ofs_y = -13 },
    { .bitmap_index = 19431, .adv_w = 256, .box_w = 16, .box_h = 15, .ofs_x = 0, .ofs_y = -13 },
    { .bitmap_index = 19551, .adv_w = 256, .box_w = 14, .box_h = 15, .ofs_x = 1, .ofs_y = -13 },
    { .bitmap_index = 19656, .adv_w = 256, .box_w = 14, .box_h = 14, .ofs_x = 1, .ofs_y = -12 },
    { .bitmap_index = 19754, .adv_w = 256, .box_w = 14, .box_h = 15, .ofs_x = 1, .ofs_y = -13 },
    { .bitmap_index = 19859, .adv_w = 256, .box_w = 16, .box_h = 15, .ofs_x = 0, .ofs_y = -13 },
    { .bitmap_index = 19979, .adv_w = 256, .box_w = 14, .box_h = 15, .ofs_x = 1, .ofs_y = -13 },
    { .bitmap_index = 20084, .adv_w = 256, .box_w = 16, .box_h = 15, .ofs_x = 0, .ofs_y = -13 },
    { .bitmap_index = 20204, .adv_w = 256, .box_w = 14, .box_h = 15, .ofs_x = 1, .ofs_y = -13 },
    { .bitmap_index = 20309, .adv_w = 256, .box_w = 14, .box_h = 15, .ofs_x = 1, .ofs_y = -13 },
    { .bitmap_index = 20414, .adv_w = 256, .box_w = 16, .box_h = 14, .ofs_x = 0, .ofs_y = -12 },
    { .bitmap_index = 20526, .adv_w = 256, .box_w = 16, .box_h = 14, .ofs_x = 0, .ofs_y = -13 },
    { .bitmap_index = 20638, .adv_w = 256, .box_w = 16, .box_h = 15, .ofs_x = 0, .ofs_y = -13 },
    { .bitmap_index = 20758, .adv_w = 256, .box_w = 16, .box_h = 15, .ofs_x = 0, .ofs_y = -13 },
    { .bitmap_index = 20878, .adv_w = 256, .box_w = 16, .box_h = 14, .ofs_x = 0, .ofs_y = -12 },
    { .bitmap_index = 20990, .adv_w = 256, .box_w = 16, .box_h = 15, .ofs_x = 0, .ofs_y = -13 },
    { .bitmap_index = 21110, .adv_w = 256, .box_w = 16, .box_h = 14, .ofs_x = 0, .ofs_y = -13 },
    { .bitmap_index = 21222, .adv_w = 256, .box_w = 14, .box_h = 13, .ofs_x = 1, .ofs_y = -12 },
    { .bitmap_index = 21313, .adv_w = 256, .box_w = 16, .box_h = 14, .ofs_x = 0, .ofs_y = -13 },
    { .bitmap_index = 21425, .adv_w = 256, .box_w = 14, .box_h = 14, .ofs_x = 1, .ofs_y = -12 },
    { .bitmap_index = 21523, .adv_w = 256, .box_w = 14, .box_h = 11, .ofs_x = 1, .ofs_y = -11 },
    { .bitmap_index = 21600, .adv_w = 256, .box_w = 16, .box_h = 14, .ofs_x = 0, .ofs_y = -12 },
    { .bitmap_index = 21712, .adv_w = 256, .box_w = 14, .box_h = 14, .ofs_x = 1, .ofs_y = -13 },
    { .bitmap_index = 21810, .adv_w = 256, .box_w = 16, .box_h = 15, .ofs_x = 0, .ofs_y = -13 },
    { .bitmap_index = 21930, .adv_w = 256, .box_w = 16, .box_h = 15, .ofs_x = 0, .ofs_y = -13 },
    { .bitmap_index = 22050, .adv_w = 256, .box_w = 14, .box_h = 15, .ofs_x = 1, .ofs_y = -13 },
    { .bitmap_index = 22155, .adv_w = 256, .box_w = 16, .box_h = 15, .ofs_x = 0, .ofs_y = -13 },
    { .bitmap_index = 22275, .adv_w = 256, .box_w = 16, .box_h = 14, .ofs_x = 0, .ofs_y = -13 },
    { .bitmap_index = 22387, .adv_w = 256, .box_w = 16, .box_h = 15, .ofs_x = 0, .ofs_y = -13 },
    { .bitmap_index = 22507, .adv_w = 256, .box_w = 16, .box_h = 15, .ofs_x = 0, .ofs_y = -13 },
    { .bitmap_index = 22627, .adv_w = 256, .box_w = 16, .box_h = 15, .ofs_x = 0, .ofs_y = -13 },
    { .bitmap_index = 22747, .adv_w = 256, .box_w = 16, .box_h = 14, .ofs_x = 0, .ofs_y = -12 },
    { .bitmap_index = 22859, .adv_w = 256, .box_w = 16, .box_h = 15, .ofs_x = 0, .ofs_y = -13 },
    { .bitmap_index = 22979, .adv_w = 256, .box_w = 15, .box_h = 15, .ofs_x = 0, .ofs_y = -13 },
    { .bitmap_index = 23092, .adv_w = 256, .box_w = 16, .box_h = 14, .ofs_x = 0, .ofs_y = -12 },
    { .bitmap_index = 23204, .adv_w = 256, .box_w = 16, .box_h = 14, .ofs_x = 0, .ofs_y = -13 },
    { .bitmap_index = 23316, .adv_w = 256, .box_w = 15, .box_h = 14, .ofs_x = 0, .ofs_y = -13 },
    { .bitmap_index = 23421, .adv_w = 256, .box_w = 16, .box_h = 15, .ofs_x = 0, .ofs_y = -13 },
    { .bitmap_index = 23541, .adv_w = 256, .box_w = 14, .box_h = 15, .ofs_x = 1, .ofs_y = -13 },
    { .bitmap_index = 23646, .adv_w = 256, .box_w = 16, .box_h = 14, .ofs_x = 0, .ofs_y = -13 },
    { .bitmap_index = 23758, .adv_w = 256, .box_w = 16, .box_h = 15, .ofs_x = 0, .ofs_y = -13 },
    { .bitmap_index = 23878, .adv_w = 256, .box_w = 14, .box_h = 15, .ofs_x = 1, .ofs_y = -13 },
    { .bitmap_index = 23983, .adv_w = 256, .box_w = 16, .box_h = 15, .ofs_x = 0, .ofs_y = -13 },
    { .bitmap_index = 24103, .adv_w = 256, .box_w = 16, .box_h = 15, .ofs_x = 0, .ofs_y = -13 },
    { .bitmap_index = 24223, .adv_w = 256, .box_w = 16, .box_h = 15, .ofs_x = 0, .ofs_y = -13 },
    { .bitmap_index = 24343, .adv_w = 256, .box_w = 16, .box_h = 15, .ofs_x = 0, .ofs_y = -13 },
    { .bitmap_index = 24463, .adv_w = 256, .box_w = 16, .box_h = 15, .ofs_x = 0, .ofs_y = -13 },
    { .bitmap_index = 24583, .adv_w = 256, .box_w = 16, .box_h = 15, .ofs_x = 0, .ofs_y = -13 },
    { .bitmap_index = 24703, .adv_w = 256, .box_w = 16, .box_h = 15, .ofs_x = 0, .ofs_y = -13 },
    { .bitmap_index = 24823, .adv_w = 256, .box_w = 16, .box_h = 15, .ofs_x = 0, .ofs_y = -13 },
    { .bitmap_index = 24943, .adv_w = 256, .box_w = 15, .box_h = 15, .ofs_x = 0, .ofs_y = -13 },
    { .bitmap_index = 25056, .adv_w = 256, .box_w = 16, .box_h = 15, .ofs_x = 0, .ofs_y = -13 },
    { .bitmap_index = 25176, .adv_w = 256, .box_w = 14, .box_h = 15, .ofs_x = 1, .ofs_y = -13 },
    { .bitmap_index = 25281, .adv_w = 256, .box_w = 16, .box_h = 13, .ofs_x = 0, .ofs_y = -12 },
    { .bitmap_index = 25385, .adv_w = 256, .box_w = 16, .box_h = 14, .ofs_x = 0, .ofs_y = -12 },
    { .bitmap_index = 25497, .adv_w = 256, .box_w = 16, .box_h = 14, .ofs_x = 0, .ofs_y = -12 },
    { .bitmap_index = 25609, .adv_w = 256, .box_w = 16, .box_h = 14, .ofs_x = 0, .ofs_y = -12 },
    { .bitmap_index = 25721, .adv_w = 256, .box_w = 16, .box_h = 15, .ofs_x = 0, .ofs_y = -13 },
    { .bitmap_index = 25841, .adv_w = 256, .box_w = 16, .box_h = 15, .ofs_x = 0, .ofs_y = -13 },
    { .bitmap_index = 25961, .adv_w = 256, .box_w = 16, .box_h = 15, .ofs_x = 0, .ofs_y = -13 },
    { .bitmap_index = 26081, .adv_w = 256, .box_w = 16, .box_h = 14, .ofs_x = 0, .ofs_y = -12 },
    { .bitmap_index = 26193, .adv_w = 256, .box_w = 16, .box_h = 15, .ofs_x = 0, .ofs_y = -13 },
    { .bitmap_index = 26313, .adv_w = 256, .box_w = 16, .box_h = 15, .ofs_x = 0, .ofs_y = -13 },
    { .bitmap_index = 26433, .adv_w = 256, .box_w = 16, .box_h = 14, .ofs_x = 0, .ofs_y = -12 },
    { .bitmap_index = 26545, .adv_w = 256, .box_w = 16, .box_h = 14, .ofs_x = 0, .ofs_y = -12 },
    { .bitmap_index = 26657, .adv_w = 256, .box_w = 16, .box_h = 15, .ofs_x = 0, .ofs_y = -13 },
    { .bitmap_index = 26777, .adv_w = 256, .box_w = 16, .box_h = 15, .ofs_x = 0, .ofs_y = -13 },
    { .bitmap_index = 26897, .adv_w = 256, .box_w = 16, .box_h = 14, .ofs_x = 0, .ofs_y = -12 },
    { .bitmap_index = 27009, .adv_w = 256, .box_w = 16, .box_h = 15, .ofs_x = 0, .ofs_y = -13 },
    { .bitmap_index = 27129, .adv_w = 256, .box_w = 16, .box_h = 15, .ofs_x = 0, .ofs_y = -13 },
    { .bitmap_index = 27249, .adv_w = 256, .box_w = 16, .box_h = 15, .ofs_x = 0, .ofs_y = -13 },
    { .bitmap_index = 27369, .adv_w = 256, .box_w = 16, .box_h = 15, .ofs_x = 0, .ofs_y = -13 },
    { .bitmap_index = 27489, .adv_w = 256, .box_w = 16, .box_h = 15, .ofs_x = 0, .ofs_y = -13 },
    { .bitmap_index = 27609, .adv_w = 256, .box_w = 16, .box_h = 15, .ofs_x = 0, .ofs_y = -13 },
    { .bitmap_index = 27729, .adv_w = 256, .box_w = 16, .box_h = 15, .ofs_x = 0, .ofs_y = -13 },
    { .bitmap_index = 27849, .adv_w = 256, .box_w = 16, .box_h = 14, .ofs_x = 0, .ofs_y = -12 },
    { .bitmap_index = 27961, .adv_w = 256, .box_w = 16, .box_h = 15, .ofs_x = 0, .ofs_y = -13 },
    { .bitmap_index = 28081, .adv_w = 256, .box_w = 16, .box_h = 15, .ofs_x = 0, .ofs_y = -13 },
    { .bitmap_index = 28201, .adv_w = 256, .box_w = 16, .box_h = 14, .ofs_x = 0, .ofs_y = -12 },
    { .bitmap_index = 28313, .adv_w = 256, .box_w = 16, .box_h = 15, .ofs_x = 0, .ofs_y = -13 },
    { .bitmap_index = 28433, .adv_w = 256, .box_w = 16, .box_h = 14, .ofs_x = 0, .ofs_y = -12 },
    { .bitmap_index = 28545, .adv_w = 256, .box_w = 14, .box_h = 15, .ofs_x = 1, .ofs_y = -13 },
    { .bitmap_index = 28650, .adv_w = 256, .box_w = 16, .box_h = 16, .ofs_x = 0, .ofs_y = -13 },
    { .bitmap_index = 28778, .adv_w = 256, .box_w = 14, .box_h = 14, .ofs_x = 1, .ofs_y = -12 },
    { .bitmap_index = 28876, .adv_w = 256, .box_w = 16, .box_h = 13, .ofs_x = 0, .ofs_y = -12 },
    { .bitmap_index = 28980, .adv_w = 256, .box_w = 16, .box_h = 15, .ofs_x = 0, .ofs_y = -13 },
    { .bitmap_index = 29100, .adv_w = 256, .box_w = 12, .box_h = 13, .ofs_x = 2, .ofs_y = -12 },
    { .bitmap_index = 29178, .adv_w = 256, .box_w = 14, .box_h = 15, .ofs_x = 1, .ofs_y = -13 },
    { .bitmap_index = 29283, .adv_w = 256, .box_w = 16, .box_h = 13, .ofs_x = 0, .ofs_y = -12 },
    { .bitmap_index = 29387, .adv_w = 256, .box_w = 16, .box_h = 15, .ofs_x = 0, .ofs_y = -13 },
    { .bitmap_index = 29507, .adv_w = 256, .box_w = 16, .box_h = 13, .ofs_x = 0, .ofs_y = -12 },
    { .bitmap_index = 29611, .adv_w = 256, .box_w = 16, .box_h = 15, .ofs_x = 0, .ofs_y = -13 },
    { .bitmap_index = 29731, .adv_w = 256, .box_w = 14, .box_h = 13, .ofs_x = 1, .ofs_y = -12 },
    { .bitmap_index = 29822, .adv_w = 256, .box_w = 16, .box_h = 15, .ofs_x = 0, .ofs_y = -13 },
    { .bitmap_index = 29942, .adv_w = 256, .box_w = 14, .box_h = 15, .ofs_x = 1, .ofs_y = -13 },
    { .bitmap_index = 30047, .adv_w = 256, .box_w = 12, .box_h = 15, .ofs_x = 2, .ofs_y = -13 },
    { .bitmap_index = 30137, .adv_w = 256, .box_w = 16, .box_h = 13, .ofs_x = 0, .ofs_y = -12 },
    { .bitmap_index = 30241, .adv_w = 256, .box_w = 16, .box_h = 14, .ofs_x = 0, .ofs_y = -13 },
    { .bitmap_index = 30353, .adv_w = 256, .box_w = 12, .box_h = 14, .ofs_x = 2, .ofs_y = -13 },
    { .bitmap_index = 30437, .adv_w = 256, .box_w = 16, .box_h = 15, .ofs_x = 0, .ofs_y = -13 },
    { .bitmap_index = 30557, .adv_w = 256, .box_w = 14, .box_h = 15, .ofs_x = 1, .ofs_y = -13 },
    { .bitmap_index = 30662, .adv_w = 256, .box_w = 16, .box_h = 14, .ofs_x = 0, .ofs_y = -12 },
    { .bitmap_index = 30774, .adv_w = 256, .box_w = 16, .box_h = 15, .ofs_x = 0, .ofs_y = -13 },
    { .bitmap_index = 30894, .adv_w = 256, .box_w = 16, .box_h = 15, .ofs_x = 0, .ofs_y = -13 },
    { .bitmap_index = 31014, .adv_w = 256, .box_w = 16, .box_h = 15, .ofs_x = 0, .ofs_y = -13 },
    { .bitmap_index = 31134, .adv_w = 256, .box_w = 16, .box_h = 15, .ofs_x = 0, .ofs_y = -13 },
    { .bitmap_index = 31254, .adv_w = 256, .box_w = 16, .box_h = 15, .ofs_x = 0, .ofs_y = -13 },
    { .bitmap_index = 31374, .adv_w = 256, .box_w = 16, .box_h = 15, .ofs_x = 0, .ofs_y = -13 },
    { .bitmap_index = 31494, .adv_w = 256, .box_w = 14, .box_h = 14, .ofs_x = 1, .ofs_y = -12 },
    { .bitmap_index = 31592, .adv_w = 256, .box_w = 16, .box_h = 15, .ofs_x = 0, .ofs_y = -13 },
    { .bitmap_index = 31712, .adv_w = 256, .box_w = 16, .box_h = 14, .ofs_x = 0, .ofs_y = -12 },
    { .bitmap_index = 31824, .adv_w = 256, .box_w = 16, .box_h = 15, .ofs_x = 0, .ofs_y = -13 },
    { .bitmap_index = 31944, .adv_w = 256, .box_w = 16, .box_h = 15, .ofs_x = 0, .ofs_y = -13 },
    { .bitmap_index = 32064, .adv_w = 256, .box_w = 16, .box_h = 15, .ofs_x = 0, .ofs_y = -13 },
    { .bitmap_index = 32184, .adv_w = 256, .box_w = 16, .box_h = 15, .ofs_x = 0, .ofs_y = -13 },
    { .bitmap_index = 32304, .adv_w = 256, .box_w = 16, .box_h = 15, .ofs_x = 0, .ofs_y = -13 },
    { .bitmap_index = 32424, .adv_w = 256, .box_w = 16, .box_h = 15, .ofs_x = 0, .ofs_y = -13 },
    { .bitmap_index = 32544, .adv_w = 256, .box_w = 16, .box_h = 15, .ofs_x = 0, .ofs_y = -13 },
    { .bitmap_index = 32664, .adv_w = 256, .box_w = 16, .box_h = 14, .ofs_x = 0, .ofs_y = -12 },
    { .bitmap_index = 32776, .adv_w = 256, .box_w = 16, .box_h = 15, .ofs_x = 0, .ofs_y = -13 },
    { .bitmap_index = 32896, .adv_w = 256, .box_w = 16, .box_h = 15, .ofs_x = 0, .ofs_y = -13 },
    { .bitmap_index = 33016, .adv_w = 256, .box_w = 16, .box_h = 15, .ofs_x = 0, .ofs_y = -13 },
    { .bitmap_index = 33136, .adv_w = 256, .box_w = 16, .box_h = 15, .ofs_x = 0, .ofs_y = -13 },
    { .bitmap_index = 33256, .adv_w = 256, .box_w = 16, .box_h = 15, .ofs_x = 0, .ofs_y = -13 },
    { .bitmap_index = 33376, .adv_w = 256, .box_w = 16, .box_h = 14, .ofs_x = 0, .ofs_y = -12 },
    { .bitmap_index = 33488, .adv_w = 256, .box_w = 16, .box_h = 13, .ofs_x = 0, .ofs_y = -11 },
    { .bitmap_index = 33592, .adv_w = 256, .box_w = 16, .box_h = 13, .ofs_x = 0, .ofs_y = -12 },
    { .bitmap_index = 33696, .adv_w = 256, .box_w = 16, .box_h = 14, .ofs_x = 0, .ofs_y = -12 },
    { .bitmap_index = 33808, .adv_w = 256, .box_w = 16, .box_h = 14, .ofs_x = 0, .ofs_y = -12 },
    { .bitmap_index = 33920, .adv_w = 256, .box_w = 16, .box_h = 14, .ofs_x = 0, .ofs_y = -13 },
    { .bitmap_index = 34032, .adv_w = 256, .box_w = 16, .box_h = 14, .ofs_x = 0, .ofs_y = -12 },
    { .bitmap_index = 34144, .adv_w = 256, .box_w = 16, .box_h = 15, .ofs_x = 0, .ofs_y = -13 },
    { .bitmap_index = 34264, .adv_w = 256, .box_w = 14, .box_h = 14, .ofs_x = 1, .ofs_y = -12 },
    { .bitmap_index = 34362, .adv_w = 256, .box_w = 14, .box_h = 14, .ofs_x = 1, .ofs_y = -12 },
    { .bitmap_index = 34460, .adv_w = 256, .box_w = 14, .box_h = 14, .ofs_x = 1, .ofs_y = -13 },
    { .bitmap_index = 34558, .adv_w = 256, .box_w = 16, .box_h = 15, .ofs_x = 0, .ofs_y = -13 },
    { .bitmap_index = 34678, .adv_w = 256, .box_w = 16, .box_h = 14, .ofs_x = 0, .ofs_y = -12 },
    { .bitmap_index = 34790, .adv_w = 256, .box_w = 16, .box_h = 15, .ofs_x = 0, .ofs_y = -13 },
    { .bitmap_index = 34910, .adv_w = 256, .box_w = 15, .box_h = 15, .ofs_x = 1, .ofs_y = -13 },
    { .bitmap_index = 35023, .adv_w = 256, .box_w = 16, .box_h = 14, .ofs_x = 0, .ofs_y = -12 },
    { .bitmap_index = 35135, .adv_w = 256, .box_w = 16, .box_h = 14, .ofs_x = 0, .ofs_y = -13 },
    { .bitmap_index = 35247, .adv_w = 256, .box_w = 14, .box_h = 15, .ofs_x = 1, .ofs_y = -13 },
    { .bitmap_index = 35352, .adv_w = 256, .box_w = 16, .box_h = 14, .ofs_x = 0, .ofs_y = -12 },
    { .bitmap_index = 35464, .adv_w = 256, .box_w = 16, .box_h = 15, .ofs_x = 0, .ofs_y = -13 },
    { .bitmap_index = 35584, .adv_w = 256, .box_w = 16, .box_h = 15, .ofs_x = 0, .ofs_y = -13 },
    { .bitmap_index = 35704, .adv_w = 256, .box_w = 14, .box_h = 15, .ofs_x = 1, .ofs_y = -13 },
    { .bitmap_index = 35809, .adv_w = 256, .box_w = 14, .box_h = 14, .ofs_x = 1, .ofs_y = -12 },
    { .bitmap_index = 35907, .adv_w = 256, .box_w = 16, .box_h = 15, .ofs_x = 0, .ofs_y = -13 },
    { .bitmap_index = 36027, .adv_w = 256, .box_w = 15, .box_h = 14, .ofs_x = 1, .ofs_y = -12 },
    { .bitmap_index = 36132, .adv_w = 256, .box_w = 16, .box_h = 14, .ofs_x = 0, .ofs_y = -12 },
    { .bitmap_index = 36244, .adv_w = 256, .box_w = 16, .box_h = 15, .ofs_x = 0, .ofs_y = -12 },
    { .bitmap_index = 36364, .adv_w = 256, .box_w = 16, .box_h = 15, .ofs_x = 0, .ofs_y = -13 },
    { .bitmap_index = 36484, .adv_w = 256, .box_w = 16, .box_h = 15, .ofs_x = 0, .ofs_y = -13 },
    { .bitmap_index = 36604, .adv_w = 256, .box_w = 14, .box_h = 14, .ofs_x = 1, .ofs_y = -12 },
    { .bitmap_index = 36702, .adv_w = 256, .box_w = 16, .box_h = 13, .ofs_x = 0, .ofs_y = -12 },
    { .bitmap_index = 36806, .adv_w = 256, .box_w = 14, .box_h = 15, .ofs_x = 1, .ofs_y = -13 },
    { .bitmap_index = 36911, .adv_w = 256, .box_w = 16, .box_h = 15, .ofs_x = 0, .ofs_y = -13 },
    { .bitmap_index = 37031, .adv_w = 256, .box_w = 15, .box_h = 14, .ofs_x = 1, .ofs_y = -13 },
    { .bitmap_index = 37136, .adv_w = 256, .box_w = 16, .box_h = 14, .ofs_x = 0, .ofs_y = -12 },
    { .bitmap_index = 37248, .adv_w = 256, .box_w = 16, .box_h = 14, .ofs_x = 0, .ofs_y = -12 },
    { .bitmap_index = 37360, .adv_w = 256, .box_w = 16, .box_h = 15, .ofs_x = 0, .ofs_y = -13 },
    { .bitmap_index = 37480, .adv_w = 256, .box_w = 16, .box_h = 14, .ofs_x = 0, .ofs_y = -13 },
    { .bitmap_index = 37592, .adv_w = 256, .box_w = 16, .box_h = 15, .ofs_x = 0, .ofs_y = -13 },
    { .bitmap_index = 37712, .adv_w = 256, .box_w = 16, .box_h = 14, .ofs_x = 0, .ofs_y = -12 },
    { .bitmap_index = 37824, .adv_w = 256, .box_w = 16, .box_h = 15, .ofs_x = 0, .ofs_y = -13 },
    { .bitmap_index = 37944, .adv_w = 256, .box_w = 16, .box_h = 14, .ofs_x = 0, .ofs_y = -12 },
    { .bitmap_index = 38056, .adv_w = 256, .box_w = 14, .box_h = 14, .ofs_x = 1, .ofs_y = -13 },
    { .bitmap_index = 38154, .adv_w = 256, .box_w = 12, .box_h = 14, .ofs_x = 2, .ofs_y = -12 },
    { .bitmap_index = 38238, .adv_w = 256, .box_w = 14, .box_h = 14, .ofs_x = 1, .ofs_y = -12 },
    { .bitmap_index = 38336, .adv_w = 256, .box_w = 16, .box_h = 14, .ofs_x = 0, .ofs_y = -12 },
    { .bitmap_index = 38448, .adv_w = 256, .box_w = 16, .box_h = 14, .ofs_x = 0, .ofs_y = -12 },
    { .bitmap_index = 38560, .adv_w = 256, .box_w = 12, .box_h = 15, .ofs_x = 2, .ofs_y = -13 },
    { .bitmap_index = 38650, .adv_w = 256, .box_w = 14, .box_h = 14, .ofs_x = 1, .ofs_y = -13 },
    { .bitmap_index = 38748, .adv_w = 256, .box_w = 14, .box_h = 15, .ofs_x = 1, .ofs_y = -13 },
    { .bitmap_index = 38853, .adv_w = 256, .box_w = 12, .box_h = 14, .ofs_x = 2, .ofs_y = -13 },
    { .bitmap_index = 38937, .adv_w = 256, .box_w = 16, .box_h = 14, .ofs_x = 0, .ofs_y = -12 },
    { .bitmap_index = 39049, .adv_w = 256, .box_w = 16, .box_h = 15, .ofs_x = 0, .ofs_y = -13 },
    { .bitmap_index = 39169, .adv_w = 256, .box_w = 14, .box_h = 14, .ofs_x = 1, .ofs_y = -13 },
    { .bitmap_index = 39267, .adv_w = 256, .box_w = 16, .box_h = 14, .ofs_x = 0, .ofs_y = -12 },
    { .bitmap_index = 39379, .adv_w = 256, .box_w = 16, .box_h = 15, .ofs_x = 0, .ofs_y = -13 },
    { .bitmap_index = 39499, .adv_w = 256, .box_w = 16, .box_h = 14, .ofs_x = 0, .ofs_y = -13 },
    { .bitmap_index = 39611, .adv_w = 256, .box_w = 16, .box_h = 15, .ofs_x = 0, .ofs_y = -13 },
    { .bitmap_index = 39731, .adv_w = 256, .box_w = 16, .box_h = 15, .ofs_x = 0, .ofs_y = -13 },
    { .bitmap_index = 39851, .adv_w = 256, .box_w = 16, .box_h = 14, .ofs_x = 0, .ofs_y = -13 },
    { .bitmap_index = 39963, .adv_w = 256, .box_w = 16, .box_h = 15, .ofs_x = 0, .ofs_y = -13 },
    { .bitmap_index = 40083, .adv_w = 256, .box_w = 14, .box_h = 15, .ofs_x = 1, .ofs_y = -13 },
    { .bitmap_index = 40188, .adv_w = 256, .box_w = 16, .box_h = 15, .ofs_x = 0, .ofs_y = -13 },
    { .bitmap_index = 40308, .adv_w = 256, .box_w = 16, .box_h = 14, .ofs_x = 0, .ofs_y = -12 },
    { .bitmap_index = 40420, .adv_w = 256, .box_w = 16, .box_h = 15, .ofs_x = 0, .ofs_y = -13 },
    { .bitmap_index = 40540, .adv_w = 256, .box_w = 16, .box_h = 14, .ofs_x = 0, .ofs_y = -12 },
    { .bitmap_index = 40652, .adv_w = 256, .box_w = 14, .box_h = 13, .ofs_x = 1, .ofs_y = -11 },
    { .bitmap_index = 40743, .adv_w = 256, .box_w = 16, .box_h = 15, .ofs_x = 0, .ofs_y = -13 },
    { .bitmap_index = 40863, .adv_w = 256, .box_w = 16, .box_h = 14, .ofs_x = 0, .ofs_y = -12 },
    { .bitmap_index = 40975, .adv_w = 256, .box_w = 16, .box_h = 15, .ofs_x = 0, .ofs_y = -13 },
    { .bitmap_index = 41095, .adv_w = 256, .box_w = 16, .box_h = 15, .ofs_x = 0, .ofs_y = -13 },
    { .bitmap_index = 41215, .adv_w = 256, .box_w = 16, .box_h = 15, .ofs_x = 0, .ofs_y = -13 },
    { .bitmap_index = 41335, .adv_w = 256, .box_w = 16, .box_h = 15, .ofs_x = 0, .ofs_y = -13 },
    { .bitmap_index = 41455, .adv_w = 256, .box_w = 16, .box_h = 15, .ofs_x = 0, .ofs_y = -13 },
    { .bitmap_index = 41575, .adv_w = 256, .box_w = 14, .box_h = 14, .ofs_x = 1, .ofs_y = -12 },
    { .bitmap_index = 41673, .adv_w = 256, .box_w = 14, .box_h = 15, .ofs_x = 1, .ofs_y = -13 },
    { .bitmap_index = 41778, .adv_w = 256, .box_w = 14, .box_h = 15, .ofs_x = 1, .ofs_y = -13 },
    { .bitmap_index = 41883, .adv_w = 256, .box_w = 16, .box_h = 14, .ofs_x = 0, .ofs_y = -12 },
    { .bitmap_index = 41995, .adv_w = 256, .box_w = 16, .box_h = 14, .ofs_x = 0, .ofs_y = -12 },
    { .bitmap_index = 42107, .adv_w = 256, .box_w = 16, .box_h = 15, .ofs_x = 0, .ofs_y = -13 },
    { .bitmap_index = 42227, .adv_w = 256, .box_w = 16, .box_h = 14, .ofs_x = 0, .ofs_y = -12 },
    { .bitmap_index = 42339, .adv_w = 256, .box_w = 16, .box_h = 15, .ofs_x = 0, .ofs_y = -13 },
    { .bitmap_index = 42459, .adv_w = 256, .box_w = 16, .box_h = 15, .ofs_x = 0, .ofs_y = -13 },
    { .bitmap_index = 42579, .adv_w = 256, .box_w = 16, .box_h = 14, .ofs_x = 0, .ofs_y = -12 },
    { .bitmap_index = 42691, .adv_w = 256, .box_w = 16, .box_h = 15, .ofs_x = 0, .ofs_y = -13 },
    { .bitmap_index = 42811, .adv_w = 256, .box_w = 16, .box_h = 15, .ofs_x = 0, .ofs_y = -13 },
    { .bitmap_index = 42931, .adv_w = 256, .box_w = 16, .box_h = 15, .ofs_x = 0, .ofs_y = -13 },
    { .bitmap_index = 43051, .adv_w = 256, .box_w = 14, .box_h = 14, .ofs_x = 1, .ofs_y = -12 },
    { .bitmap_index = 43149, .adv_w = 256, .box_w = 15, .box_h = 13, .ofs_x = 0, .ofs_y = -12 },
    { .bitmap_index = 43247, .adv_w = 256, .box_w = 16, .box_h = 14, .ofs_x = 0, .ofs_y = -12 },
    { .bitmap_index = 43359, .adv_w = 256, .box_w = 16, .box_h = 14, .ofs_x = 0, .ofs_y = -12 },
    { .bitmap_index = 43471, .adv_w = 256, .box_w = 16, .box_h = 15, .ofs_x = 0, .ofs_y = -13 },
    { .bitmap_index = 43591, .adv_w = 256, .box_w = 16, .box_h = 15, .ofs_x = 0, .ofs_y = -13 },
    { .bitmap_index = 43711, .adv_w = 256, .box_w = 16, .box_h = 15, .ofs_x = 0, .ofs_y = -13 },
    { .bitmap_index = 43831, .adv_w = 256, .box_w = 12, .box_h = 15, .ofs_x = 2, .ofs_y = -13 },
    { .bitmap_index = 43921, .adv_w = 256, .box_w = 16, .box_h = 15, .ofs_x = 0, .ofs_y = -12 },
    { .bitmap_index = 44041, .adv_w = 256, .box_w = 16, .box_h = 15, .ofs_x = 0, .ofs_y = -13 },
    { .bitmap_index = 44161, .adv_w = 256, .box_w = 14, .box_h = 15, .ofs_x = 1, .ofs_y = -13 },
    { .bitmap_index = 44266, .adv_w = 256, .box_w = 16, .box_h = 14, .ofs_x = 0, .ofs_y = -12 },
    { .bitmap_index = 44378, .adv_w = 256, .box_w = 16, .box_h = 15, .ofs_x = 0, .ofs_y = -13 },
    { .bitmap_index = 44498, .adv_w = 256, .box_w = 16, .box_h = 14, .ofs_x = 0, .ofs_y = -12 },
    { .bitmap_index = 44610, .adv_w = 256, .box_w = 16, .box_h = 15, .ofs_x = 0, .ofs_y = -13 },
    { .bitmap_index = 44730, .adv_w = 256, .box_w = 16, .box_h = 14, .ofs_x = 0, .ofs_y = -13 },
    { .bitmap_index = 44842, .adv_w = 256, .box_w = 16, .box_h = 15, .ofs_x = 0, .ofs_y = -13 },
    { .bitmap_index = 44962, .adv_w = 256, .box_w = 16, .box_h = 13, .ofs_x = 0, .ofs_y = -11 },
    { .bitmap_index = 45066, .adv_w = 256, .box_w = 16, .box_h = 15, .ofs_x = 0, .ofs_y = -13 },
    { .bitmap_index = 45186, .adv_w = 256, .box_w = 16, .box_h = 15, .ofs_x = 0, .ofs_y = -13 },
    { .bitmap_index = 45306, .adv_w = 256, .box_w = 16, .box_h = 15, .ofs_x = 0, .ofs_y = -13 },
    { .bitmap_index = 45426, .adv_w = 256, .box_w = 14, .box_h = 14, .ofs_x = 1, .ofs_y = -13 },
    { .bitmap_index = 45524, .adv_w = 256, .box_w = 16, .box_h = 14, .ofs_x = 0, .ofs_y = -13 },
    { .bitmap_index = 45636, .adv_w = 256, .box_w = 16, .box_h = 14, .ofs_x = 0, .ofs_y = -12 },
    { .bitmap_index = 45748, .adv_w = 256, .box_w = 16, .box_h = 14, .ofs_x = 0, .ofs_y = -12 },
    { .bitmap_index = 45860, .adv_w = 256, .box_w = 16, .box_h = 15, .ofs_x = 0, .ofs_y = -13 },
    { .bitmap_index = 45980, .adv_w = 256, .box_w = 16, .box_h = 15, .ofs_x = 0, .ofs_y = -13 },
    { .bitmap_index = 46100, .adv_w = 256, .box_w = 16, .box_h = 15, .ofs_x = 0, .ofs_y = -13 },
    { .bitmap_index = 46220, .adv_w = 256, .box_w = 16, .box_h = 14, .ofs_x = 0, .ofs_y = -12 },
    { .bitmap_index = 46332, .adv_w = 256, .box_w = 16, .box_h = 15, .ofs_x = 0, .ofs_y = -13 },
    { .bitmap_index = 46452, .adv_w = 256, .box_w = 16, .box_h = 14, .ofs_x = 0, .ofs_y = -12 },
    { .bitmap_index = 46564, .adv_w = 256, .box_w = 16, .box_h = 14, .ofs_x = 0, .ofs_y = -12 },
    { .bitmap_index = 46676, .adv_w = 256, .box_w = 16, .box_h = 15, .ofs_x = 0, .ofs_y = -13 },
    { .bitmap_index = 46796, .adv_w = 256, .box_w = 16, .box_h = 15, .ofs_x = 0, .ofs_y = -13 },
    { .bitmap_index = 46916, .adv_w = 256, .box_w = 16, .box_h = 15, .ofs_x = 0, .ofs_y = -13 },
    { .bitmap_index = 47036, .adv_w = 256, .box_w = 16, .box_h = 14, .ofs_x = 0, .ofs_y = -12 },
    { .bitmap_index = 47148, .adv_w = 256, .box_w = 16, .box_h = 15, .ofs_x = 0, .ofs_y = -13 },
    { .bitmap_index = 47268, .adv_w = 256, .box_w = 16, .box_h = 15, .ofs_x = 0, .ofs_y = -13 },
    { .bitmap_index = 47388, .adv_w = 256, .box_w = 14, .box_h = 14, .ofs_x = 1, .ofs_y = -12 },
    { .bitmap_index = 47486, .adv_w = 256, .box_w = 16, .box_h = 15, .ofs_x = 0, .ofs_y = -13 },
    { .bitmap_index = 47606, .adv_w = 256, .box_w = 16, .box_h = 15, .ofs_x = 0, .ofs_y = -13 },
    { .bitmap_index = 47726, .adv_w = 256, .box_w = 16, .box_h = 15, .ofs_x = 0, .ofs_y = -13 },
    { .bitmap_index = 47846, .adv_w = 256, .box_w = 16, .box_h = 13, .ofs_x = 0, .ofs_y = -12 },
    { .bitmap_index = 47950, .adv_w = 256, .box_w = 16, .box_h = 14, .ofs_x = 0, .ofs_y = -12 },
    { .bitmap_index = 48062, .adv_w = 256, .box_w = 16, .box_h = 15, .ofs_x = 0, .ofs_y = -13 },
    { .bitmap_index = 48182, .adv_w = 256, .box_w = 16, .box_h = 15, .ofs_x = 0, .ofs_y = -13 },
    { .bitmap_index = 48302, .adv_w = 256, .box_w = 16, .box_h = 16, .ofs_x = 0, .ofs_y = -13 },
    { .bitmap_index = 48430, .adv_w = 256, .box_w = 16, .box_h = 15, .ofs_x = 0, .ofs_y = -13 },
    { .bitmap_index = 48550, .adv_w = 256, .box_w = 16, .box_h = 15, .ofs_x = 0, .ofs_y = -13 },
    { .bitmap_index = 48670, .adv_w = 256, .box_w = 16, .box_h = 15, .ofs_x = 0, .ofs_y = -13 },
    { .bitmap_index = 48790, .adv_w = 256, .box_w = 16, .box_h = 15, .ofs_x = 0, .ofs_y = -13 },
    { .bitmap_index = 48910, .adv_w = 256, .box_w = 16, .box_h = 15, .ofs_x = 0, .ofs_y = -13 },
    { .bitmap_index = 49030, .adv_w = 256, .box_w = 16, .box_h = 14, .ofs_x = 0, .ofs_y = -12 },
    { .bitmap_index = 49142, .adv_w = 256, .box_w = 16, .box_h = 14, .ofs_x = 0, .ofs_y = -12 },
    { .bitmap_index = 49254, .adv_w = 256, .box_w = 16, .box_h = 14, .ofs_x = 0, .ofs_y = -12 },
    { .bitmap_index = 49366, .adv_w = 256, .box_w = 16, .box_h = 15, .ofs_x = 0, .ofs_y = -13 },
    { .bitmap_index = 49486, .adv_w = 256, .box_w = 16, .box_h = 14, .ofs_x = 0, .ofs_y = -12 },
    { .bitmap_index = 49598, .adv_w = 256, .box_w = 16, .box_h = 15, .ofs_x = 0, .ofs_y = -13 },
    { .bitmap_index = 49718, .adv_w = 256, .box_w = 16, .box_h = 14, .ofs_x = 0, .ofs_y = -12 },
    { .bitmap_index = 49830, .adv_w = 256, .box_w = 16, .box_h = 14, .ofs_x = 0, .ofs_y = -12 },
    { .bitmap_index = 49942, .adv_w = 256, .box_w = 16, .box_h = 15, .ofs_x = 0, .ofs_y = -13 },
    { .bitmap_index = 50062, .adv_w = 256, .box_w = 16, .box_h = 15, .ofs_x = 0, .ofs_y = -13 },
    { .bitmap_index = 50182, .adv_w = 256, .box_w = 16, .box_h = 14, .ofs_x = 0, .ofs_y = -12 },
    { .bitmap_index = 50294, .adv_w = 256, .box_w = 16, .box_h = 14, .ofs_x = 0, .ofs_y = -12 },
    { .bitmap_index = 50406, .adv_w = 256, .box_w = 16, .box_h = 15, .ofs_x = 0, .ofs_y = -13 },
    { .bitmap_index = 50526, .adv_w = 256, .box_w = 16, .box_h = 15, .ofs_x = 0, .ofs_y = -13 },
    { .bitmap_index = 50646, .adv_w = 256, .box_w = 16, .box_h = 14, .ofs_x = 0, .ofs_y = -12 },
    { .bitmap_index = 50758, .adv_w = 256, .box_w = 16, .box_h = 14, .ofs_x = 0, .ofs_y = -12 },
    { .bitmap_index = 50870, .adv_w = 256, .box_w = 16, .box_h = 14, .ofs_x = 0, .ofs_y = -12 },
    { .bitmap_index = 50982, .adv_w = 256, .box_w = 16, .box_h = 15, .ofs_x = 0, .ofs_y = -13 },
    { .bitmap_index = 51102, .adv_w = 256, .box_w = 16, .box_h = 13, .ofs_x = 0, .ofs_y = -12 },
    { .bitmap_index = 51206, .adv_w = 256, .box_w = 16, .box_h = 14, .ofs_x = 0, .ofs_y = -12 },
    { .bitmap_index = 51318, .adv_w = 256, .box_w = 14, .box_h = 14, .ofs_x = 1, .ofs_y = -12 },
    { .bitmap_index = 51416, .adv_w = 256, .box_w = 16, .box_h = 13, .ofs_x = 0, .ofs_y = -12 },
    { .bitmap_index = 51520, .adv_w = 256, .box_w = 16, .box_h = 15, .ofs_x = 0, .ofs_y = -13 },
    { .bitmap_index = 51640, .adv_w = 256, .box_w = 16, .box_h = 15, .ofs_x = 0, .ofs_y = -13 },
    { .bitmap_index = 51760, .adv_w = 256, .box_w = 16, .box_h = 15, .ofs_x = 0, .ofs_y = -13 },
    { .bitmap_index = 51880, .adv_w = 256, .box_w = 16, .box_h = 15, .ofs_x = 0, .ofs_y = -13 },
    { .bitmap_index = 52000, .adv_w = 256, .box_w = 16, .box_h = 14, .ofs_x = 0, .ofs_y = -12 },
    { .bitmap_index = 52112, .adv_w = 256, .box_w = 16, .box_h = 15, .ofs_x = 0, .ofs_y = -13 },
    { .bitmap_index = 52232, .adv_w = 256, .box_w = 16, .box_h = 15, .ofs_x = 0, .ofs_y = -13 },
    { .bitmap_index = 52352, .adv_w = 256, .box_w = 14, .box_h = 14, .ofs_x = 1, .ofs_y = -12 },
    { .bitmap_index = 52450, .adv_w = 256, .box_w = 14, .box_h = 14, .ofs_x = 1, .ofs_y = -12 },
    { .bitmap_index = 52548, .adv_w = 256, .box_w = 14, .box_h = 15, .ofs_x = 1, .ofs_y = -13 },
    { .bitmap_index = 52653, .adv_w = 256, .box_w = 14, .box_h = 15, .ofs_x = 1, .ofs_y = -13 },
    { .bitmap_index = 52758, .adv_w = 256, .box_w = 16, .box_h = 14, .ofs_x = 0, .ofs_y = -13 },
    { .bitmap_index = 52870, .adv_w = 256, .box_w = 14, .box_h = 15, .ofs_x = 1, .ofs_y = -13 },
    { .bitmap_index = 52975, .adv_w = 256, .box_w = 16, .box_h = 15, .ofs_x = 0, .ofs_y = -13 },
    { .bitmap_index = 53095, .adv_w = 256, .box_w = 16, .box_h = 15, .ofs_x = 0, .ofs_y = -13 },
    { .bitmap_index = 53215, .adv_w = 256, .box_w = 15, .box_h = 15, .ofs_x = 0, .ofs_y = -13 },
    { .bitmap_index = 53328, .adv_w = 256, .box_w = 14, .box_h = 15, .ofs_x = 1, .ofs_y = -13 },
    { .bitmap_index = 53433, .adv_w = 256, .box_w = 14, .box_h = 14, .ofs_x = 1, .ofs_y = -13 },
    { .bitmap_index = 53531, .adv_w = 256, .box_w = 16, .box_h = 15, .ofs_x = 0, .ofs_y = -13 },
    { .bitmap_index = 53651, .adv_w = 256, .box_w = 14, .box_h = 14, .ofs_x = 1, .ofs_y = -13 },
    { .bitmap_index = 53749, .adv_w = 256, .box_w = 16, .box_h = 14, .ofs_x = 0, .ofs_y = -13 },
    { .bitmap_index = 53861, .adv_w = 256, .box_w = 16, .box_h = 15, .ofs_x = 0, .ofs_y = -13 },
    { .bitmap_index = 53981, .adv_w = 256, .box_w = 16, .box_h = 15, .ofs_x = 0, .ofs_y = -13 },
    { .bitmap_index = 54101, .adv_w = 256, .box_w = 16, .box_h = 14, .ofs_x = 0, .ofs_y = -13 },
    { .bitmap_index = 54213, .adv_w = 256, .box_w = 16, .box_h = 14, .ofs_x = 0, .ofs_y = -12 },
    { .bitmap_index = 54325, .adv_w = 256, .box_w = 16, .box_h = 14, .ofs_x = 0, .ofs_y = -13 },
    { .bitmap_index = 54437, .adv_w = 256, .box_w = 16, .box_h = 15, .ofs_x = 0, .ofs_y = -13 },
    { .bitmap_index = 54557, .adv_w = 256, .box_w = 16, .box_h = 15, .ofs_x = 0, .ofs_y = -13 },
    { .bitmap_index = 54677, .adv_w = 256, .box_w = 16, .box_h = 15, .ofs_x = 0, .ofs_y = -13 },
    { .bitmap_index = 54797, .adv_w = 256, .box_w = 16, .box_h = 15, .ofs_x = 0, .ofs_y = -13 },
    { .bitmap_index = 54917, .adv_w = 256, .box_w = 14, .box_h = 15, .ofs_x = 1, .ofs_y = -13 },
    { .bitmap_index = 55022, .adv_w = 256, .box_w = 14, .box_h = 15, .ofs_x = 1, .ofs_y = -13 },
    { .bitmap_index = 55127, .adv_w = 256, .box_w = 14, .box_h = 14, .ofs_x = 1, .ofs_y = -13 },
    { .bitmap_index = 55225, .adv_w = 256, .box_w = 16, .box_h = 14, .ofs_x = 0, .ofs_y = -12 },
    { .bitmap_index = 55337, .adv_w = 256, .box_w = 2, .box_h = 4, .ofs_x = 3, .ofs_y = -12 },
};

static const uint16_t lv_font_cn_16_unicode_list[] = { 0x0000, 0x0020, 0x0021, 0x0022, 0x0023, 0x0024, 0x0025, 0x0026, 0x0027, 0x0028, 0x0029, 0x002a, 0x002b, 0x002c, 0x002d, 0x002e, 0x002f, 0x0030, 0x0031, 0x0032, 0x0033, 0x0034, 0x0035, 0x0036, 0x0037, 0x0038, 0x0039, 0x003a, 0x003b, 0x003c, 0x003d, 0x003e, 0x003f, 0x0040, 0x0041, 0x0042, 0x0043, 0x0044, 0x0045, 0x0046, 0x0047, 0x0048, 0x0049, 0x004a, 0x004b, 0x004c, 0x004d, 0x004e, 0x004f, 0x0050, 0x0051, 0x0052, 0x0053, 0x0054, 0x0055, 0x0056, 0x0057, 0x0058, 0x0059, 0x005a, 0x005b, 0x005c, 0x005d, 0x005e, 0x005f, 0x0060, 0x0061, 0x0062, 0x0063, 0x0064, 0x0065, 0x0066, 0x0067, 0x0068, 0x0069, 0x006a, 0x006b, 0x006c, 0x006d, 0x006e, 0x006f, 0x0070, 0x0071, 0x0072, 0x0073, 0x0074, 0x0075, 0x0076, 0x0077, 0x0078, 0x0079, 0x007a, 0x007b, 0x007c, 0x007d, 0x007e, 0x00d7, 0x2014, 0x2026, 0x2191, 0x2192, 0x2193, 0x2196, 0x2197, 0x2198, 0x2199, 0x25b2, 0x25b6, 0x25bc, 0x25c0, 0x26a0, 0x2713, 0x2714, 0x2717, 0x3002, 0x4e00, 0x4e09, 0x4e0a, 0x4e0b, 0x4e0d, 0x4e0e, 0x4e14, 0x4e16, 0x4e1c, 0x4e22, 0x4e25, 0x4e2a, 0x4e2d, 0x4e34, 0x4e3b, 0x4e3e, 0x4e58, 0x4e86, 0x4e8c, 0x4e8e, 0x4e94, 0x4eae, 0x4eba, 0x4ec5, 0x4eca, 0x4ef6, 0x4f11, 0x4f18, 0x4f4d, 0x4f4e, 0x4f53, 0x4f59, 0x4f7f, 0x4f9b, 0x4fdd, 0x4fe1, 0x4fee, 0x503c, 0x504f, 0x505c, 0x50a8, 0x5145, 0x5148, 0x514b, 0x5165, 0x5168, 0x516d, 0x5173, 0x5185, 0x518c, 0x5199, 0x51c6, 0x51cf, 0x51fa, 0x5206, 0x5207, 0x5217, 0x521d, 0x5220, 0x5230, 0x5236, 0x5237, 0x5242, 0x524d, 0x5269, 0x5272, 0x529b, 0x529f, 0x52a0, 0x52a8, 0x52a9, 0x52ff, 0x5316, 0x5317, 0x533a, 0x533b, 0x5347, 0x5348, 0x5355, 0x5357, 0x5361, 0x5373, 0x5382, 0x5386, 0x538b, 0x539f, 0x53c2, 0x53c8, 0x53cc, 0x53cd, 0x53d1, 0x53d6, 0x53d8, 0x53e3, 0x53ea, 0x53ef, 0x53f2, 0x53f3, 0x53f7, 0x5404, 0x5408, 0x540c, 0x540d, 0x540e, 0x5411, 0x542f, 0x544a, 0x5468, 0x5668, 0x56db, 0x56de, 0x56e0, 0x56fa, 0x56fd, 0x56fe, 0x5728, 0x5730, 0x574f, 0x578b, 0x57fa, 0x5835, 0x585e, 0x5904, 0x5907, 0x590d, 0x5916, 0x591a, 0x5927, 0x5929, 0x5931, 0x5934, 0x597d, 0x59cb, 0x5b57, 0x5b58, 0x5b66, 0x5b89, 0x5b8c, 0x5b9a, 0x5b9e, 0x5bb9, 0x5bbd, 0x5bc6, 0x5bf9, 0x5bfc, 0x5c04, 0x5c0f, 0x5c11, 0x5c14, 0x5c3d, 0x5c40, 0x5c4f, 0x5c9b, 0x5de5, 0x5de6, 0x5df2, 0x5e03, 0x5e27, 0x5e38, 0x5e55, 0x5e73, 0x5e74, 0x5e76, 0x5e8f, 0x5e94, 0x5e95, 0x5ea6, 0x5efa, 0x5f00, 0x5f02, 0x5f0f, 0x5f53, 0x5f55, 0x5f85, 0x5fd7, 0x5feb, 0x6001, 0x603b, 0x6062, 0x606f, 0x60c5, 0x6162, 0x6210, 0x6216, 0x622a, 0x6237, 0x624b, 0x624d, 0x6253, 0x62a5, 0x62df, 0x62e9, 0x6307, 0x6309, 0x635f, 0x6362, 0x636e, 0x6392, 0x63a5, 0x63a7, 0x63d0, 0x63e1, 0x641c, 0x6444, 0x6469, 0x6536, 0x6539, 0x653e, 0x6545, 0x6559, 0x6570, 0x6574, 0x6577, 0x6587, 0x65ad, 0x65b0, 0x65b9, 0x65e0, 0x65e2, 0x65e5, 0x65e7, 0x65e9, 0x65f6, 0x661f, 0x6620, 0x663e, 0x665a, 0x6682, 0x66f2, 0x66f4, 0x6700, 0x6708, 0x6709, 0x671f, 0x672a, 0x672c, 0x673a, 0x6746, 0x6761, 0x6765, 0x677f, 0x6784, 0x679a, 0x67e5, 0x6807, 0x680f, 0x6811, 0x6821, 0x683c, 0x6846, 0x6848, 0x6863, 0x68b0, 0x68c0, 0x68c9, 0x6a21, 0x6a2a, 0x6b21, 0x6b62, 0x6b63, 0x6b64, 0x6b65, 0x6b7b, 0x6bb5, 0x6bcf, 0x6bd4, 0x6beb, 0x6c0f, 0x6c14, 0x6c34, 0x6c60, 0x6ce2, 0x6ce8, 0x6cf5, 0x6d3b, 0x6d3e, 0x6d41, 0x6d45, 0x6d4f, 0x6d88, 0x6df1, 0x6e05, 0x6e29, 0x6ee4, 0x6f14, 0x6fc0, 0x7070, 0x7236, 0x7247, 0x7248, 0x7259, 0x7269, 0x72b6, 0x7387, 0x73af, 0x73c0, 0x7406, 0x7425, 0x751f, 0x7528, 0x7531, 0x7535, 0x7597, 0x767b, 0x767d, 0x767e, 0x7684, 0x76ee, 0x76f4, 0x770b, 0x7720, 0x7801, 0x7840, 0x786c, 0x786e, 0x78b3, 0x793a, 0x7981, 0x79bb, 0x79cd, 0x79d2, 0x7a0b, 0x7a33, 0x7acb, 0x7aef, 0x7b14, 0x7b49, 0x7b80, 0x7ba1, 0x7cbe, 0x7cd6, 0x7cfb, 0x7d20, 0x7d22, 0x7ea2, 0x7eaf, 0x7ebf, 0x7ed3, 0x7ed8, 0x7edf, 0x7ee7, 0x7eed, 0x7eff, 0x7f13, 0x7f16, 0x7f6e, 0x8003, 0x80aa, 0x80f0, 0x80f6, 0x8102, 0x81ea, 0x822a, 0x8272, 0x82af, 0x836f, 0x83dc, 0x84dd, 0x85cf, 0x86cb, 0x87ba, 0x8840, 0x884c, 0x8868, 0x88c5, 0x897f, 0x89c1, 0x89c4, 0x89c8, 0x89e3, 0x8b66, 0x8ba1, 0x8ba4, 0x8bae, 0x8bb0, 0x8bba, 0x8bbe, 0x8bc1, 0x8bd5, 0x8be6, 0x8bef, 0x8bfb, 0x8c03, 0x8d1f, 0x8d25, 0x8d34, 0x8db3, 0x8def, 0x8df3, 0x8f68, 0x8f6c, 0x8f7b, 0x8f7d, 0x8f85, 0x8f91, 0x8f93, 0x8fb9, 0x8fc7, 0x8fc8, 0x8fd0, 0x8fd1, 0x8fd4, 0x8fd8, 0x8fdb, 0x8fdc, 0x8fde, 0x9000, 0x9001, 0x9009, 0x901a, 0x901f, 0x903b, 0x9053, 0x90e8, 0x914d, 0x9152, 0x91cd, 0x91cf, 0x9488, 0x949f, 0x94ae, 0x9501, 0x9519, 0x952e, 0x957f, 0x95ed, 0x95ee, 0x95f4, 0x961f, 0x963b, 0x9645, 0x964d, 0x9664, 0x9690, 0x969c, 0x9762, 0x97f3, 0x9875, 0x9876, 0x9879, 0x987a, 0x9884, 0x9898, 0x98ce, 0x9910, 0x9996, 0x9a7b, 0x9a8c, 0x9ad8, 0x9ec4, 0x9ed1, 0x9ed8, 0xff0c };

static const lv_font_fmt_txt_cmap_t lv_font_cn_16_cmap = {
    .range_start = 0,
    .range_length = 65293,
    .glyph_id_start = 0,
    .unicode_list = lv_font_cn_16_unicode_list,
    .glyph_id_ofs_list = NULL,
    .list_length = 568,
    .type = LV_FONT_FMT_TXT_CMAP_SPARSE_TINY,
};

static const lv_font_fmt_txt_dsc_t lv_font_cn_16_dsc = {
    .glyph_bitmap = lv_font_cn_16_glyph_bitmap,
    .glyph_dsc = lv_font_cn_16_glyph_dsc,
    .cmaps = &lv_font_cn_16_cmap,
    .kern_dsc = NULL,
    .kern_scale = 0,
    .cmap_num = 1,
    .bpp = 4,
    .kern_classes = 0,
    .bitmap_format = LV_FONT_FMT_TXT_PLAIN,
    .stride = 0,
};

lv_font_t lv_font_cn_16 = {
    .get_glyph_dsc = lv_font_get_glyph_dsc_fmt_txt,
    .get_glyph_bitmap = lv_font_get_bitmap_fmt_txt,
    .line_height = 17,
    .base_line = 14,
    .subpx = LV_FONT_SUBPX_NONE,
    .underline_position = -1,
    .underline_thickness = 1,
    .dsc = &lv_font_cn_16_dsc,
};
